section,parameter,value,control,seed,config_hash,engine_version,measurement_version,tick,active_population,births,deaths,max_population,active_genotypes,historical_genotypes,active_lineages,lineage_count,genotype_count,mutation_events,max_generation,instructions_executed,faults,blocked_divisions,waiting_for_memory,waiting_for_energy,energy_pool,memory_used,free_memory,energy_balance_error,death_reasons,ledger,result_checksum
control,,,baseline,1,7d6516f717c33885,phase-zero-vm-0.2,phase-one-measurement-0.1,2000,31,22,3,31,1,4,1,3,4,3,2,2313,3,31,31,0,0.0,496,4,-1.02e-08,"{""vm_fault:division_without_complete_copy"": 1, ""vm_fault:invalid_program_address:8"": 2}","{""energy_captured"": 21030.05, ""energy_execution"": 115.65, ""energy_input"": 20000.0, ""energy_maintenance"": 12346.2, ""energy_released_on_death"": 30.05, ""energy_reproduction_cost"": 264.0, ""energy_transferred_to_offspring"": 176.0}",77ce431d1686a9cb43dd503952991a778d28213bfbd5adbe56d8b4820a3a4b02
control,,,baseline,2,e42bf3936a091ecc,phase-zero-vm-0.2,phase-one-measurement-0.1,2000,31,21,2,31,2,4,1,3,4,3,2,2232,2,31,31,0,0.0,496,4,-1.02e-08,"{""vm_fault:division_without_complete_copy"": 2}","{""energy_captured"": 21019.2, ""energy_execution"": 111.6, ""energy_input"": 20000.0, ""energy_maintenance"": 12352.0, ""energy_released_on_death"": 19.2, ""energy_reproduction_cost"": 252.0, ""energy_transferred_to_offspring"": 168.0}",230f21002a38935215882746819995b244746f5629c45bd4ea946b4f777eec87
control,,,baseline,3,0dc1464b063c732c,phase-zero-vm-0.2,phase-one-measurement-0.1,2000,31,20,1,31,1,2,1,1,2,1,2,3462,0,31,31,0,0.0,496,4,-1.02e-08,"{""energy_exhausted_maintenance"": 1}","{""energy_captured"": 21000.0, ""energy_execution"": 173.1, ""energy_input"": 20000.0, ""energy_maintenance"": 12351.8, ""energy_released_on_death"": 0.0, ""energy_reproduction_cost"": 240.0, ""energy_transferred_to_offspring"": 160.0}",5bf01132d9f6f3a1f487fc8339b262a4fab0b84e6fc07ffbb2f15c305cf9e3e2
control,,,baseline,4,6d37390f4cf389c3,phase-zero-vm-0.2,phase-one-measurement-0.1,2000,31,19,0,31,1,1,1,1,1,0,2,2100,0,31,31,0,0.0,496,4,-1.02e-08,{},"{""energy_captured"": 21000.0, ""energy_execution"": 105.0, ""energy_input"": 20000.0, ""energy_maintenance"": 12352.0, ""energy_released_on_death"": 0.0, ""energy_reproduction_cost"": 228.0, ""energy_transferred_to_offspring"": 152.0}",6641978f65152a7e143ab7bb3f1d624330f0164d9a831f8818ea2645bd0824aa
control,,,baseline,5,2f24b36eab269c10,phase-zero-vm-0.2,phase-one-measurement-0.1,2000,31,19,0,31,1,1,1,1,1,0,2,2100,0,31,31,0,0.0,496,4,-1.02e-08,{},"{""energy_captured"": 21000.0, ""energy_execution"": 105.0, ""energy_input"": 20000.0, ""energy_maintenance"": 12352.0, ""energy_released_on_death"": 0.0, ""energy_reproduction_cost"": 228.0, ""energy_transferred_to_offspring"": 152.0}",9d2ea2309aa0a7dcf06cdb3d8d8972ff98286ddb51fed5dc6e3974ce73c28af4
control,,,baseline,6,16a81a341d274537,phase-zero-vm-0.2,phase-one-measurement-0.1,2000,31,20,1,31,1,2,1,1,2,1,2,2149,1,31,31,0,0.0,496,4,-1.02e-08,"{""vm_fault:division_without_complete_copy"": 1}","{""energy_captured"": 21008.45, ""energy_execution"": 107.45, ""energy_input"": 20000.0, ""energy_maintenance"": 12352.0, ""energy_released_on_death"": 8.45, ""energy_reproduction_cost"": 240.0, ""energy_transferred_to_offspring"": 160.0}",b818e075ae67553041d654c3de223ee190a2aa493839f13774c03e44b5c1e710
control,,,baseline,7,36ad6da380056418,phase-zero-vm-0.2,phase-one-measurement-0.1,2000,31,20,1,31,1,2,1,1,2,1,2,2149,1,31,31,0,0.0,496,4,-1.02e-08,"{""vm_fault:division_without_complete_copy"": 1}","{""energy_captured"": 21008.45, ""energy_execution"": 107.45, ""energy_input"": 20000.0, ""energy_maintenance"": 12348.6, ""energy_released_on_death"": 8.45, ""energy_reproduction_cost"": 240.0, ""energy_transferred_to_offspring"": 160.0}",45e89c41fd1413a8af84b8ee9b19b0e7eec8f11e0966277af193ed93fa6217c3
control,,,baseline,8,e06f904adf74a3d2,phase-zero-vm-0.2,phase-one-measurement-0.1,2000,31,20,1,31,3,4,2,3,4,3,2,3157,0,30,30,0,0.0,496,4,-1.02e-08,"{""energy_exhausted_execution"": 1}","{""energy_captured"": 21000.0, ""energy_execution"": 157.65, ""energy_input"": 20000.0, ""energy_maintenance"": 12352.0, ""energy_released_on_death"": 0.0, ""energy_reproduction_cost"": 240.0, ""energy_transferred_to_offspring"": 160.0}",a4b791f7c0893a733268929c91eb581ecdd2dfd10a5b37631c9e450aba208a7e
control,,,baseline,9,1ae1f50134bf085d,phase-zero-vm-0.2,phase-one-measurement-0.1,2000,31,21,2,31,1,3,1,2,3,2,2,3109,1,31,31,0,0.0,496,4,-1.02e-08,"{""energy_exhausted_maintenance"": 1, ""vm_fault:invalid_register:7"": 1}","{""energy_captured"": 21008.55, ""energy_execution"": 155.45, ""energy_input"": 20000.0, ""energy_maintenance"": 12348.4, ""energy_released_on_death"": 8.55, ""energy_reproduction_cost"": 252.0, ""energy_transferred_to_offspring"": 168.0}",332b929fb15610e09b2801596ec7bfa9a3736e53460d3cc4d2a6aecbf74d52c5
control,,,baseline,10,a791c95105f7560e,phase-zero-vm-0.2,phase-one-measurement-0.1,2000,31,20,1,31,1,2,1,1,2,1,2,2142,1,31,31,0,0.0,496,4,-1.02e-08,"{""vm_fault:invalid_register:8"": 1}","{""energy_captured"": 21008.8, ""energy_execution"": 107.1, ""energy_input"": 20000.0, ""energy_maintenance"": 12352.0, ""energy_released_on_death"": 8.8, ""energy_reproduction_cost"": 240.0, ""energy_transferred_to_offspring"": 160.0}",d8d767ae6ef78e057a50efe8c19e3eaaf9d39a822200da62e85b463ca3d8d97f
control,,,baseline,11,0198bf9d5210f796,phase-zero-vm-0.2,phase-one-measurement-0.1,2000,31,19,0,31,1,1,1,1,1,0,2,2100,0,31,31,0,0.0,496,4,-1.02e-08,{},"{""energy_captured"": 21000.0, ""energy_execution"": 105.0, ""energy_input"": 20000.0, ""energy_maintenance"": 12352.0, ""energy_released_on_death"": 0.0, ""energy_reproduction_cost"": 228.0, ""energy_transferred_to_offspring"": 152.0}",62bc4ab9cf65adffd87ad89669b12756076a3bda4333b804f54209d073eda58c
control,,,baseline,12,2e3f6d80a2a8240a,phase-zero-vm-0.2,phase-one-measurement-0.1,2000,31,20,1,31,2,3,1,2,3,2,2,2183,1,31,31,0,0.0,496,4,-1.02e-08,"{""vm_fault:division_without_complete_copy"": 1}","{""energy_captured"": 21010.75, ""energy_execution"": 109.15, ""energy_input"": 20000.0, ""energy_maintenance"": 12349.6, ""energy_released_on_death"": 10.75, ""energy_reproduction_cost"": 240.0, ""energy_transferred_to_offspring"": 160.0}",523d7669427640fdb9ba8d8a2ca36ececc76fe731b9497d66fda54c7b8e58d35
control,,,baseline,13,1e7a16db551e1de5,phase-zero-vm-0.2,phase-one-measurement-0.1,2000,31,23,4,31,1,5,1,4,5,4,2,2343,4,31,31,0,0.0,496,4,-1.02e-08,"{""vm_fault:division_without_complete_copy"": 2, ""vm_fault:instruction_pointer_out_of_bounds:8"": 1, ""vm_fault:invalid_register:8"": 1}","{""energy_captured"": 21037.85, ""energy_execution"": 117.15, ""energy_input"": 20000.0, ""energy_maintenance"": 12342.4, ""energy_released_on_death"": 37.85, ""energy_reproduction_cost"": 276.0, ""energy_transferred_to_offspring"": 184.0}",4ef4da1efc78acf517e30d70996a73d3c18aabbaf40d935de799c8e13d4eabfe
control,,,baseline,14,3b9d67cff39b49a5,phase-zero-vm-0.2,phase-one-measurement-0.1,2000,31,21,2,31,1,3,1,2,3,2,2,2226,2,31,31,0,0.0,496,4,-1.02e-08,"{""vm_fault:instruction_pointer_out_of_bounds:8"": 1, ""vm_fault:invalid_memory_address:8"": 1}","{""energy_captured"": 21019.5, ""energy_execution"": 111.3, ""energy_input"": 20000.0, ""energy_maintenance"": 12346.2, ""energy_released_on_death"": 19.5, ""energy_reproduction_cost"": 252.0, ""energy_transferred_to_offspring"": 168.0}",250ef430f7b1772cb03f33ea1975f68fd45f8f4c657965b3a758dbda6992a271
control,,,baseline,15,3e9b9824608e1ac0,phase-zero-vm-0.2,phase-one-measurement-0.1,2000,31,22,3,31,1,4,1,3,4,3,2,2276,3,31,31,0,0.0,496,4,-1.02e-08,"{""vm_fault:division_without_complete_copy"": 1, ""vm_fault:invalid_program_address:248"": 1, ""vm_fault:invalid_program_address:8"": 1}","{""energy_captured"": 21027.9, ""energy_execution"": 113.8, ""energy_input"": 20000.0, ""energy_maintenance"": 12342.8, ""energy_released_on_death"": 27.9, ""energy_reproduction_cost"": 264.0, ""energy_transferred_to_offspring"": 176.0}",f87379af34c82efed95917bf725ab6672a4381243474bfd1ea984211fc9dd367
control,,,baseline,16,0b819d44294e1c09,phase-zero-vm-0.2,phase-one-measurement-0.1,2000,31,19,0,31,1,1,1,1,1,0,2,2100,0,31,31,0,0.0,496,4,-1.02e-08,{},"{""energy_captured"": 21000.0, ""energy_execution"": 105.0, ""energy_input"": 20000.0, ""energy_maintenance"": 12352.0, ""energy_released_on_death"": 0.0, ""energy_reproduction_cost"": 228.0, ""energy_transferred_to_offspring"": 152.0}",7b5126d968b3b34c6f16afe91d25f7989bc7b06fdf3f335d81d4906cdb316424
control,,,baseline,17,b2f5e47fcced7441,phase-zero-vm-0.2,phase-one-measurement-0.1,2000,31,20,1,31,1,2,1,1,2,1,2,3614,0,31,31,0,0.0,496,4,-1.02e-08,"{""energy_exhausted_execution"": 1}","{""energy_captured"": 21000.0, ""energy_execution"": 180.3, ""energy_input"": 20000.0, ""energy_maintenance"": 12352.0, ""energy_released_on_death"": 0.0, ""energy_reproduction_cost"": 240.0, ""energy_transferred_to_offspring"": 160.0}",937d55afa561a517599e5a665e2c6a9ae28462843656172ae9adb8e9e3cf3246
control,,,baseline,18,00503b7ec207c861,phase-zero-vm-0.2,phase-one-measurement-0.1,2000,31,19,0,31,2,2,1,1,2,1,2,2100,0,30,30,0,0.0,496,4,-1.02e-08,{},"{""energy_captured"": 21000.0, ""energy_execution"": 105.0, ""energy_input"": 20000.0, ""energy_maintenance"": 12352.0, ""energy_released_on_death"": 0.0, ""energy_reproduction_cost"": 228.0, ""energy_transferred_to_offspring"": 152.0}",25cd5755aa3db242986227e2a72f9945856ad43c22dac02d8ca34893644ab883
control,,,baseline,19,4ad7c4ce55fba492,phase-zero-vm-0.2,phase-one-measurement-0.1,2000,31,21,2,31,1,3,1,2,3,2,2,2268,2,31,31,0,0.0,496,4,-1.02e-08,"{""vm_fault:instruction_pointer_out_of_bounds:8"": 1, ""vm_fault:invalid_program_address:8"": 1}","{""energy_captured"": 21021.4, ""energy_execution"": 113.4, ""energy_input"": 20000.0, ""energy_maintenance"": 12349.6, ""energy_released_on_death"": 21.4, ""energy_reproduction_cost"": 252.0, ""energy_transferred_to_offspring"": 168.0}",dcc31d8086a1f48e17054e62dc201f354df689d5a1478ec6f24afb78bb1e260f
control,,,baseline,20,7459e1b194d0a7f9,phase-zero-vm-0.2,phase-one-measurement-0.1,2000,31,22,3,31,1,4,1,3,4,3,2,2280,3,31,31,0,0.0,496,4,-1.02e-08,"{""vm_fault:division_without_complete_copy"": 1, ""vm_fault:invalid_program_address:8"": 1, ""vm_fault:invalid_register:7"": 1}","{""energy_captured"": 21027.7, ""energy_execution"": 114.0, ""energy_input"": 20000.0, ""energy_maintenance"": 12346.2, ""energy_released_on_death"": 27.7, ""energy_reproduction_cost"": 264.0, ""energy_transferred_to_offspring"": 176.0}",e411e80f5b788490d5ca6606e1785e3183be917384af019c6806284e1fa721f7
control,,,baseline,21,6ac916025e145a5d,phase-zero-vm-0.2,phase-one-measurement-0.1,2000,31,20,1,31,1,2,1,1,2,1,2,2149,1,31,31,0,0.0,496,4,-1.02e-08,"{""vm_fault:invalid_program_address:255"": 1}","{""energy_captured"": 21008.45, ""energy_execution"": 107.45, ""energy_input"": 20000.0, ""energy_maintenance"": 12352.0, ""energy_released_on_death"": 8.45, ""energy_reproduction_cost"": 240.0, ""energy_transferred_to_offspring"": 160.0}",96e43f53317c9fa4570f56c4ba013bf722767e6ba32f41850301caf1c85fedd6
control,,,baseline,22,d502fb069a160b2a,phase-zero-vm-0.2,phase-one-measurement-0.1,2000,31,20,1,31,1,2,1,1,2,1,2,2148,1,31,31,0,0.0,496,4,-1.02e-08,"{""vm_fault:division_without_complete_copy"": 1}","{""energy_captured"": 21008.5, ""energy_execution"": 107.4, ""energy_input"": 20000.0, ""energy_maintenance"": 12348.6, ""energy_released_on_death"": 8.5, ""energy_reproduction_cost"": 240.0, ""energy_transferred_to_offspring"": 160.0}",358bb23363dc3fde4d75ec16eb806c8575e53a264fcbeb1e70a99fe0f19c887c
control,,,baseline,23,e4b38c015164d2de,phase-zero-vm-0.2,phase-one-measurement-0.1,2000,31,20,1,31,2,3,2,2,3,2,2,2183,1,31,31,0,0.0,496,4,-1.02e-08,"{""vm_fault:division_without_complete_copy"": 1}","{""energy_captured"": 21010.75, ""energy_execution"": 109.15, ""energy_input"": 20000.0, ""energy_maintenance"": 12349.6, ""energy_released_on_death"": 10.75, ""energy_reproduction_cost"": 240.0, ""energy_transferred_to_offspring"": 160.0}",0d359d45c44e0185928b8c6698c8243128d6bbfcf93ad3483554b889578b5c26
control,,,baseline,24,e00072311fde385a,phase-zero-vm-0.2,phase-one-measurement-0.1,2000,31,21,2,31,1,3,1,2,3,2,2,2233,2,31,31,0,0.0,496,4,-1.02e-08,"{""vm_fault:division_without_complete_copy"": 1, ""vm_fault:invalid_program_address:8"": 1}","{""energy_captured"": 21019.15, ""energy_execution"": 111.65, ""energy_input"": 20000.0, ""energy_maintenance"": 12349.6, ""energy_released_on_death"": 19.15, ""energy_reproduction_cost"": 252.0, ""energy_transferred_to_offspring"": 168.0}",4909f1630b3b2c5f55606b9b3506c220046910cba0043b6717101fbb40e18ff9
control,,,baseline,25,291f1f48f94d9c1a,phase-zero-vm-0.2,phase-one-measurement-0.1,2000,31,20,1,31,1,2,1,1,2,1,2,2184,1,31,31,0,0.0,496,4,-1.02e-08,"{""vm_fault:instruction_pointer_out_of_bounds:8"": 1}","{""energy_captured"": 21010.7, ""energy_execution"": 109.2, ""energy_input"": 20000.0, ""energy_maintenance"": 12352.0, ""energy_released_on_death"": 10.7, ""energy_reproduction_cost"": 240.0, ""energy_transferred_to_offspring"": 160.0}",1a283152693b78c49b29dc7684f6bc6eeb55beb5331111c4f760d714990c3c93
control,,,baseline,26,9c8bcc6c9cf24143,phase-zero-vm-0.2,phase-one-measurement-0.1,2000,31,20,1,31,2,3,2,2,3,2,2,3278,0,30,30,0,0.0,496,4,-1.02e-08,"{""energy_exhausted_execution"": 1}","{""energy_captured"": 21000.0, ""energy_execution"": 163.7, ""energy_input"": 20000.0, ""energy_maintenance"": 12351.8, ""energy_released_on_death"": 0.0, ""energy_reproduction_cost"": 240.0, ""energy_transferred_to_offspring"": 160.0}",539d68810ea9cc4966ae9b0b6a7538f0fbb01b7c0e8bd51b4037519810a6f64d
control,,,baseline,27,08f7a7d4e510f96a,phase-zero-vm-0.2,phase-one-measurement-0.1,2000,31,20,1,31,1,2,1,1,2,1,2,2168,1,31,31,0,0.0,496,4,-1.02e-08,"{""vm_fault:division_without_complete_copy"": 1}","{""energy_captured"": 21009.9, ""energy_execution"": 108.4, ""energy_input"": 20000.0, ""energy_maintenance"": 12349.2, ""energy_released_on_death"": 9.9, ""energy_reproduction_cost"": 240.0, ""energy_transferred_to_offspring"": 160.0}",800e573914a2787cbb0d7c2628c3ff0b9502844febcc074f28776428f0947bcc
control,,,baseline,28,32f27cd4cf9c699d,phase-zero-vm-0.2,phase-one-measurement-0.1,2000,31,20,1,31,1,2,1,1,2,1,2,2181,1,31,31,0,0.0,496,4,-1.02e-08,"{""vm_fault:invalid_program_address:8"": 1}","{""energy_captured"": 21010.05, ""energy_execution"": 109.05, ""energy_input"": 20000.0, ""energy_maintenance"": 12349.4, ""energy_released_on_death"": 10.05, ""energy_reproduction_cost"": 240.0, ""energy_transferred_to_offspring"": 160.0}",37f69143d05aa9dea5f4c8b0ec503881ac43f079730bf1f22542e7d3fef8a475
control,,,baseline,29,a7ca645643b0ee72,phase-zero-vm-0.2,phase-one-measurement-0.1,2000,31,21,2,31,1,3,1,2,3,2,2,2196,2,31,31,0,0.0,496,4,-1.02e-08,"{""vm_fault:division_without_complete_copy"": 1, ""vm_fault:invalid_register:7"": 1}","{""energy_captured"": 21017.0, ""energy_execution"": 109.8, ""energy_input"": 20000.0, ""energy_maintenance"": 12345.2, ""energy_released_on_death"": 17.0, ""energy_reproduction_cost"": 252.0, ""energy_transferred_to_offspring"": 168.0}",cc1c2d7d270776cb609bc07093215b72c6168453f1c91434a8dd3aa7ea2797ee
control,,,baseline,30,c0963953ad59834f,phase-zero-vm-0.2,phase-one-measurement-0.1,2000,31,21,2,31,1,3,1,2,3,2,2,3385,1,31,31,0,0.0,496,4,-1.02e-08,"{""energy_exhausted_maintenance"": 1, ""vm_fault:division_without_complete_copy"": 1}","{""energy_captured"": 21010.75, ""energy_execution"": 169.25, ""energy_input"": 20000.0, ""energy_maintenance"": 12349.4, ""energy_released_on_death"": 10.75, ""energy_reproduction_cost"": 252.0, ""energy_transferred_to_offspring"": 168.0}",8cf8badefee2b3ce61e2a39bc44d59ce93fa7826982c65eb1f92e1bebf374fcd
control,,,mutation_zero,1,49d541894fbb8481,phase-zero-vm-0.2,phase-one-measurement-0.1,2000,31,19,0,31,1,1,1,1,1,0,2,2100,0,31,31,0,0.0,496,4,-1.02e-08,{},"{""energy_captured"": 21000.0, ""energy_execution"": 105.0, ""energy_input"": 20000.0, ""energy_maintenance"": 12352.0, ""energy_released_on_death"": 0.0, ""energy_reproduction_cost"": 228.0, ""energy_transferred_to_offspring"": 152.0}",844c77f006c495107ad9a6eff837b0f2df0d5e3efeb172b198d01d06ed61f8ea
control,,,mutation_zero,2,fb0f3f180a703989,phase-zero-vm-0.2,phase-one-measurement-0.1,2000,31,19,0,31,1,1,1,1,1,0,2,2100,0,31,31,0,0.0,496,4,-1.02e-08,{},"{""energy_captured"": 21000.0, ""energy_execution"": 105.0, ""energy_input"": 20000.0, ""energy_maintenance"": 12352.0, ""energy_released_on_death"": 0.0, ""energy_reproduction_cost"": 228.0, ""energy_transferred_to_offspring"": 152.0}",f020445e1f679c7ddb1228c1466d7d9de06dd85e18092208b9af6699123a2f6f
control,,,mutation_zero,3,c1fe4cd272376015,phase-zero-vm-0.2,phase-one-measurement-0.1,2000,31,19,0,31,1,1,1,1,1,0,2,2100,0,31,31,0,0.0,496,4,-1.02e-08,{},"{""energy_captured"": 21000.0, ""energy_execution"": 105.0, ""energy_input"": 20000.0, ""energy_maintenance"": 12352.0, ""energy_released_on_death"": 0.0, ""energy_reproduction_cost"": 228.0, ""energy_transferred_to_offspring"": 152.0}",54cea424363b81478b02c87e173bb63d84643a1e632306cefb1b4216109fae6a
control,,,mutation_zero,4,81a34c3fd752feca,phase-zero-vm-0.2,phase-one-measurement-0.1,2000,31,19,0,31,1,1,1,1,1,0,2,2100,0,31,31,0,0.0,496,4,-1.02e-08,{},"{""energy_captured"": 21000.0, ""energy_execution"": 105.0, ""energy_input"": 20000.0, ""energy_maintenance"": 12352.0, ""energy_released_on_death"": 0.0, ""energy_reproduction_cost"": 228.0, ""energy_transferred_to_offspring"": 152.0}",070ac4448e61a9f44f3c54794a5804fb4957e21f7e06d67219f86c3b153c659b
control,,,mutation_zero,5,883768d148915787,phase-zero-vm-0.2,phase-one-measurement-0.1,2000,31,19,0,31,1,1,1,1,1,0,2,2100,0,31,31,0,0.0,496,4,-1.02e-08,{},"{""energy_captured"": 21000.0, ""energy_execution"": 105.0, ""energy_input"": 20000.0, ""energy_maintenance"": 12352.0, ""energy_released_on_death"": 0.0, ""energy_reproduction_cost"": 228.0, ""energy_transferred_to_offspring"": 152.0}",3802657bebdde2e9834e2af6d64088211fd16bd023af09937f437934eec0e65b
control,,,mutation_zero,6,2b75217e27c9d169,phase-zero-vm-0.2,phase-one-measurement-0.1,2000,31,19,0,31,1,1,1,1,1,0,2,2100,0,31,31,0,0.0,496,4,-1.02e-08,{},"{""energy_captured"": 21000.0, ""energy_execution"": 105.0, ""energy_input"": 20000.0, ""energy_maintenance"": 12352.0, ""energy_released_on_death"": 0.0, ""energy_reproduction_cost"": 228.0, ""energy_transferred_to_offspring"": 152.0}",71b1094b938e03949405790b3f2166d0760fd84441d49e8039bb34172cfed94b
control,,,mutation_zero,7,1e0d787cb307656d,phase-zero-vm-0.2,phase-one-measurement-0.1,2000,31,19,0,31,1,1,1,1,1,0,2,2100,0,31,31,0,0.0,496,4,-1.02e-08,{},"{""energy_captured"": 21000.0, ""energy_execution"": 105.0, ""energy_input"": 20000.0, ""energy_maintenance"": 12352.0, ""energy_released_on_death"": 0.0, ""energy_reproduction_cost"": 228.0, ""energy_transferred_to_offspring"": 152.0}",8e9997b2b4802b04ba504c24eca16149ae797790519e7aa207919909834dab74
control,,,mutation_zero,8,f31f5bae737a8f4c,phase-zero-vm-0.2,phase-one-measurement-0.1,2000,31,19,0,31,1,1,1,1,1,0,2,2100,0,31,31,0,0.0,496,4,-1.02e-08,{},"{""energy_captured"": 21000.0, ""energy_execution"": 105.0, ""energy_input"": 20000.0, ""energy_maintenance"": 12352.0, ""energy_released_on_death"": 0.0, ""energy_reproduction_cost"": 228.0, ""energy_transferred_to_offspring"": 152.0}",cee32cb50daf86a74600c4588a19bffb17a0711442d1da0745c6be948dfc82f6
control,,,mutation_zero,9,511918fbe09e4be3,phase-zero-vm-0.2,phase-one-measurement-0.1,2000,31,19,0,31,1,1,1,1,1,0,2,2100,0,31,31,0,0.0,496,4,-1.02e-08,{},"{""energy_captured"": 21000.0, ""energy_execution"": 105.0, ""energy_input"": 20000.0, ""energy_maintenance"": 12352.0, ""energy_released_on_death"": 0.0, ""energy_reproduction_cost"": 228.0, ""energy_transferred_to_offspring"": 152.0}",72091edd5c90628a7c42640b27590fcfc560d01ce9b27a09d08348751efc5ed0
control,,,mutation_zero,10,ac092384d2fe00aa,phase-zero-vm-0.2,phase-one-measurement-0.1,2000,31,19,0,31,1,1,1,1,1,0,2,2100,0,31,31,0,0.0,496,4,-1.02e-08,{},"{""energy_captured"": 21000.0, ""energy_execution"": 105.0, ""energy_input"": 20000.0, ""energy_maintenance"": 12352.0, ""energy_released_on_death"": 0.0, ""energy_reproduction_cost"": 228.0, ""energy_transferred_to_offspring"": 152.0}",00fdb46de3d113e242957cbc56465d79656c5481c497fb8772c46bc3bab8235c
control,,,mutation_zero,11,be3cc20b559e72c2,phase-zero-vm-0.2,phase-one-measurement-0.1,2000,31,19,0,31,1,1,1,1,1,0,2,2100,0,31,31,0,0.0,496,4,-1.02e-08,{},"{""energy_captured"": 21000.0, ""energy_execution"": 105.0, ""energy_input"": 20000.0, ""energy_maintenance"": 12352.0, ""energy_released_on_death"": 0.0, ""energy_reproduction_cost"": 228.0, ""energy_transferred_to_offspring"": 152.0}",330792388af852d16be2b7a0aaff4d2de36927d03effeba96353e6410f526361
control,,,mutation_zero,12,c876e667d92c365c,phase-zero-vm-0.2,phase-one-measurement-0.1,2000,31,19,0,31,1,1,1,1,1,0,2,2100,0,31,31,0,0.0,496,4,-1.02e-08,{},"{""energy_captured"": 21000.0, ""energy_execution"": 105.0, ""energy_input"": 20000.0, ""energy_maintenance"": 12352.0, ""energy_released_on_death"": 0.0, ""energy_reproduction_cost"": 228.0, ""energy_transferred_to_offspring"": 152.0}",f0907d8e14d723071474ca1272a1431438e8f46bcd8e58e6628e79df46794bdf
control,,,mutation_zero,13,7ec914a2eba9f712,phase-zero-vm-0.2,phase-one-measurement-0.1,2000,31,19,0,31,1,1,1,1,1,0,2,2100,0,31,31,0,0.0,496,4,-1.02e-08,{},"{""energy_captured"": 21000.0, ""energy_execution"": 105.0, ""energy_input"": 20000.0, ""energy_maintenance"": 12352.0, ""energy_released_on_death"": 0.0, ""energy_reproduction_cost"": 228.0, ""energy_transferred_to_offspring"": 152.0}",2dba35fa2331f4e8428e8909d2aef27c96cec50bed4e5e23895e1f3e0e75f2e0
control,,,mutation_zero,14,5bbb5dad1ee1c143,phase-zero-vm-0.2,phase-one-measurement-0.1,2000,31,19,0,31,1,1,1,1,1,0,2,2100,0,31,31,0,0.0,496,4,-1.02e-08,{},"{""energy_captured"": 21000.0, ""energy_execution"": 105.0, ""energy_input"": 20000.0, ""energy_maintenance"": 12352.0, ""energy_released_on_death"": 0.0, ""energy_reproduction_cost"": 228.0, ""energy_transferred_to_offspring"": 152.0}",8ef892fcc6411924915cf66277059a8abf9a8a929c38bea2b0fedc76490d9587
control,,,mutation_zero,15,189c86c11cda53ba,phase-zero-vm-0.2,phase-one-measurement-0.1,2000,31,19,0,31,1,1,1,1,1,0,2,2100,0,31,31,0,0.0,496,4,-1.02e-08,{},"{""energy_captured"": 21000.0, ""energy_execution"": 105.0, ""energy_input"": 20000.0, ""energy_maintenance"": 12352.0, ""energy_released_on_death"": 0.0, ""energy_reproduction_cost"": 228.0, ""energy_transferred_to_offspring"": 152.0}",366da8eba962424258422196fcf271ff93d7fb6355e3335fbb9488f4086e1f96
control,,,mutation_zero,16,6f53e6b51af1c9bb,phase-zero-vm-0.2,phase-one-measurement-0.1,2000,31,19,0,31,1,1,1,1,1,0,2,2100,0,31,31,0,0.0,496,4,-1.02e-08,{},"{""energy_captured"": 21000.0, ""energy_execution"": 105.0, ""energy_input"": 20000.0, ""energy_maintenance"": 12352.0, ""energy_released_on_death"": 0.0, ""energy_reproduction_cost"": 228.0, ""energy_transferred_to_offspring"": 152.0}",4e57d342a83625b6e53601ded9111f7d6f5df8c7db5e0712a432a054bb7b775c
control,,,mutation_zero,17,9770b51d34c2343e,phase-zero-vm-0.2,phase-one-measurement-0.1,2000,31,19,0,31,1,1,1,1,1,0,2,2100,0,31,31,0,0.0,496,4,-1.02e-08,{},"{""energy_captured"": 21000.0, ""energy_execution"": 105.0, ""energy_input"": 20000.0, ""energy_maintenance"": 12352.0, ""energy_released_on_death"": 0.0, ""energy_reproduction_cost"": 228.0, ""energy_transferred_to_offspring"": 152.0}",f25d69d1e8a99717c9d2b6ea7daef9fd7b120f0c5a76a671a3aff18429c71d64
control,,,mutation_zero,18,db4c2a394d2d279e,phase-zero-vm-0.2,phase-one-measurement-0.1,2000,31,19,0,31,1,1,1,1,1,0,2,2100,0,31,31,0,0.0,496,4,-1.02e-08,{},"{""energy_captured"": 21000.0, ""energy_execution"": 105.0, ""energy_input"": 20000.0, ""energy_maintenance"": 12352.0, ""energy_released_on_death"": 0.0, ""energy_reproduction_cost"": 228.0, ""energy_transferred_to_offspring"": 152.0}",f652950b525963a736ce388b362faef4515f9d8b5f3ad3eca00ad46996c2b9a1
control,,,mutation_zero,19,b71acef4de2ae2c4,phase-zero-vm-0.2,phase-one-measurement-0.1,2000,31,19,0,31,1,1,1,1,1,0,2,2100,0,31,31,0,0.0,496,4,-1.02e-08,{},"{""energy_captured"": 21000.0, ""energy_execution"": 105.0, ""energy_input"": 20000.0, ""energy_maintenance"": 12352.0, ""energy_released_on_death"": 0.0, ""energy_reproduction_cost"": 228.0, ""energy_transferred_to_offspring"": 152.0}",a08acc38428989473a8d0158fbea0c14d830d471600c88e80c323cc0d2c2e7f4
control,,,mutation_zero,20,be036bec64ec3659,phase-zero-vm-0.2,phase-one-measurement-0.1,2000,31,19,0,31,1,1,1,1,1,0,2,2100,0,31,31,0,0.0,496,4,-1.02e-08,{},"{""energy_captured"": 21000.0, ""energy_execution"": 105.0, ""energy_input"": 20000.0, ""energy_maintenance"": 12352.0, ""energy_released_on_death"": 0.0, ""energy_reproduction_cost"": 228.0, ""energy_transferred_to_offspring"": 152.0}",0b953dd6c1e63b59b8a4ce224e458e606e2a528476f91700b8036f7be9a58390
control,,,mutation_zero,21,124856b3bb188d76,phase-zero-vm-0.2,phase-one-measurement-0.1,2000,31,19,0,31,1,1,1,1,1,0,2,2100,0,31,31,0,0.0,496,4,-1.02e-08,{},"{""energy_captured"": 21000.0, ""energy_execution"": 105.0, ""energy_input"": 20000.0, ""energy_maintenance"": 12352.0, ""energy_released_on_death"": 0.0, ""energy_reproduction_cost"": 228.0, ""energy_transferred_to_offspring"": 152.0}",6943b1ecbf5b3da5302410aa1da83cad7cbe16b61b2391959ce888fa58da4185
control,,,mutation_zero,22,eeb92344ec55e8cc,phase-zero-vm-0.2,phase-one-measurement-0.1,2000,31,19,0,31,1,1,1,1,1,0,2,2100,0,31,31,0,0.0,496,4,-1.02e-08,{},"{""energy_captured"": 21000.0, ""energy_execution"": 105.0, ""energy_input"": 20000.0, ""energy_maintenance"": 12352.0, ""energy_released_on_death"": 0.0, ""energy_reproduction_cost"": 228.0, ""energy_transferred_to_offspring"": 152.0}",a25ff95ca18da5797e49524a8254397fd8c3430cf2ffecc8fbdc7c25721bf900
control,,,mutation_zero,23,2f01f04de7d49b37,phase-zero-vm-0.2,phase-one-measurement-0.1,2000,31,19,0,31,1,1,1,1,1,0,2,2100,0,31,31,0,0.0,496,4,-1.02e-08,{},"{""energy_captured"": 21000.0, ""energy_execution"": 105.0, ""energy_input"": 20000.0, ""energy_maintenance"": 12352.0, ""energy_released_on_death"": 0.0, ""energy_reproduction_cost"": 228.0, ""energy_transferred_to_offspring"": 152.0}",03dc7228ee625330132e78c53c80dc77a26202276bac22b47cb0fce0af8f08ba
control,,,mutation_zero,24,2bac54c4d00601b9,phase-zero-vm-0.2,phase-one-measurement-0.1,2000,31,19,0,31,1,1,1,1,1,0,2,2100,0,31,31,0,0.0,496,4,-1.02e-08,{},"{""energy_captured"": 21000.0, ""energy_execution"": 105.0, ""energy_input"": 20000.0, ""energy_maintenance"": 12352.0, ""energy_released_on_death"": 0.0, ""energy_reproduction_cost"": 228.0, ""energy_transferred_to_offspring"": 152.0}",56f36fced55c40cee3f133e9b1bbcd08dcfb00367909c147b6f3cb50bd34d750
control,,,mutation_zero,25,01acc491a18cd8e9,phase-zero-vm-0.2,phase-one-measurement-0.1,2000,31,19,0,31,1,1,1,1,1,0,2,2100,0,31,31,0,0.0,496,4,-1.02e-08,{},"{""energy_captured"": 21000.0, ""energy_execution"": 105.0, ""energy_input"": 20000.0, ""energy_maintenance"": 12352.0, ""energy_released_on_death"": 0.0, ""energy_reproduction_cost"": 228.0, ""energy_transferred_to_offspring"": 152.0}",9746afb2f25e0e9fc597678dcd0cbeeb87c9e11050ece09fe451c6bbf36cb55f
control,,,mutation_zero,26,164601aa3996dfbd,phase-zero-vm-0.2,phase-one-measurement-0.1,2000,31,19,0,31,1,1,1,1,1,0,2,2100,0,31,31,0,0.0,496,4,-1.02e-08,{},"{""energy_captured"": 21000.0, ""energy_execution"": 105.0, ""energy_input"": 20000.0, ""energy_maintenance"": 12352.0, ""energy_released_on_death"": 0.0, ""energy_reproduction_cost"": 228.0, ""energy_transferred_to_offspring"": 152.0}",b2b8124fc05c6ce9635c8e0d24d7d8d2b1ca6a6aae3456a2efe8c5e374627c24
control,,,mutation_zero,27,0fc5d59c3bdff0c0,phase-zero-vm-0.2,phase-one-measurement-0.1,2000,31,19,0,31,1,1,1,1,1,0,2,2100,0,31,31,0,0.0,496,4,-1.02e-08,{},"{""energy_captured"": 21000.0, ""energy_execution"": 105.0, ""energy_input"": 20000.0, ""energy_maintenance"": 12352.0, ""energy_released_on_death"": 0.0, ""energy_reproduction_cost"": 228.0, ""energy_transferred_to_offspring"": 152.0}",75c4f224b4d668bdb498e2b5c68abbcb4e16892e9fc1fdd98121956cf1b6cbac
control,,,mutation_zero,28,7d55703799b8961d,phase-zero-vm-0.2,phase-one-measurement-0.1,2000,31,19,0,31,1,1,1,1,1,0,2,2100,0,31,31,0,0.0,496,4,-1.02e-08,{},"{""energy_captured"": 21000.0, ""energy_execution"": 105.0, ""energy_input"": 20000.0, ""energy_maintenance"": 12352.0, ""energy_released_on_death"": 0.0, ""energy_reproduction_cost"": 228.0, ""energy_transferred_to_offspring"": 152.0}",cfebdbd06f1aedc4ea00b2297d3a979b07f50872fa18523d0cac89b98e0aa91a
control,,,mutation_zero,29,2c566095242b2a3e,phase-zero-vm-0.2,phase-one-measurement-0.1,2000,31,19,0,31,1,1,1,1,1,0,2,2100,0,31,31,0,0.0,496,4,-1.02e-08,{},"{""energy_captured"": 21000.0, ""energy_execution"": 105.0, ""energy_input"": 20000.0, ""energy_maintenance"": 12352.0, ""energy_released_on_death"": 0.0, ""energy_reproduction_cost"": 228.0, ""energy_transferred_to_offspring"": 152.0}",d3d1ad80f6c2c1a9fa6e76726961abdba8dd329e5c2152ffc8fecab2a1e53042
control,,,mutation_zero,30,fec98f9e6a7ef3e7,phase-zero-vm-0.2,phase-one-measurement-0.1,2000,31,19,0,31,1,1,1,1,1,0,2,2100,0,31,31,0,0.0,496,4,-1.02e-08,{},"{""energy_captured"": 21000.0, ""energy_execution"": 105.0, ""energy_input"": 20000.0, ""energy_maintenance"": 12352.0, ""energy_released_on_death"": 0.0, ""energy_reproduction_cost"": 228.0, ""energy_transferred_to_offspring"": 152.0}",a8fb5f8401ef80940b1421d3ec66a5dad1a4d1c5dcab245af976892aed98df95
control,,,abundant_energy,1,959ac122cc32e125,phase-zero-vm-0.2,phase-one-measurement-0.1,2000,31,22,3,31,1,4,1,3,4,3,2,2313,3,31,31,0,1939299.05,496,4,-8.1e-09,"{""vm_fault:division_without_complete_copy"": 1, ""vm_fault:invalid_program_address:8"": 2}","{""energy_captured"": 61731.0, ""energy_execution"": 115.65, ""energy_input"": 2000000.0, ""energy_maintenance"": 12346.2, ""energy_released_on_death"": 30.05, ""energy_reproduction_cost"": 264.0, ""energy_transferred_to_offspring"": 176.0}",249f6a660c9f1eecf3fb3b36790010641b8df627baf565b202be97ce687e180b
control,,,abundant_energy,2,a9641253a62fcec4,phase-zero-vm-0.2,phase-one-measurement-0.1,2000,31,21,2,31,2,4,1,3,4,3,2,2232,2,31,31,0,1939259.2,496,4,-8.1e-09,"{""vm_fault:division_without_complete_copy"": 2}","{""energy_captured"": 61760.0, ""energy_execution"": 111.6, ""energy_input"": 2000000.0, ""energy_maintenance"": 12352.0, ""energy_released_on_death"": 19.2, ""energy_reproduction_cost"": 252.0, ""energy_transferred_to_offspring"": 168.0}",315afd9c0db05ef9aa20fcf26b478d86151c3203b1bcd05407bdfafd0154db45
control,,,abundant_energy,3,57559422aaf175d9,phase-zero-vm-0.2,phase-one-measurement-0.1,2000,31,19,0,31,2,2,1,1,2,1,2,18010,0,30,30,0,1939240.0,496,4,-8.1e-09,{},"{""energy_captured"": 61760.0, ""energy_execution"": 900.5, ""energy_input"": 2000000.0, ""energy_maintenance"": 12352.0, ""energy_released_on_death"": 0.0, ""energy_reproduction_cost"": 228.0, ""energy_transferred_to_offspring"": 152.0}",1b81af652050ef223b1e260a638ad44d54851135e45cca091cd20acd42df4536
control,,,abundant_energy,4,85ff8f4577d6dd48,phase-zero-vm-0.2,phase-one-measurement-0.1,2000,31,19,0,31,1,1,1,1,1,0,2,2100,0,31,31,0,1939240.0,496,4,-7.9e-09,{},"{""energy_captured"": 61760.0, ""energy_execution"": 105.0, ""energy_input"": 2000000.0, ""energy_maintenance"": 12352.0, ""energy_released_on_death"": 0.0, ""energy_reproduction_cost"": 228.0, ""energy_transferred_to_offspring"": 152.0}",36f7d8f2222cfd3c0593c434f6720cbca44d307b9709d8cee93a381994a4eead
control,,,abundant_energy,5,7c1351be2acb139f,phase-zero-vm-0.2,phase-one-measurement-0.1,2000,31,19,0,31,1,1,1,1,1,0,2,2100,0,31,31,0,1939240.0,496,4,-7.9e-09,{},"{""energy_captured"": 61760.0, ""energy_execution"": 105.0, ""energy_input"": 2000000.0, ""energy_maintenance"": 12352.0, ""energy_released_on_death"": 0.0, ""energy_reproduction_cost"": 228.0, ""energy_transferred_to_offspring"": 152.0}",37aec58cb57526ad36929a630c2259bf63a52bf3f745b43b7e3d4556b82bbcf9
control,,,abundant_energy,6,c2a2e19592f51022,phase-zero-vm-0.2,phase-one-measurement-0.1,2000,31,20,1,31,1,2,1,1,2,1,2,2149,1,31,31,0,1939248.45,496,4,-8.1e-09,"{""vm_fault:division_without_complete_copy"": 1}","{""energy_captured"": 61760.0, ""energy_execution"": 107.45, ""energy_input"": 2000000.0, ""energy_maintenance"": 12352.0, ""energy_released_on_death"": 8.45, ""energy_reproduction_cost"": 240.0, ""energy_transferred_to_offspring"": 160.0}",cc08d2dba8330b6d1741a468cb8e7a67aaae0097ef032de99c97ed19f5e713e5
control,,,abundant_energy,7,19a77dc06f958bf3,phase-zero-vm-0.2,phase-one-measurement-0.1,2000,31,20,1,31,1,2,1,1,2,1,2,2149,1,31,31,0,1939265.45,496,4,-8.1e-09,"{""vm_fault:division_without_complete_copy"": 1}","{""energy_captured"": 61743.0, ""energy_execution"": 107.45, ""energy_input"": 2000000.0, ""energy_maintenance"": 12348.6, ""energy_released_on_death"": 8.45, ""energy_reproduction_cost"": 240.0, ""energy_transferred_to_offspring"": 160.0}",16ff62af6b12cd0bc9a8b86470b10f379c3d468e96b4a1e1d72de818af2ac0dc
control,,,abundant_energy,8,211358994e786a37,phase-zero-vm-0.2,phase-one-measurement-0.1,2000,31,19,0,31,3,3,2,2,3,2,2,18010,0,30,30,0,1939240.0,496,4,-8.1e-09,{},"{""energy_captured"": 61760.0, ""energy_execution"": 900.5, ""energy_input"": 2000000.0, ""energy_maintenance"": 12352.0, ""energy_released_on_death"": 0.0, ""energy_reproduction_cost"": 228.0, ""energy_transferred_to_offspring"": 152.0}",4ccf40c79b39832e84f35730ce8e45488ae68eb5eaf3d9d6f23c32fe6be3c1e4
control,,,abundant_energy,9,abff1ecce3c9b969,phase-zero-vm-0.2,phase-one-measurement-0.1,2000,31,20,1,31,2,3,2,2,3,2,2,17913,1,30,30,0,1939265.55,496,4,-8.1e-09,"{""vm_fault:invalid_register:7"": 1}","{""energy_captured"": 61743.0, ""energy_execution"": 895.65, ""energy_input"": 2000000.0, ""energy_maintenance"": 12348.6, ""energy_released_on_death"": 8.55, ""energy_reproduction_cost"": 240.0, ""energy_transferred_to_offspring"": 160.0}",3e3f87c016fa880eba15da36d97034ab9b81ccda4562e23755701ecce2aaf636
control,,,abundant_energy,10,710511a87b57c9ce,phase-zero-vm-0.2,phase-one-measurement-0.1,2000,31,20,1,31,1,2,1,1,2,1,2,2142,1,31,31,0,1939248.8,496,4,-8.1e-09,"{""vm_fault:invalid_register:8"": 1}","{""energy_captured"": 61760.0, ""energy_execution"": 107.1, ""energy_input"": 2000000.0, ""energy_maintenance"": 12352.0, ""energy_released_on_death"": 8.8, ""energy_reproduction_cost"": 240.0, ""energy_transferred_to_offspring"": 160.0}",c2aa7b8dc43643f2ed4229ccd0bd478e36d433dde860d2b24c3d238d8e139b95
control,,,abundant_energy,11,296b96d6b950e728,phase-zero-vm-0.2,phase-one-measurement-0.1,2000,31,19,0,31,1,1,1,1,1,0,2,2100,0,31,31,0,1939240.0,496,4,-7.9e-09,{},"{""energy_captured"": 61760.0, ""energy_execution"": 105.0, ""energy_input"": 2000000.0, ""energy_maintenance"": 12352.0, ""energy_released_on_death"": 0.0, ""energy_reproduction_cost"": 228.0, ""energy_transferred_to_offspring"": 152.0}",c977a09e67d109a7cea979a83b650269517f44a046fe51486a2e8bf0e729a73e
control,,,abundant_energy,12,a6f53e567e2c0c02,phase-zero-vm-0.2,phase-one-measurement-0.1,2000,31,20,1,31,2,3,1,2,3,2,2,2183,1,31,31,0,1939262.75,496,4,-7.9e-09,"{""vm_fault:division_without_complete_copy"": 1}","{""energy_captured"": 61748.0, ""energy_execution"": 109.15, ""energy_input"": 2000000.0, ""energy_maintenance"": 12349.6, ""energy_released_on_death"": 10.75, ""energy_reproduction_cost"": 240.0, ""energy_transferred_to_offspring"": 160.0}",512f40e062d7e5becf0fc817c0b5a0a6501234dd17144af51d41071041384776
control,,,abundant_energy,13,e847a47f09d09aa0,phase-zero-vm-0.2,phase-one-measurement-0.1,2000,31,23,4,31,1,5,1,4,5,4,2,2343,4,31,31,0,1939325.85,496,4,-8.1e-09,"{""vm_fault:division_without_complete_copy"": 2, ""vm_fault:instruction_pointer_out_of_bounds:8"": 1, ""vm_fault:invalid_register:8"": 1}","{""energy_captured"": 61712.0, ""energy_execution"": 117.15, ""energy_input"": 2000000.0, ""energy_maintenance"": 12342.4, ""energy_released_on_death"": 37.85, ""energy_reproduction_cost"": 276.0, ""energy_transferred_to_offspring"": 184.0}",d09363d60a785a22bdeb6756eecb274c0cc13366e0d9172c1fd8fe2e28b49b81
control,,,abundant_energy,14,fab25da77c39e184,phase-zero-vm-0.2,phase-one-measurement-0.1,2000,31,21,2,31,1,3,1,2,3,2,2,2226,2,31,31,0,1939288.5,496,4,-8.1e-09,"{""vm_fault:instruction_pointer_out_of_bounds:8"": 1, ""vm_fault:invalid_memory_address:8"": 1}","{""energy_captured"": 61731.0, ""energy_execution"": 111.3, ""energy_input"": 2000000.0, ""energy_maintenance"": 12346.2, ""energy_released_on_death"": 19.5, ""energy_reproduction_cost"": 252.0, ""energy_transferred_to_offspring"": 168.0}",956ec4a72c84ec9e9b7f12dcc4f7505ac271e501ea0ffcba5e327dbb20c8d26f
control,,,abundant_energy,15,30413ef3652dac66,phase-zero-vm-0.2,phase-one-measurement-0.1,2000,31,22,3,31,1,4,1,3,4,3,2,2276,3,31,31,0,1939313.9,496,4,-8.1e-09,"{""vm_fault:division_without_complete_copy"": 1, ""vm_fault:invalid_program_address:248"": 1, ""vm_fault:invalid_program_address:8"": 1}","{""energy_captured"": 61714.0, ""energy_execution"": 113.8, ""energy_input"": 2000000.0, ""energy_maintenance"": 12342.8, ""energy_released_on_death"": 27.9, ""energy_reproduction_cost"": 264.0, ""energy_transferred_to_offspring"": 176.0}",60874e6dbce4f5ae9a521afa5024cd8e6fcbcccc02db788993ae559e2fa5d682
control,,,abundant_energy,16,2767bf2ac2d53976,phase-zero-vm-0.2,phase-one-measurement-0.1,2000,31,19,0,31,1,1,1,1,1,0,2,2100,0,31,31,0,1939240.0,496,4,-7.9e-09,{},"{""energy_captured"": 61760.0, ""energy_execution"": 105.0, ""energy_input"": 2000000.0, ""energy_maintenance"": 12352.0, ""energy_released_on_death"": 0.0, ""energy_reproduction_cost"": 228.0, ""energy_transferred_to_offspring"": 152.0}",b4a75f5e599c761febfb6c76fbd684f37d322ae0cd9a45f913fbf18a5acd2fe9
control,,,abundant_energy,17,5313e96148f9948e,phase-zero-vm-0.2,phase-one-measurement-0.1,2000,31,19,0,31,2,2,1,1,2,1,2,18010,0,30,30,0,1939240.0,496,4,-8.1e-09,{},"{""energy_captured"": 61760.0, ""energy_execution"": 900.5, ""energy_input"": 2000000.0, ""energy_maintenance"": 12352.0, ""energy_released_on_death"": 0.0, ""energy_reproduction_cost"": 228.0, ""energy_transferred_to_offspring"": 152.0}",2896d33850a5126bfae7eb3d168464a2f59c9d5f894e9b75dfeee2e04871e90f
control,,,abundant_energy,18,ffa46878bc8e315d,phase-zero-vm-0.2,phase-one-measurement-0.1,2000,31,19,0,31,2,2,1,1,2,1,2,2100,0,30,30,0,1939240.0,496,4,-7.9e-09,{},"{""energy_captured"": 61760.0, ""energy_execution"": 105.0, ""energy_input"": 2000000.0, ""energy_maintenance"": 12352.0, ""energy_released_on_death"": 0.0, ""energy_reproduction_cost"": 228.0, ""energy_transferred_to_offspring"": 152.0}",4466aaea6655b857dae9cba3f2816949888f97ed71f68c8e0de60219fa9b2e9c
control,,,abundant_energy,19,1daf227950e17e52,phase-zero-vm-0.2,phase-one-measurement-0.1,2000,31,21,2,31,1,3,1,2,3,2,2,2268,2,31,31,0,1939273.4,496,4,-7.9e-09,"{""vm_fault:instruction_pointer_out_of_bounds:8"": 1, ""vm_fault:invalid_program_address:8"": 1}","{""energy_captured"": 61748.0, ""energy_execution"": 113.4, ""energy_input"": 2000000.0, ""energy_maintenance"": 12349.6, ""energy_released_on_death"": 21.4, ""energy_reproduction_cost"": 252.0, ""energy_transferred_to_offspring"": 168.0}",2b2518f6cca873c36a21d254bdd2e3b4ac4d4a7340897ca20a9073d57c322ba4
control,,,abundant_energy,20,71fe35fcce84c333,phase-zero-vm-0.2,phase-one-measurement-0.1,2000,31,22,3,31,1,4,1,3,4,3,2,2280,3,31,31,0,1939296.7,496,4,-8.1e-09,"{""vm_fault:division_without_complete_copy"": 1, ""vm_fault:invalid_program_address:8"": 1, ""vm_fault:invalid_register:7"": 1}","{""energy_captured"": 61731.0, ""energy_execution"": 114.0, ""energy_input"": 2000000.0, ""energy_maintenance"": 12346.2, ""energy_released_on_death"": 27.7, ""energy_reproduction_cost"": 264.0, ""energy_transferred_to_offspring"": 176.0}",1e08a856697f43840da3e237889ebc0a53b0b3354ba9214e2fbb27f819c9e21a
control,,,abundant_energy,21,5731e2cd72a24f5a,phase-zero-vm-0.2,phase-one-measurement-0.1,2000,31,20,1,31,1,2,1,1,2,1,2,2149,1,31,31,0,1939248.45,496,4,-8.1e-09,"{""vm_fault:invalid_program_address:255"": 1}","{""energy_captured"": 61760.0, ""energy_execution"": 107.45, ""energy_input"": 2000000.0, ""energy_maintenance"": 12352.0, ""energy_released_on_death"": 8.45, ""energy_reproduction_cost"": 240.0, ""energy_transferred_to_offspring"": 160.0}",d0762937556cefebcd1ef0b29ff58cded2bfccde597f1d9791b822a246caf9a0
control,,,abundant_energy,22,bbfbc18c29986739,phase-zero-vm-0.2,phase-one-measurement-0.1,2000,31,20,1,31,1,2,1,1,2,1,2,2148,1,31,31,0,1939265.5,496,4,-7.9e-09,"{""vm_fault:division_without_complete_copy"": 1}","{""energy_captured"": 61743.0, ""energy_execution"": 107.4, ""energy_input"": 2000000.0, ""energy_maintenance"": 12348.6, ""energy_released_on_death"": 8.5, ""energy_reproduction_cost"": 240.0, ""energy_transferred_to_offspring"": 160.0}",7726d9a23673ddb253de2189ac12163936b59cd82cbf2aabed5df84da7bdcf7e
control,,,abundant_energy,23,a94e5a38a19ded4d,phase-zero-vm-0.2,phase-one-measurement-0.1,2000,31,20,1,31,2,3,2,2,3,2,2,2183,1,31,31,0,1939262.75,496,4,-7.9e-09,"{""vm_fault:division_without_complete_copy"": 1}","{""energy_captured"": 61748.0, ""energy_execution"": 109.15, ""energy_input"": 2000000.0, ""energy_maintenance"": 12349.6, ""energy_released_on_death"": 10.75, ""energy_reproduction_cost"": 240.0, ""energy_transferred_to_offspring"": 160.0}",33218c2a1700ebaa0fb84320f6e27be28b76f469269d0270ec76bc2950cad6c8
control,,,abundant_energy,24,6c3f32cbe772171d,phase-zero-vm-0.2,phase-one-measurement-0.1,2000,31,21,2,31,1,3,1,2,3,2,2,2233,2,31,31,0,1939271.15,496,4,-7.9e-09,"{""vm_fault:division_without_complete_copy"": 1, ""vm_fault:invalid_program_address:8"": 1}","{""energy_captured"": 61748.0, ""energy_execution"": 111.65, ""energy_input"": 2000000.0, ""energy_maintenance"": 12349.6, ""energy_released_on_death"": 19.15, ""energy_reproduction_cost"": 252.0, ""energy_transferred_to_offspring"": 168.0}",1f63427a4df10084fa172d373dd634982fdee069de31a41024c6f6ea00d57a2a
control,,,abundant_energy,25,4121163d9bc9b505,phase-zero-vm-0.2,phase-one-measurement-0.1,2000,31,20,1,31,1,2,1,1,2,1,2,2184,1,31,31,0,1939250.7,496,4,-8.1e-09,"{""vm_fault:instruction_pointer_out_of_bounds:8"": 1}","{""energy_captured"": 61760.0, ""energy_execution"": 109.2, ""energy_input"": 2000000.0, ""energy_maintenance"": 12352.0, ""energy_released_on_death"": 10.7, ""energy_reproduction_cost"": 240.0, ""energy_transferred_to_offspring"": 160.0}",26aa2bfe703e4877e4106dc64abaeb39a38116a3d6b737a760bd0cf532ded17a
control,,,abundant_energy,26,d9fdf293392b4eab,phase-zero-vm-0.2,phase-one-measurement-0.1,2000,31,19,0,31,3,3,2,2,3,2,2,17970,0,29,29,0,1939240.0,496,4,-8.1e-09,{},"{""energy_captured"": 61760.0, ""energy_execution"": 898.5, ""energy_input"": 2000000.0, ""energy_maintenance"": 12352.0, ""energy_released_on_death"": 0.0, ""energy_reproduction_cost"": 228.0, ""energy_transferred_to_offspring"": 152.0}",cdc20f0f3a8a0b6889cd1a2e45625b20e8c1c1429332305133616acfc112f902
control,,,abundant_energy,27,3c7348bff7d1eb64,phase-zero-vm-0.2,phase-one-measurement-0.1,2000,31,20,1,31,1,2,1,1,2,1,2,2168,1,31,31,0,1939263.9,496,4,-7.9e-09,"{""vm_fault:division_without_complete_copy"": 1}","{""energy_captured"": 61746.0, ""energy_execution"": 108.4, ""energy_input"": 2000000.0, ""energy_maintenance"": 12349.2, ""energy_released_on_death"": 9.9, ""energy_reproduction_cost"": 240.0, ""energy_transferred_to_offspring"": 160.0}",7edd9b9e1e891c0be22f39b20b9504bbfb186bef23bd6ff26dfff5e7487135a1
control,,,abundant_energy,28,b3384ac2ea04368b,phase-zero-vm-0.2,phase-one-measurement-0.1,2000,31,20,1,31,1,2,1,1,2,1,2,2181,1,31,31,0,1939263.05,496,4,-8.4e-09,"{""vm_fault:invalid_program_address:8"": 1}","{""energy_captured"": 61747.0, ""energy_execution"": 109.05, ""energy_input"": 2000000.0, ""energy_maintenance"": 12349.4, ""energy_released_on_death"": 10.05, ""energy_reproduction_cost"": 240.0, ""energy_transferred_to_offspring"": 160.0}",7adda2f36f34d22dbf797e49f8b9c261159a2c9edb095aff53fd4dc38557952b
control,,,abundant_energy,29,0ce8843df5b5cf7c,phase-zero-vm-0.2,phase-one-measurement-0.1,2000,31,21,2,31,1,3,1,2,3,2,2,2196,2,31,31,0,1939291.0,496,4,-8.1e-09,"{""vm_fault:division_without_complete_copy"": 1, ""vm_fault:invalid_register:7"": 1}","{""energy_captured"": 61726.0, ""energy_execution"": 109.8, ""energy_input"": 2000000.0, ""energy_maintenance"": 12345.2, ""energy_released_on_death"": 17.0, ""energy_reproduction_cost"": 252.0, ""energy_transferred_to_offspring"": 168.0}",4421b24bb572d7b8489a22c9390a8f37acdf56d2f58ed4150b35f8b278382d65
control,,,abundant_energy,30,3cc3707143a8f975,phase-zero-vm-0.2,phase-one-measurement-0.1,2000,31,20,1,31,2,3,1,2,3,2,2,18093,1,30,30,0,1939262.75,496,4,-8.1e-09,"{""vm_fault:division_without_complete_copy"": 1}","{""energy_captured"": 61748.0, ""energy_execution"": 904.65, ""energy_input"": 2000000.0, ""energy_maintenance"": 12349.6, ""energy_released_on_death"": 10.75, ""energy_reproduction_cost"": 240.0, ""energy_transferred_to_offspring"": 160.0}",5b9756061ce7e198a0cdd2c6ca9b7e6aeeda07dc3f500e56352b0059e0fa402b
control,,,abundant_memory,1,fd16c40c6d884ee1,phase-zero-vm-0.2,phase-one-measurement-0.1,2000,32,444,424,64,6,37,6,41,37,41,16,26319,31,29,0,29,0.0,512,999488,-1.58e-08,"{""energy_exhausted_execution"": 223, ""energy_exhausted_maintenance"": 170, ""vm_fault:division_without_complete_copy"": 9, ""vm_fault:instruction_pointer_out_of_bounds:8"": 4, ""vm_fault:invalid_memory_address:8"": 2, ""vm_fault:invalid_program_address:248"": 1, ""vm_fault:invalid_program_address:255"": 1, ""vm_fault:invalid_program_address:8"": 9, ""vm_fault:invalid_register:7"": 5}","{""energy_captured"": 21231.25, ""energy_execution"": 1268.9, ""energy_input"": 20000.0, ""energy_maintenance"": 13977.2, ""energy_released_on_death"": 231.25, ""energy_reproduction_cost"": 5328.0, ""energy_transferred_to_offspring"": 3552.0}",a4879be2639ba5c9caeecd47c6e46972fe92e0770b906e1aaeb88ae641d9696f
control,,,abundant_memory,2,7f0a6f791096f013,phase-zero-vm-0.2,phase-one-measurement-0.1,2000,33,395,374,66,4,28,3,29,28,29,13,23523,22,31,0,31,0.0,528,999472,-1.95e-08,"{""energy_exhausted_execution"": 214, ""energy_exhausted_maintenance"": 138, ""vm_fault:division_without_complete_copy"": 8, ""vm_fault:instruction_pointer_out_of_bounds:8"": 3, ""vm_fault:invalid_memory_address:8"": 1, ""vm_fault:invalid_program_address:248"": 1, ""vm_fault:invalid_program_address:8"": 6, ""vm_fault:invalid_register:7"": 2, ""vm_fault:invalid_register:8"": 1}","{""energy_captured"": 21166.15, ""energy_execution"": 1135.9, ""energy_input"": 20000.0, ""energy_maintenance"": 14995.55, ""energy_released_on_death"": 166.15, ""energy_reproduction_cost"": 4740.0, ""energy_transferred_to_offspring"": 3160.0}",c89cd4eccd22c47f72888c2c076ea57e0eece4603c5d2e598c3c177547ee3e4f
control,,,abundant_memory,3,653c9a5861cc7ce6,phase-zero-vm-0.2,phase-one-measurement-0.1,2000,28,500,484,70,4,38,4,41,38,41,18,29914,31,23,0,23,0.0,448,999552,-1.31e-08,"{""energy_exhausted_execution"": 250, ""energy_exhausted_maintenance"": 203, ""vm_fault:division_without_complete_copy"": 11, ""vm_fault:instruction_pointer_out_of_bounds:8"": 2, ""vm_fault:invalid_memory_address:8"": 1, ""vm_fault:invalid_program_address:248"": 3, ""vm_fault:invalid_program_address:255"": 1, ""vm_fault:invalid_program_address:8"": 8, ""vm_fault:invalid_register:7"": 4, ""vm_fault:invalid_register:8"": 1}","{""energy_captured"": 21224.55, ""energy_execution"": 1445.9, ""energy_input"": 20000.0, ""energy_maintenance"": 13203.35, ""energy_released_on_death"": 224.55, ""energy_reproduction_cost"": 6000.0, ""energy_transferred_to_offspring"": 4000.0}",a05d8398da95307ae90b21212d2bfc434f66ab65e4658e4f2ea2b0299c8aba46
control,,,abundant_memory,4,a12f8b1b8b5c235d,phase-zero-vm-0.2,phase-one-measurement-0.1,2000,28,434,418,70,4,29,4,33,29,33,17,25486,25,23,0,23,0.0,448,999552,-1.68e-08,"{""energy_exhausted_execution"": 223, ""energy_exhausted_maintenance"": 170, ""vm_fault:division_without_complete_copy"": 14, ""vm_fault:instruction_pointer_out_of_bounds:8"": 1, ""vm_fault:invalid_memory_address:8"": 1, ""vm_fault:invalid_program_address:248"": 1, ""vm_fault:invalid_program_address:255"": 1, ""vm_fault:invalid_program_address:8"": 2, ""vm_fault:invalid_register:7"": 5}","{""energy_captured"": 21190.4, ""energy_execution"": 1231.0, ""energy_input"": 20000.0, ""energy_maintenance"": 14258.2, ""energy_released_on_death"": 190.4, ""energy_reproduction_cost"": 5208.0, ""energy_transferred_to_offspring"": 3472.0}",9f03f4e85cf9f3a3b9474da95727fb5978f12f75ae104ef70640dd515c3a921e
control,,,abundant_memory,5,2d67b16454acc18e,phase-zero-vm-0.2,phase-one-measurement-0.1,2000,28,456,440,68,3,30,4,31,30,31,17,27063,22,26,0,26,0.0,448,999552,-1.6e-08,"{""energy_exhausted_execution"": 250, ""energy_exhausted_maintenance"": 168, ""vm_fault:division_without_complete_copy"": 8, ""vm_fault:instruction_pointer_out_of_bounds:8"": 6, ""vm_fault:invalid_memory_address:8"": 1, ""vm_fault:invalid_program_address:248"": 1, ""vm_fault:invalid_program_address:8"": 3, ""vm_fault:invalid_register:7"": 3}","{""energy_captured"": 21167.75, ""energy_execution"": 1301.65, ""energy_input"": 20000.0, ""energy_maintenance"": 14020.9, ""energy_released_on_death"": 167.75, ""energy_reproduction_cost"": 5472.0, ""energy_transferred_to_offspring"": 3648.0}",f07beb5f98d8066d13f45bea905e64841ab24de6bef97a062ff82ae0bbc916aa
control,,,abundant_memory,6,7a596279b5b6946c,phase-zero-vm-0.2,phase-one-measurement-0.1,2000,24,543,531,66,2,42,2,53,42,53,21,32433,42,19,0,19,0.0,384,999616,-1.22e-08,"{""energy_exhausted_execution"": 288, ""energy_exhausted_maintenance"": 201, ""vm_fault:division_without_complete_copy"": 19, ""vm_fault:instruction_pointer_out_of_bounds:8"": 7, ""vm_fault:invalid_memory_address:8"": 1, ""vm_fault:invalid_program_address:255"": 1, ""vm_fault:invalid_program_address:8"": 9, ""vm_fault:invalid_register:7"": 4, ""vm_fault:invalid_register:8"": 1}","{""energy_captured"": 21310.25, ""energy_execution"": 1562.3, ""energy_input"": 20000.0, ""energy_maintenance"": 12966.45, ""energy_released_on_death"": 310.25, ""energy_reproduction_cost"": 6516.0, ""energy_transferred_to_offspring"": 4344.0}",646c6e093613cc43f2c107bcf5c8841d85f762d4321d5889f63f1b4766b3a506
control,,,abundant_memory,7,eb922fe0dddaf0d7,phase-zero-vm-0.2,phase-one-measurement-0.1,2000,32,339,319,65,3,21,3,25,21,25,11,20300,21,27,0,27,0.0,512,999488,-2.21e-08,"{""energy_exhausted_execution"": 170, ""energy_exhausted_maintenance"": 128, ""vm_fault:division_without_complete_copy"": 14, ""vm_fault:instruction_pointer_out_of_bounds:8"": 4, ""vm_fault:invalid_program_address:8"": 2, ""vm_fault:invalid_register:7"": 1}","{""energy_captured"": 21159.15, ""energy_execution"": 980.3, ""energy_input"": 20000.0, ""energy_maintenance"": 15703.15, ""energy_released_on_death"": 159.15, ""energy_reproduction_cost"": 4068.0, ""energy_transferred_to_offspring"": 2712.0}",c3aa110056b5b80cb2a1d5a422d4e07d1f9852bd50cca58a4660e7afc3411b72
control,,,abundant_memory,8,44b68cab5006106f,phase-zero-vm-0.2,phase-one-measurement-0.1,2000,32,391,371,69,4,27,4,28,27,28,13,23966,17,25,0,25,0.0,512,999488,-1.87e-08,"{""energy_exhausted_execution"": 185, ""energy_exhausted_maintenance"": 169, ""vm_fault:division_without_complete_copy"": 13, ""vm_fault:invalid_memory_address:8"": 1, ""vm_fault:invalid_program_address:248"": 1, ""vm_fault:invalid_program_address:8"": 2}","{""energy_captured"": 21127.85, ""energy_execution"": 1161.75, ""energy_input"": 20000.0, ""energy_maintenance"": 14758.25, ""energy_released_on_death"": 127.85, ""energy_reproduction_cost"": 4692.0, ""energy_transferred_to_offspring"": 3128.0}",33ad9ebc02437b445f71209b2c583ba5e2017d6a0be5a86b99f8694c0652115f
control,,,abundant_memory,9,f7d719cdd0efb77e,phase-zero-vm-0.2,phase-one-measurement-0.1,2000,24,465,453,68,4,35,4,40,35,40,16,28618,29,21,0,21,0.0,384,999616,-1.56e-08,"{""energy_exhausted_execution"": 252, ""energy_exhausted_maintenance"": 172, ""vm_fault:division_without_complete_copy"": 15, ""vm_fault:instruction_pointer_out_of_bounds:8"": 1, ""vm_fault:invalid_memory_address:8"": 1, ""vm_fault:invalid_program_address:248"": 2, ""vm_fault:invalid_program_address:8"": 6, ""vm_fault:invalid_register:7"": 4}","{""energy_captured"": 21212.65, ""energy_execution"": 1382.2, ""energy_input"": 20000.0, ""energy_maintenance"": 13895.4, ""energy_released_on_death"": 212.65, ""energy_reproduction_cost"": 5580.0, ""energy_transferred_to_offspring"": 3720.0}",1057fc4f100a0a167ea6821485ff9d70f5696422b5651487ffd4c3f872d3ed73
control,,,abundant_memory,10,d6bf09f6c3711d67,phase-zero-vm-0.2,phase-one-measurement-0.1,2000,27,462,447,67,1,34,1,40,34,40,15,27139,31,21,0,21,0.0,432,999568,-1.64e-08,"{""energy_exhausted_execution"": 254, ""energy_exhausted_maintenance"": 162, ""vm_fault:division_without_complete_copy"": 18, ""vm_fault:instruction_pointer_out_of_bounds:8"": 1, ""vm_fault:invalid_program_address:248"": 1, ""vm_fault:invalid_program_address:8"": 9, ""vm_fault:invalid_register:7"": 1, ""vm_fault:invalid_register:8"": 1}","{""energy_captured"": 21232.05, ""energy_execution"": 1308.65, ""energy_input"": 20000.0, ""energy_maintenance"": 14137.15, ""energy_released_on_death"": 232.05, ""energy_reproduction_cost"": 5544.0, ""energy_transferred_to_offspring"": 3696.0}",62be58134d00eacb91ed7c2fc5298f50e46045794db60e3336bbc325624c8c78
control,,,abundant_memory,11,a1a4257c89e96fb1,phase-zero-vm-0.2,phase-one-measurement-0.1,2000,33,369,348,72,3,16,4,19,16,19,12,22070,9,29,0,29,0.0,528,999472,-2.05e-08,"{""energy_exhausted_execution"": 191, ""energy_exhausted_maintenance"": 148, ""vm_fault:division_without_complete_copy"": 2, ""vm_fault:invalid_memory_address:8"": 1, ""vm_fault:invalid_program_address:8"": 2, ""vm_fault:invalid_register:7"": 3, ""vm_fault:invalid_register:8"": 1}","{""energy_captured"": 21068.9, ""energy_execution"": 1064.8, ""energy_input"": 20000.0, ""energy_maintenance"": 15273.75, ""energy_released_on_death"": 68.9, ""energy_reproduction_cost"": 4428.0, ""energy_transferred_to_offspring"": 2952.0}",391a84af4a648953811b71e0d59cd37fda63d932acb71d3b035802af94a853e8
control,,,abundant_memory,12,0406edc8f7c3c169,phase-zero-vm-0.2,phase-one-measurement-0.1,2000,32,426,406,67,3,24,2,26,24,26,16,25475,20,30,0,30,0.0,512,999488,-1.78e-08,"{""energy_exhausted_execution"": 205, ""energy_exhausted_maintenance"": 181, ""vm_fault:division_without_complete_copy"": 10, ""vm_fault:instruction_pointer_out_of_bounds:8"": 2, ""vm_fault:invalid_program_address:248"": 1, ""vm_fault:invalid_program_address:8"": 6, ""vm_fault:invalid_register:7"": 1}","{""energy_captured"": 21156.15, ""energy_execution"": 1231.15, ""energy_input"": 20000.0, ""energy_maintenance"": 14533.05, ""energy_released_on_death"": 156.15, ""energy_reproduction_cost"": 5112.0, ""energy_transferred_to_offspring"": 3408.0}",94adce7728b1d7a2e0caea7bad4697aefd34db038681c8ed905e2d6332b38243
control,,,abundant_memory,13,f3a863c652bf35b7,phase-zero-vm-0.2,phase-one-measurement-0.1,2000,30,429,411,59,4,27,4,28,27,28,16,26620,17,29,0,29,0.0,480,999520,-1.77e-08,"{""energy_exhausted_execution"": 208, ""energy_exhausted_maintenance"": 186, ""vm_fault:division_without_complete_copy"": 8, ""vm_fault:instruction_pointer_out_of_bounds:8"": 3, ""vm_fault:invalid_memory_address:8"": 1, ""vm_fault:invalid_program_address:248"": 1, ""vm_fault:invalid_program_address:255"": 1, ""vm_fault:invalid_program_address:8"": 2, ""vm_fault:invalid_register:8"": 1}","{""energy_captured"": 21139.55, ""energy_execution"": 1290.15, ""energy_input"": 20000.0, ""energy_maintenance"": 14478.9, ""energy_released_on_death"": 139.55, ""energy_reproduction_cost"": 5148.0, ""energy_transferred_to_offspring"": 3432.0}",97d53ebaed7e945dee29821efe11d0a6567b669d76966ee58f8f429a1aa2761a
control,,,abundant_memory,14,079a478547d26153,phase-zero-vm-0.2,phase-one-measurement-0.1,2000,30,457,439,65,4,28,5,34,28,34,16,27217,25,26,0,26,0.0,480,999520,-1.55e-08,"{""energy_exhausted_execution"": 233, ""energy_exhausted_maintenance"": 181, ""vm_fault:division_without_complete_copy"": 6, ""vm_fault:instruction_pointer_out_of_bounds:8"": 9, ""vm_fault:invalid_memory_address:8"": 1, ""vm_fault:invalid_program_address:8"": 5, ""vm_fault:invalid_register:7"": 2, ""vm_fault:invalid_register:8"": 2}","{""energy_captured"": 21190.7, ""energy_execution"": 1312.35, ""energy_input"": 20000.0, ""energy_maintenance"": 13868.25, ""energy_released_on_death"": 190.7, ""energy_reproduction_cost"": 5484.0, ""energy_transferred_to_offspring"": 3656.0}",4ace5b5d42bbd1eee4106f2c3fbb105ce3c19f1d8d9698bb66ac67180bacd150
control,,,abundant_memory,15,35d56993740c6bf2,phase-zero-vm-0.2,phase-one-measurement-0.1,2000,34,427,405,61,2,30,2,33,30,33,14,23981,31,29,0,29,0.0,544,999456,-1.82e-08,"{""energy_exhausted_execution"": 207, ""energy_exhausted_maintenance"": 167, ""vm_fault:division_without_complete_copy"": 11, ""vm_fault:instruction_pointer_out_of_bounds:8"": 5, ""vm_fault:invalid_memory_address:8"": 1, ""vm_fault:invalid_program_address:248"": 1, ""vm_fault:invalid_program_address:255"": 1, ""vm_fault:invalid_program_address:8"": 5, ""vm_fault:invalid_register:7"": 3, ""vm_fault:invalid_register:8"": 4}","{""energy_captured"": 21240.65, ""energy_execution"": 1157.8, ""energy_input"": 20000.0, ""energy_maintenance"": 14635.3, ""energy_released_on_death"": 240.65, ""energy_reproduction_cost"": 5124.0, ""energy_transferred_to_offspring"": 3416.0}",41a6dd360f26713effad7653b0995288ef4c37d012633a1aa55788e15bacb913
control,,,abundant_memory,16,be27adc54fb052f0,phase-zero-vm-0.2,phase-one-measurement-0.1,2000,26,506,492,70,4,40,4,41,40,41,21,29690,32,24,0,24,0.0,416,999584,-1.37e-08,"{""energy_exhausted_execution"": 275, ""energy_exhausted_maintenance"": 185, ""vm_fault:division_without_complete_copy"": 13, ""vm_fault:instruction_pointer_out_of_bounds:8"": 4, ""vm_fault:invalid_memory_address:8"": 1, ""vm_fault:invalid_program_address:248"": 2, ""vm_fault:invalid_program_address:8"": 10, ""vm_fault:invalid_register:7"": 1, ""vm_fault:invalid_register:8"": 1}","{""energy_captured"": 21241.15, ""energy_execution"": 1430.3, ""energy_input"": 20000.0, ""energy_maintenance"": 13392.45, ""energy_released_on_death"": 241.15, ""energy_reproduction_cost"": 6072.0, ""energy_transferred_to_offspring"": 4048.0}",74d87562454888498a72c65140d5020146a7641daee7a42c36d7f71a188756a0
control,,,abundant_memory,17,68c36e22d7fc36c8,phase-zero-vm-0.2,phase-one-measurement-0.1,2000,33,364,343,70,2,18,2,18,18,18,13,21907,13,32,0,32,0.0,528,999472,-2.09e-08,"{""energy_exhausted_execution"": 175, ""energy_exhausted_maintenance"": 155, ""vm_fault:division_without_complete_copy"": 4, ""vm_fault:invalid_memory_address:8"": 1, ""vm_fault:invalid_program_address:8"": 7, ""vm_fault:invalid_register:8"": 1}","{""energy_captured"": 21091.7, ""energy_execution"": 1061.6, ""energy_input"": 20000.0, ""energy_maintenance"": 15371.35, ""energy_released_on_death"": 91.7, ""energy_reproduction_cost"": 4368.0, ""energy_transferred_to_offspring"": 2912.0}",b03ad80f80fed82af5641fc4189d847a00d849e713cbc7122d354a1470504f00
control,,,abundant_memory,18,4de877c3bd1eb362,phase-zero-vm-0.2,phase-one-measurement-0.1,2000,29,440,423,69,8,32,9,40,32,40,18,26225,27,19,0,19,0.0,464,999536,-1.48e-08,"{""energy_exhausted_execution"": 227, ""energy_exhausted_maintenance"": 169, ""vm_fault:division_without_complete_copy"": 15, ""vm_fault:invalid_program_address:255"": 2, ""vm_fault:invalid_program_address:8"": 8, ""vm_fault:invalid_register:7"": 1, ""vm_fault:invalid_register:8"": 1}","{""energy_captured"": 21204.15, ""energy_execution"": 1266.0, ""energy_input"": 20000.0, ""energy_maintenance"": 13695.1, ""energy_released_on_death"": 204.15, ""energy_reproduction_cost"": 5280.0, ""energy_transferred_to_offspring"": 3520.0}",ec1ab436c12c8027a523f3c61801f5a5a6065fa69f2b00711ef86b9d99572195
control,,,abundant_memory,19,08599d13dba2b4df,phase-zero-vm-0.2,phase-one-measurement-0.1,2000,38,292,266,67,2,9,2,8,9,8,10,17575,6,36,0,36,0.0,608,999392,-2.5e-08,"{""energy_exhausted_execution"": 147, ""energy_exhausted_maintenance"": 113, ""vm_fault:division_without_complete_copy"": 2, ""vm_fault:instruction_pointer_out_of_bounds:8"": 1, ""vm_fault:invalid_program_address:8"": 2, ""vm_fault:invalid_register:7"": 1}","{""energy_captured"": 21052.7, ""energy_execution"": 850.45, ""energy_input"": 20000.0, ""energy_maintenance"": 16516.65, ""energy_released_on_death"": 52.7, ""energy_reproduction_cost"": 3504.0, ""energy_transferred_to_offspring"": 2336.0}",9c561b5d0bd4e69d84104acfa13b6fa1920deb670adc829fc9f3427b9b3ef75b
control,,,abundant_memory,20,c00f0a7563e6bc8d,phase-zero-vm-0.2,phase-one-measurement-0.1,2000,33,354,333,60,5,24,6,27,24,27,12,20400,21,28,0,28,0.0,528,999472,-2.14e-08,"{""energy_exhausted_execution"": 160, ""energy_exhausted_maintenance"": 152, ""vm_fault:division_without_complete_copy"": 8, ""vm_fault:instruction_pointer_out_of_bounds:8"": 1, ""vm_fault:invalid_program_address:248"": 1, ""vm_fault:invalid_program_address:255"": 1, ""vm_fault:invalid_program_address:8"": 5, ""vm_fault:invalid_register:7"": 4, ""vm_fault:invalid_register:8"": 1}","{""energy_captured"": 21161.35, ""energy_execution"": 988.65, ""energy_input"": 20000.0, ""energy_maintenance"": 15531.75, ""energy_released_on_death"": 161.35, ""energy_reproduction_cost"": 4248.0, ""energy_transferred_to_offspring"": 2832.0}",f026cdf07691749cd25864076a38040f4378e93e06572f88f6b0d551a6aab4cb
control,,,abundant_memory,21,30bd13a99f61b4b9,phase-zero-vm-0.2,phase-one-measurement-0.1,2000,29,517,500,68,1,36,1,47,36,47,19,31188,36,27,0,27,0.0,464,999536,-1.34e-08,"{""energy_exhausted_execution"": 275, ""energy_exhausted_maintenance"": 189, ""vm_fault:division_without_complete_copy"": 19, ""vm_fault:instruction_pointer_out_of_bounds:8"": 2, ""vm_fault:invalid_memory_address:8"": 2, ""vm_fault:invalid_program_address:255"": 3, ""vm_fault:invalid_program_address:8"": 9, ""vm_fault:invalid_register:7"": 1}","{""energy_captured"": 21262.9, ""energy_execution"": 1503.4, ""energy_input"": 20000.0, ""energy_maintenance"": 13293.25, ""energy_released_on_death"": 262.9, ""energy_reproduction_cost"": 6204.0, ""energy_transferred_to_offspring"": 4136.0}",0469d861126a730a91a2006cd38aeeefca3a164046dd2a61c66a0bc54f1fb47a
control,,,abundant_memory,22,c26fa0f482e6be5a,phase-zero-vm-0.2,phase-one-measurement-0.1,2000,30,433,415,64,6,34,6,36,34,36,15,25485,27,27,0,27,0.0,480,999520,-1.6e-08,"{""energy_exhausted_execution"": 219, ""energy_exhausted_maintenance"": 169, ""vm_fault:division_without_complete_copy"": 12, ""vm_fault:instruction_pointer_out_of_bounds:8"": 3, ""vm_fault:invalid_memory_address:8"": 2, ""vm_fault:invalid_program_address:248"": 1, ""vm_fault:invalid_program_address:8"": 6, ""vm_fault:invalid_register:7"": 3}","{""energy_captured"": 21212.45, ""energy_execution"": 1230.5, ""energy_input"": 20000.0, ""energy_maintenance"": 14012.8, ""energy_released_on_death"": 212.45, ""energy_reproduction_cost"": 5196.0, ""energy_transferred_to_offspring"": 3464.0}",5ee5079ae7630bb06f9f4f3c30c0829f7260c2cbfc6689cf0a876374453259ce
control,,,abundant_memory,23,973b6c28ee3cb63c,phase-zero-vm-0.2,phase-one-measurement-0.1,2000,29,459,442,67,4,39,5,45,39,45,17,26593,37,25,0,25,0.0,464,999536,-1.61e-08,"{""energy_exhausted_execution"": 225, ""energy_exhausted_maintenance"": 180, ""vm_fault:division_without_complete_copy"": 20, ""vm_fault:instruction_pointer_out_of_bounds:8"": 1, ""vm_fault:invalid_program_address:248"": 2, ""vm_fault:invalid_program_address:255"": 3, ""vm_fault:invalid_program_address:8"": 8, ""vm_fault:invalid_register:7"": 3}","{""energy_captured"": 21283.15, ""energy_execution"": 1284.2, ""energy_input"": 20000.0, ""energy_maintenance"": 14046.45, ""energy_released_on_death"": 283.15, ""energy_reproduction_cost"": 5508.0, ""energy_transferred_to_offspring"": 3672.0}",49155ad72c8983aed16a2ef92dcdbe8d601c8d7278ad4b073d06259e0dc9529f
control,,,abundant_memory,24,aaf68f2aaab498a2,phase-zero-vm-0.2,phase-one-measurement-0.1,2000,26,466,452,67,4,33,4,36,33,36,17,27558,27,21,0,21,0.0,416,999584,-1.61e-08,"{""energy_exhausted_execution"": 242, ""energy_exhausted_maintenance"": 183, ""vm_fault:division_without_complete_copy"": 12, ""vm_fault:instruction_pointer_out_of_bounds:8"": 2, ""vm_fault:invalid_program_address:255"": 1, ""vm_fault:invalid_program_address:8"": 10, ""vm_fault:invalid_register:7"": 2}","{""energy_captured"": 21204.75, ""energy_execution"": 1327.0, ""energy_input"": 20000.0, ""energy_maintenance"": 14044.5, ""energy_released_on_death"": 204.75, ""energy_reproduction_cost"": 5592.0, ""energy_transferred_to_offspring"": 3728.0}",1783d98157ec4aed8e228d050fb956659d1821f49f4c970f5d62a6aecfddce99
control,,,abundant_memory,25,0e5c22d6e991462e,phase-zero-vm-0.2,phase-one-measurement-0.1,2000,33,450,429,70,7,28,9,35,28,35,17,26509,22,27,0,27,0.0,528,999472,-1.57e-08,"{""energy_exhausted_execution"": 229, ""energy_exhausted_maintenance"": 178, ""vm_fault:division_without_complete_copy"": 7, ""vm_fault:instruction_pointer_out_of_bounds:8"": 3, ""vm_fault:invalid_memory_address:8"": 2, ""vm_fault:invalid_program_address:255"": 2, ""vm_fault:invalid_program_address:8"": 3, ""vm_fault:invalid_register:7"": 4, ""vm_fault:invalid_register:8"": 1}","{""energy_captured"": 21169.1, ""energy_execution"": 1280.4, ""energy_input"": 20000.0, ""energy_maintenance"": 13943.9, ""energy_released_on_death"": 169.1, ""energy_reproduction_cost"": 5400.0, ""energy_transferred_to_offspring"": 3600.0}",4e0871fdeb6dfe0ea055b88bf2b3108e353d1f71c0b252734815b37b41c4e5c4
control,,,abundant_memory,26,c47a932065606545,phase-zero-vm-0.2,phase-one-measurement-0.1,2000,27,386,371,66,6,28,8,30,28,30,15,23231,19,20,0,20,0.0,432,999568,-1.82e-08,"{""energy_exhausted_execution"": 211, ""energy_exhausted_maintenance"": 141, ""vm_fault:division_without_complete_copy"": 9, ""vm_fault:instruction_pointer_out_of_bounds:8"": 4, ""vm_fault:invalid_program_address:248"": 1, ""vm_fault:invalid_program_address:8"": 4, ""vm_fault:invalid_register:7"": 1}","{""energy_captured"": 21142.85, ""energy_execution"": 1119.55, ""energy_input"": 20000.0, ""energy_maintenance"": 14628.4, ""energy_released_on_death"": 142.85, ""energy_reproduction_cost"": 4632.0, ""energy_transferred_to_offspring"": 3088.0}",84d83f42d2155aabe19e3eb583557c85d603dda66f78262061071f6525c6fbc1
control,,,abundant_memory,27,ced438b79c01b08d,phase-zero-vm-0.2,phase-one-measurement-0.1,2000,26,477,463,68,6,37,7,44,37,44,17,28265,30,21,0,21,0.0,416,999584,-1.43e-08,"{""energy_exhausted_execution"": 255, ""energy_exhausted_maintenance"": 178, ""vm_fault:division_without_complete_copy"": 20, ""vm_fault:instruction_pointer_out_of_bounds:8"": 5, ""vm_fault:invalid_program_address:248"": 1, ""vm_fault:invalid_program_address:8"": 3, ""vm_fault:invalid_register:8"": 1}","{""energy_captured"": 21223.75, ""energy_execution"": 1361.7, ""energy_input"": 20000.0, ""energy_maintenance"": 13558.6, ""energy_released_on_death"": 223.75, ""energy_reproduction_cost"": 5724.0, ""energy_transferred_to_offspring"": 3816.0}",568014e37a98f55b8c9a60fb3f8f2ea07299d9602dbf7e5d3daa5bf59d848f93
control,,,abundant_memory,28,c2e0b79a1fcfbcf1,phase-zero-vm-0.2,phase-one-measurement-0.1,2000,28,528,512,69,5,41,5,55,41,55,22,32548,43,23,0,23,0.0,448,999552,-1.11e-08,"{""energy_exhausted_execution"": 284, ""energy_exhausted_maintenance"": 185, ""vm_fault:division_without_complete_copy"": 21, ""vm_fault:instruction_pointer_out_of_bounds:8"": 7, ""vm_fault:invalid_program_address:248"": 2, ""vm_fault:invalid_program_address:8"": 10, ""vm_fault:invalid_register:7"": 1, ""vm_fault:invalid_register:8"": 2}","{""energy_captured"": 21320.35, ""energy_execution"": 1570.6, ""energy_input"": 20000.0, ""energy_maintenance"": 12669.55, ""energy_released_on_death"": 320.35, ""energy_reproduction_cost"": 6336.0, ""energy_transferred_to_offspring"": 4224.0}",f8a193d50bdaeae1f7cad36c6a286eae243d19addfe99c6b35819268f76d9d44
control,,,abundant_memory,29,39bf18a5871bf4f4,phase-zero-vm-0.2,phase-one-measurement-0.1,2000,32,380,360,65,6,27,6,28,27,28,13,22821,17,25,0,25,0.0,512,999488,-2.02e-08,"{""energy_exhausted_execution"": 193, ""energy_exhausted_maintenance"": 150, ""vm_fault:division_without_complete_copy"": 8, ""vm_fault:instruction_pointer_out_of_bounds:8"": 3, ""vm_fault:invalid_program_address:248"": 1, ""vm_fault:invalid_program_address:255"": 1, ""vm_fault:invalid_program_address:8"": 1, ""vm_fault:invalid_register:7"": 2, ""vm_fault:invalid_register:8"": 1}","{""energy_captured"": 21133.8, ""energy_execution"": 1100.85, ""energy_input"": 20000.0, ""energy_maintenance"": 15186.9, ""energy_released_on_death"": 133.8, ""energy_reproduction_cost"": 4560.0, ""energy_transferred_to_offspring"": 3040.0}",cecce1bd1eeee849482bcdab597bf76f9c9cf866662c1e841f35e14762f96a58
control,,,abundant_memory,30,92783325ccb9e1a3,phase-zero-vm-0.2,phase-one-measurement-0.1,2000,26,479,465,67,5,34,6,43,34,43,20,28682,33,19,0,19,0.0,416,999584,-1.4e-08,"{""energy_exhausted_execution"": 252, ""energy_exhausted_maintenance"": 180, ""vm_fault:division_without_complete_copy"": 15, ""vm_fault:instruction_pointer_out_of_bounds:8"": 5, ""vm_fault:invalid_program_address:248"": 2, ""vm_fault:invalid_program_address:255"": 2, ""vm_fault:invalid_program_address:8"": 8, ""vm_fault:invalid_register:7"": 1}","{""energy_captured"": 21239.85, ""energy_execution"": 1383.9, ""energy_input"": 20000.0, ""energy_maintenance"": 13460.7, ""energy_released_on_death"": 239.85, ""energy_reproduction_cost"": 5748.0, ""energy_transferred_to_offspring"": 3832.0}",bc905f9b62fccbd1d17f1d91b314b4cc067f6ae019c542ca17dd8a35c80102ef
control,,,maintenance_zero,1,1847ed7c293712f8,phase-zero-vm-0.2,phase-one-measurement-0.1,2000,31,21,2,31,1,3,1,2,3,2,1,2230,2,31,31,0,0.0,496,4,0.0,"{""vm_fault:division_without_complete_copy"": 1, ""vm_fault:invalid_program_address:8"": 1}","{""energy_captured"": 21020.7, ""energy_execution"": 111.5, ""energy_input"": 20000.0, ""energy_maintenance"": 0.0, ""energy_released_on_death"": 20.7, ""energy_reproduction_cost"": 252.0, ""energy_transferred_to_offspring"": 168.0}",43835c78e06ece178ebfcf89303e4805963596690296e59d650b4981d3939beb
control,,,maintenance_zero,2,5c242258d2d70f1e,phase-zero-vm-0.2,phase-one-measurement-0.1,2000,31,22,3,31,2,5,1,4,5,4,2,2315,3,31,31,0,0.0,496,4,0.0,"{""vm_fault:division_without_complete_copy"": 3}","{""energy_captured"": 21032.55, ""energy_execution"": 115.75, ""energy_input"": 20000.0, ""energy_maintenance"": 0.0, ""energy_released_on_death"": 32.55, ""energy_reproduction_cost"": 264.0, ""energy_transferred_to_offspring"": 176.0}",21207102893f2268c17813ea43860ccd73d353b29529e2baa9977d2a4b957c71
control,,,maintenance_zero,3,14883344e1233c78,phase-zero-vm-0.2,phase-one-measurement-0.1,2000,31,20,1,31,1,2,1,1,2,1,1,5806,0,31,31,0,0.0,496,4,-0.0,"{""energy_exhausted_execution"": 1}","{""energy_captured"": 21000.0, ""energy_execution"": 290.1, ""energy_input"": 20000.0, ""energy_maintenance"": 0.0, ""energy_released_on_death"": 0.0, ""energy_reproduction_cost"": 240.0, ""energy_transferred_to_offspring"": 160.0}",652b9c68e8e2d5e171ddb90b5b5f1b560a60ff4803c7db82f716e58fd71e8bf8
control,,,maintenance_zero,4,1f413fbde8057da5,phase-zero-vm-0.2,phase-one-measurement-0.1,2000,31,19,0,31,1,1,1,1,1,0,1,2100,0,31,31,0,0.0,496,4,0.0,{},"{""energy_captured"": 21000.0, ""energy_execution"": 105.0, ""energy_input"": 20000.0, ""energy_maintenance"": 0.0, ""energy_released_on_death"": 0.0, ""energy_reproduction_cost"": 228.0, ""energy_transferred_to_offspring"": 152.0}",d19e2605503d7ef4bba1b460b5ac1f17f68cdb0bd53ab177d6916badc821520c
control,,,maintenance_zero,5,c76c11ebad89788f,phase-zero-vm-0.2,phase-one-measurement-0.1,2000,31,20,1,31,1,2,1,1,2,1,2,2183,1,31,31,0,0.0,496,4,0.0,"{""vm_fault:division_without_complete_copy"": 1}","{""energy_captured"": 21011.95, ""energy_execution"": 109.15, ""energy_input"": 20000.0, ""energy_maintenance"": 0.0, ""energy_released_on_death"": 11.95, ""energy_reproduction_cost"": 240.0, ""energy_transferred_to_offspring"": 160.0}",cc79863550d2332bbade82d119867e2bc00fea9087a047a13faa3f08ff1f7e60
control,,,maintenance_zero,6,7ca63f5533441e2c,phase-zero-vm-0.2,phase-one-measurement-0.1,2000,31,21,2,31,1,3,1,2,3,2,2,2193,2,31,31,0,0.0,496,4,0.0,"{""vm_fault:division_without_complete_copy"": 1, ""vm_fault:invalid_program_address:255"": 1}","{""energy_captured"": 21017.55, ""energy_execution"": 109.65, ""energy_input"": 20000.0, ""energy_maintenance"": 0.0, ""energy_released_on_death"": 17.55, ""energy_reproduction_cost"": 252.0, ""energy_transferred_to_offspring"": 168.0}",46b8fa15131bc396c6a97a66b5ae8bb068e7e5bcca7ba21abf59e8a37764e818
control,,,maintenance_zero,7,b6437863fe2b58f0,phase-zero-vm-0.2,phase-one-measurement-0.1,2000,31,22,3,31,1,3,1,3,3,3,2,2247,3,31,31,0,0.0,496,4,0.0,"{""vm_fault:division_without_complete_copy"": 3}","{""energy_captured"": 21025.95, ""energy_execution"": 112.35, ""energy_input"": 20000.0, ""energy_maintenance"": 0.0, ""energy_released_on_death"": 25.95, ""energy_reproduction_cost"": 264.0, ""energy_transferred_to_offspring"": 176.0}",3f42a9ed5d538bcbfc6731b3fb60c2f95ee5c91d8ee1b86ef5f3a63458e4d25d
control,,,maintenance_zero,8,296348726e4af6fa,phase-zero-vm-0.2,phase-one-measurement-0.1,2000,31,21,2,31,2,4,1,3,4,3,1,4994,1,31,31,0,0.0,496,4,-0.0,"{""energy_exhausted_execution"": 1, ""vm_fault:instruction_pointer_out_of_bounds:8"": 1}","{""energy_captured"": 21006.9, ""energy_execution"": 249.3, ""energy_input"": 20000.0, ""energy_maintenance"": 0.0, ""energy_released_on_death"": 6.9, ""energy_reproduction_cost"": 252.0, ""energy_transferred_to_offspring"": 168.0}",ce68a51c6bd8a525325137eee5ec7faac8e1e68ad434ea3becc51af842f37d8f
control,,,maintenance_zero,9,acdaf564e6ff6417,phase-zero-vm-0.2,phase-one-measurement-0.1,2000,31,20,1,31,1,2,1,1,2,1,1,2147,1,31,31,0,0.0,496,4,0.0,"{""vm_fault:invalid_register:7"": 1}","{""energy_captured"": 21008.75, ""energy_execution"": 107.35, ""energy_input"": 20000.0, ""energy_maintenance"": 0.0, ""energy_released_on_death"": 8.75, ""energy_reproduction_cost"": 240.0, ""energy_transferred_to_offspring"": 160.0}",c23791778b561c1497d5364691c04f4a768b9f64282bd180424819316f51c336
control,,,maintenance_zero,10,d688c34946bf3ba1,phase-zero-vm-0.2,phase-one-measurement-0.1,2000,31,19,0,31,1,1,1,1,1,0,1,2100,0,31,31,0,0.0,496,4,0.0,{},"{""energy_captured"": 21000.0, ""energy_execution"": 105.0, ""energy_input"": 20000.0, ""energy_maintenance"": 0.0, ""energy_released_on_death"": 0.0, ""energy_reproduction_cost"": 228.0, ""energy_transferred_to_offspring"": 152.0}",4a0e42e13eaed334a484904b3a88bc9b2e9945e0148ef876916fd17f1f544a32
control,,,maintenance_zero,11,800915ee697bb501,phase-zero-vm-0.2,phase-one-measurement-0.1,2000,31,19,0,31,1,1,1,1,1,0,1,2100,0,31,31,0,0.0,496,4,0.0,{},"{""energy_captured"": 21000.0, ""energy_execution"": 105.0, ""energy_input"": 20000.0, ""energy_maintenance"": 0.0, ""energy_released_on_death"": 0.0, ""energy_reproduction_cost"": 228.0, ""energy_transferred_to_offspring"": 152.0}",5717056647cc142eb0828fd91c442b59b36f0ac570e226df6a902ada4bf7ab32
control,,,maintenance_zero,12,ec13a31fb9ac9dc6,phase-zero-vm-0.2,phase-one-measurement-0.1,2000,31,20,1,31,2,3,1,2,3,2,1,2183,1,31,31,0,0.0,496,4,0.0,"{""vm_fault:division_without_complete_copy"": 1}","{""energy_captured"": 21011.95, ""energy_execution"": 109.15, ""energy_input"": 20000.0, ""energy_maintenance"": 0.0, ""energy_released_on_death"": 11.95, ""energy_reproduction_cost"": 240.0, ""energy_transferred_to_offspring"": 160.0}",82bdcdf270ab5b95eb458ad37fa2ff6da53b4bcf7cd03ac935f9e3970e97e76a
control,,,maintenance_zero,13,501416f398a0b594,phase-zero-vm-0.2,phase-one-measurement-0.1,2000,31,22,3,31,1,4,1,3,4,3,1,2259,3,31,31,0,0.0,496,4,0.0,"{""vm_fault:division_without_complete_copy"": 2, ""vm_fault:invalid_register:8"": 1}","{""energy_captured"": 21028.35, ""energy_execution"": 112.95, ""energy_input"": 20000.0, ""energy_maintenance"": 0.0, ""energy_released_on_death"": 28.35, ""energy_reproduction_cost"": 264.0, ""energy_transferred_to_offspring"": 176.0}",8c89fdf746a6aff0acb5fde6a3527feca49610375e1857305e76663ccd6b2c24
control,,,maintenance_zero,14,8f9254e1fb751c76,phase-zero-vm-0.2,phase-one-measurement-0.1,2000,31,22,3,31,1,4,1,3,4,3,1,4892,2,31,31,0,0.0,496,4,0.0,"{""energy_exhausted_execution"": 1, ""vm_fault:instruction_pointer_out_of_bounds:8"": 1, ""vm_fault:invalid_memory_address:8"": 1}","{""energy_captured"": 21020.9, ""energy_execution"": 244.4, ""energy_input"": 20000.0, ""energy_maintenance"": 0.0, ""energy_released_on_death"": 20.9, ""energy_reproduction_cost"": 264.0, ""energy_transferred_to_offspring"": 176.0}",89a31e75a0adf64ec8bb9f3b9ed4e31be0dc8309e8c7706e61d1f93874bd46b8
control,,,maintenance_zero,15,15137d0d240235a7,phase-zero-vm-0.2,phase-one-measurement-0.1,2000,31,23,4,31,1,5,1,4,5,4,2,2360,4,31,31,0,0.0,496,4,0.0,"{""vm_fault:division_without_complete_copy"": 1, ""vm_fault:invalid_program_address:248"": 1, ""vm_fault:invalid_program_address:8"": 2}","{""energy_captured"": 21041.4, ""energy_execution"": 118.0, ""energy_input"": 20000.0, ""energy_maintenance"": 0.0, ""energy_released_on_death"": 41.4, ""energy_reproduction_cost"": 276.0, ""energy_transferred_to_offspring"": 184.0}",953ea35c9c1f26c8c348586ac1d0e83c87d593c08dc457f0b2c70410c2a52836
control,,,maintenance_zero,16,8dc625b066a22871,phase-zero-vm-0.2,phase-one-measurement-0.1,2000,31,19,0,31,1,1,1,1,1,0,1,2100,0,31,31,0,0.0,496,4,0.0,{},"{""energy_captured"": 21000.0, ""energy_execution"": 105.0, ""energy_input"": 20000.0, ""energy_maintenance"": 0.0, ""energy_released_on_death"": 0.0, ""energy_reproduction_cost"": 228.0, ""energy_transferred_to_offspring"": 152.0}",31def20b98dab973626b19f545e1ab36fbe508c37bcf4515f5a5579ea0ab18aa
control,,,maintenance_zero,17,9329eb9bce29a1d6,phase-zero-vm-0.2,phase-one-measurement-0.1,2000,31,20,1,31,1,2,1,1,2,1,2,8686,0,31,31,0,0.0,496,4,0.0,"{""energy_exhausted_execution"": 1}","{""energy_captured"": 21000.0, ""energy_execution"": 434.1, ""energy_input"": 20000.0, ""energy_maintenance"": 0.0, ""energy_released_on_death"": 0.0, ""energy_reproduction_cost"": 240.0, ""energy_transferred_to_offspring"": 160.0}",5acb7153ca64e3249f8956f39f596e26fb0683a5f3a675f3d2cb6bd6a44be013
control,,,maintenance_zero,18,bada096a8e4cffd7,phase-zero-vm-0.2,phase-one-measurement-0.1,2000,31,19,0,31,1,1,1,1,1,0,1,2100,0,31,31,0,0.0,496,4,0.0,{},"{""energy_captured"": 21000.0, ""energy_execution"": 105.0, ""energy_input"": 20000.0, ""energy_maintenance"": 0.0, ""energy_released_on_death"": 0.0, ""energy_reproduction_cost"": 228.0, ""energy_transferred_to_offspring"": 152.0}",d0b0257c24ad94b9b6a846711b60f0d28a05f9061bd81b560e13b222d6a0fa49
control,,,maintenance_zero,19,43bd4f128289856e,phase-zero-vm-0.2,phase-one-measurement-0.1,2000,31,20,1,31,1,2,1,1,2,1,1,2184,1,31,31,0,0.0,496,4,0.0,"{""vm_fault:instruction_pointer_out_of_bounds:8"": 1}","{""energy_captured"": 21011.9, ""energy_execution"": 109.2, ""energy_input"": 20000.0, ""energy_maintenance"": 0.0, ""energy_released_on_death"": 11.9, ""energy_reproduction_cost"": 240.0, ""energy_transferred_to_offspring"": 160.0}",655ebfd543cecf003345bdf147ea1d84aba0aa4d202ec7fffcb730d05717e7da
control,,,maintenance_zero,20,c52d43f06e379d5c,phase-zero-vm-0.2,phase-one-measurement-0.1,2000,31,23,4,31,1,5,1,4,5,4,2,2329,4,31,31,0,0.0,496,4,0.0,"{""vm_fault:division_without_complete_copy"": 1, ""vm_fault:invalid_program_address:248"": 1, ""vm_fault:invalid_program_address:8"": 1, ""vm_fault:invalid_register:7"": 1}","{""energy_captured"": 21037.95, ""energy_execution"": 116.45, ""energy_input"": 20000.0, ""energy_maintenance"": 0.0, ""energy_released_on_death"": 37.95, ""energy_reproduction_cost"": 276.0, ""energy_transferred_to_offspring"": 184.0}",f4d2078e18f8cdb67a3053934f225cea223b68249eff117ac7f7f615045e298a
control,,,maintenance_zero,21,f6cff19b86412f86,phase-zero-vm-0.2,phase-one-measurement-0.1,2000,31,20,1,31,1,2,1,1,2,1,2,2149,1,31,31,0,0.0,496,4,0.0,"{""vm_fault:invalid_program_address:255"": 1}","{""energy_captured"": 21008.65, ""energy_execution"": 107.45, ""energy_input"": 20000.0, ""energy_maintenance"": 0.0, ""energy_released_on_death"": 8.65, ""energy_reproduction_cost"": 240.0, ""energy_transferred_to_offspring"": 160.0}",54764c17827239cc402010bce0c96117d6c68965b2c7a12fa58bb16c6bfd052a
control,,,maintenance_zero,22,f78ed7641a7d4b5c,phase-zero-vm-0.2,phase-one-measurement-0.1,2000,31,21,2,31,1,3,1,2,3,2,2,2231,2,31,31,0,0.0,496,4,0.0,"{""vm_fault:division_without_complete_copy"": 2}","{""energy_captured"": 21020.65, ""energy_execution"": 111.55, ""energy_input"": 20000.0, ""energy_maintenance"": 0.0, ""energy_released_on_death"": 20.65, ""energy_reproduction_cost"": 252.0, ""energy_transferred_to_offspring"": 168.0}",dcd115ea9763b13691fcc06e278f422d935f111de69e0ebf5d1719fbcac4011d
control,,,maintenance_zero,23,8f84ab12ff610454,phase-zero-vm-0.2,phase-one-measurement-0.1,2000,31,20,1,31,2,3,2,2,3,2,1,2183,1,31,31,0,0.0,496,4,0.0,"{""vm_fault:division_without_complete_copy"": 1}","{""energy_captured"": 21011.95, ""energy_execution"": 109.15, ""energy_input"": 20000.0, ""energy_maintenance"": 0.0, ""energy_released_on_death"": 11.95, ""energy_reproduction_cost"": 240.0, ""energy_transferred_to_offspring"": 160.0}",73604d33490d962c75aac3e45624b3bf8727e0723e78d6fb84019a0f88bd9f44
control,,,maintenance_zero,24,0758d84387f63fdf,phase-zero-vm-0.2,phase-one-measurement-0.1,2000,31,21,2,31,2,4,2,3,4,3,2,2233,2,31,31,0,0.0,496,4,0.0,"{""vm_fault:division_without_complete_copy"": 1, ""vm_fault:invalid_program_address:8"": 1}","{""energy_captured"": 21020.55, ""energy_execution"": 111.65, ""energy_input"": 20000.0, ""energy_maintenance"": 0.0, ""energy_released_on_death"": 20.55, ""energy_reproduction_cost"": 252.0, ""energy_transferred_to_offspring"": 168.0}",519e43214cd29fd2018848c7be7716cd5291fb62700f58002ef6a7522a119ded
control,,,maintenance_zero,25,c1c1b59df7b7277b,phase-zero-vm-0.2,phase-one-measurement-0.1,2000,31,19,0,31,1,1,1,1,1,0,1,2100,0,31,31,0,0.0,496,4,0.0,{},"{""energy_captured"": 21000.0, ""energy_execution"": 105.0, ""energy_input"": 20000.0, ""energy_maintenance"": 0.0, ""energy_released_on_death"": 0.0, ""energy_reproduction_cost"": 228.0, ""energy_transferred_to_offspring"": 152.0}",510b7ce4d2057637be5a02fef961a60946d918c9ef9e47d2701c0a52e5a3501c
control,,,maintenance_zero,26,66125dbf22b23f87,phase-zero-vm-0.2,phase-one-measurement-0.1,2000,31,20,1,31,2,3,2,2,3,2,2,5806,0,30,30,0,0.0,496,4,-0.0,"{""energy_exhausted_execution"": 1}","{""energy_captured"": 21000.0, ""energy_execution"": 290.1, ""energy_input"": 20000.0, ""energy_maintenance"": 0.0, ""energy_released_on_death"": 0.0, ""energy_reproduction_cost"": 240.0, ""energy_transferred_to_offspring"": 160.0}",27e43e4d001563d5091efd9f8b2f489a60d3f0b9ab4f1a262cc9bf9925e18946
control,,,maintenance_zero,27,1b4e0804bb33e112,phase-zero-vm-0.2,phase-one-measurement-0.1,2000,31,20,1,31,1,2,1,1,2,1,1,2168,1,31,31,0,0.0,496,4,0.0,"{""vm_fault:division_without_complete_copy"": 1}","{""energy_captured"": 21010.7, ""energy_execution"": 108.4, ""energy_input"": 20000.0, ""energy_maintenance"": 0.0, ""energy_released_on_death"": 10.7, ""energy_reproduction_cost"": 240.0, ""energy_transferred_to_offspring"": 160.0}",2a246858b77f93ce39498499b54e0aef9444a5fada7c89ace3c3f97c3206c9b6
control,,,maintenance_zero,28,1b3b509624e38b24,phase-zero-vm-0.2,phase-one-measurement-0.1,2000,31,20,1,31,1,2,1,1,2,1,1,2181,1,31,31,0,0.0,496,4,0.0,"{""vm_fault:invalid_program_address:8"": 1}","{""energy_captured"": 21011.05, ""energy_execution"": 109.05, ""energy_input"": 20000.0, ""energy_maintenance"": 0.0, ""energy_released_on_death"": 11.05, ""energy_reproduction_cost"": 240.0, ""energy_transferred_to_offspring"": 160.0}",2371a1b0bc8dd94d5ab4673e00a708da738fcfe0a5f91463279e2debcf61f88e
control,,,maintenance_zero,29,d5870f95e0e5b910,phase-zero-vm-0.2,phase-one-measurement-0.1,2000,31,21,2,31,1,3,1,2,3,2,1,2196,2,31,31,0,0.0,496,4,0.0,"{""vm_fault:division_without_complete_copy"": 1, ""vm_fault:invalid_register:7"": 1}","{""energy_captured"": 21017.4, ""energy_execution"": 109.8, ""energy_input"": 20000.0, ""energy_maintenance"": 0.0, ""energy_released_on_death"": 17.4, ""energy_reproduction_cost"": 252.0, ""energy_transferred_to_offspring"": 168.0}",f6d32fb9f7c2cd04cfef65579afc8c9596920b13425a77c79906cfb9b5a06163
control,,,maintenance_zero,30,6c0bf5c3062359ee,phase-zero-vm-0.2,phase-one-measurement-0.1,2000,31,21,2,31,1,3,1,2,3,2,1,5249,1,31,31,0,0.0,496,4,-0.0,"{""energy_exhausted_execution"": 1, ""vm_fault:division_without_complete_copy"": 1}","{""energy_captured"": 21011.95, ""energy_execution"": 262.25, ""energy_input"": 20000.0, ""energy_maintenance"": 0.0, ""energy_released_on_death"": 11.95, ""energy_reproduction_cost"": 252.0, ""energy_transferred_to_offspring"": 168.0}",e68f03064f671ce9b2a86ca679efb7a347afc28cae868e6b4cde0476f37276b9
control,,,reproduction_cost_zero,1,afe51c0a6f245509,phase-zero-vm-0.2,phase-one-measurement-0.1,2000,31,21,2,31,1,3,1,2,3,2,2,2230,2,31,31,0,0.0,496,4,-1.03e-08,"{""vm_fault:division_without_complete_copy"": 1, ""vm_fault:invalid_program_address:8"": 1}","{""energy_captured"": 21019.3, ""energy_execution"": 111.5, ""energy_input"": 20000.0, ""energy_maintenance"": 12367.8, ""energy_released_on_death"": 19.3, ""energy_reproduction_cost"": 0.0, ""energy_transferred_to_offspring"": 168.0}",c673002e4ce9ad53598ce409352e3dc0368e2f85914fc5f99ce41c88e3f83021
control,,,reproduction_cost_zero,2,44e4cdfbd80f2800,phase-zero-vm-0.2,phase-one-measurement-0.1,2000,31,20,1,31,2,3,1,2,3,2,1,2184,1,31,31,0,0.0,496,4,-1.03e-08,"{""vm_fault:invalid_program_address:8"": 1}","{""energy_captured"": 21010.7, ""energy_execution"": 109.2, ""energy_input"": 20000.0, ""energy_maintenance"": 12368.8, ""energy_released_on_death"": 10.7, ""energy_reproduction_cost"": 0.0, ""energy_transferred_to_offspring"": 160.0}",32f96fb8c385758e767afa747818b6f3c023362642086f5cfefcdbe35ec0d2e1
control,,,reproduction_cost_zero,3,32480a527b3c03a2,phase-zero-vm-0.2,phase-one-measurement-0.1,2000,31,20,1,31,1,2,1,1,2,1,2,3278,0,31,31,0,0.0,496,4,-1.03e-08,"{""energy_exhausted_execution"": 1}","{""energy_captured"": 21000.0, ""energy_execution"": 163.7, ""energy_input"": 20000.0, ""energy_maintenance"": 12368.6, ""energy_released_on_death"": 0.0, ""energy_reproduction_cost"": 0.0, ""energy_transferred_to_offspring"": 160.0}",121299adfaedd9fbb42c3332998d07b59061709b5c65d1374220b679a7dd6f80
control,,,reproduction_cost_zero,4,1c0281e4ad16e16d,phase-zero-vm-0.2,phase-one-measurement-0.1,2000,31,19,0,31,1,1,1,1,1,0,2,2100,0,31,31,0,0.0,496,4,-1.03e-08,{},"{""energy_captured"": 21000.0, ""energy_execution"": 105.0, ""energy_input"": 20000.0, ""energy_maintenance"": 12368.8, ""energy_released_on_death"": 0.0, ""energy_reproduction_cost"": 0.0, ""energy_transferred_to_offspring"": 152.0}",8f8ef28e5ea10597f30695c81c08e3fdf8bd7c64eb305694da92681a98e99059
control,,,reproduction_cost_zero,5,3eadead57688b88d,phase-zero-vm-0.2,phase-one-measurement-0.1,2000,31,20,1,31,1,2,1,1,2,1,2,2183,1,31,31,0,0.0,496,4,-1.03e-08,"{""vm_fault:invalid_program_address:8"": 1}","{""energy_captured"": 21010.75, ""energy_execution"": 109.15, ""energy_input"": 20000.0, ""energy_maintenance"": 12368.8, ""energy_released_on_death"": 10.75, ""energy_reproduction_cost"": 0.0, ""energy_transferred_to_offspring"": 160.0}",c5950bcddc9ef28821ad0f8f51dabb92aa636fcecc1097fa39c9741535bc257b
control,,,reproduction_cost_zero,6,bc90942a290c0b06,phase-zero-vm-0.2,phase-one-measurement-0.1,2000,31,20,1,31,1,2,1,1,2,1,2,2184,1,31,31,0,0.0,496,4,-1.03e-08,"{""vm_fault:instruction_pointer_out_of_bounds:8"": 1}","{""energy_captured"": 21010.7, ""energy_execution"": 109.2, ""energy_input"": 20000.0, ""energy_maintenance"": 12368.8, ""energy_released_on_death"": 10.7, ""energy_reproduction_cost"": 0.0, ""energy_transferred_to_offspring"": 160.0}",bf920219d66d42399526f151940811196cdf020dec99fb1a33c768ade3698dca
control,,,reproduction_cost_zero,7,8e949d3c95f52c37,phase-zero-vm-0.2,phase-one-measurement-0.1,2000,31,20,1,31,1,2,1,1,2,1,2,2149,1,31,31,0,0.0,496,4,-1.03e-08,"{""vm_fault:division_without_complete_copy"": 1}","{""energy_captured"": 21008.45, ""energy_execution"": 107.45, ""energy_input"": 20000.0, ""energy_maintenance"": 12367.8, ""energy_released_on_death"": 8.45, ""energy_reproduction_cost"": 0.0, ""energy_transferred_to_offspring"": 160.0}",180c0b7f3a38e24e6d314203f96ddeb88c2fb8d40f7bd9a78ffffcf8f82a0374
control,,,reproduction_cost_zero,8,0cbdb0629081a678,phase-zero-vm-0.2,phase-one-measurement-0.1,2000,31,20,1,31,2,3,1,2,3,2,2,3182,0,31,31,0,0.0,496,4,-1.03e-08,"{""energy_exhausted_maintenance"": 1}","{""energy_captured"": 21000.0, ""energy_execution"": 159.1, ""energy_input"": 20000.0, ""energy_maintenance"": 12368.6, ""energy_released_on_death"": 0.0, ""energy_reproduction_cost"": 0.0, ""energy_transferred_to_offspring"": 160.0}",07260acb32a5077fd32e034c59d493b5134fe92fea08c20bea8815a82d8a5ce9
control,,,reproduction_cost_zero,9,191b9073bc42e3c5,phase-zero-vm-0.2,phase-one-measurement-0.1,2000,31,21,2,31,1,3,1,2,3,2,2,2230,2,31,31,0,0.0,496,4,-1.03e-08,"{""vm_fault:division_without_complete_copy"": 1, ""vm_fault:invalid_register:7"": 1}","{""energy_captured"": 21019.3, ""energy_execution"": 111.5, ""energy_input"": 20000.0, ""energy_maintenance"": 12367.8, ""energy_released_on_death"": 19.3, ""energy_reproduction_cost"": 0.0, ""energy_transferred_to_offspring"": 168.0}",24cfb0f8031c2a7e666c769816367cf04df97365afa0eeff05427978119ab8c4
control,,,reproduction_cost_zero,10,d1285c587913a428,phase-zero-vm-0.2,phase-one-measurement-0.1,2000,31,19,0,31,1,1,1,1,1,0,2,2100,0,31,31,0,0.0,496,4,-1.03e-08,{},"{""energy_captured"": 21000.0, ""energy_execution"": 105.0, ""energy_input"": 20000.0, ""energy_maintenance"": 12368.8, ""energy_released_on_death"": 0.0, ""energy_reproduction_cost"": 0.0, ""energy_transferred_to_offspring"": 152.0}",1fcdbf5808ca45cef35a19cd5503da8729265c686874f5a440e72ccf4f96bb76
control,,,reproduction_cost_zero,11,784cc9b67be196c4,phase-zero-vm-0.2,phase-one-measurement-0.1,2000,31,19,0,31,1,1,1,1,1,0,2,2100,0,31,31,0,0.0,496,4,-1.03e-08,{},"{""energy_captured"": 21000.0, ""energy_execution"": 105.0, ""energy_input"": 20000.0, ""energy_maintenance"": 12368.8, ""energy_released_on_death"": 0.0, ""energy_reproduction_cost"": 0.0, ""energy_transferred_to_offspring"": 152.0}",373280006199d7d2c7ce593046f49ab044dedbee8d443c9eb2dd3501159e923a
control,,,reproduction_cost_zero,12,e7f1309dcd5d7240,phase-zero-vm-0.2,phase-one-measurement-0.1,2000,31,20,1,31,2,3,1,2,3,2,2,2183,1,31,31,0,0.0,496,4,-1.03e-08,"{""vm_fault:division_without_complete_copy"": 1}","{""energy_captured"": 21010.75, ""energy_execution"": 109.15, ""energy_input"": 20000.0, ""energy_maintenance"": 12368.8, ""energy_released_on_death"": 10.75, ""energy_reproduction_cost"": 0.0, ""energy_transferred_to_offspring"": 160.0}",061afc38906f15d6b5ad0826a1f10f49dae32b6bec4e6c0fa6510225972fa422
control,,,reproduction_cost_zero,13,b713bfd425c74ab8,phase-zero-vm-0.2,phase-one-measurement-0.1,2000,31,23,4,31,1,5,1,4,5,4,2,2306,4,31,31,0,0.0,496,4,-1.03e-08,"{""vm_fault:division_without_complete_copy"": 2, ""vm_fault:invalid_register:7"": 1, ""vm_fault:invalid_register:8"": 1}","{""energy_captured"": 21035.7, ""energy_execution"": 115.3, ""energy_input"": 20000.0, ""energy_maintenance"": 12366.4, ""energy_released_on_death"": 35.7, ""energy_reproduction_cost"": 0.0, ""energy_transferred_to_offspring"": 184.0}",7964f26788c962194ffd9eedd30498c5ff10c4e1dc5c79747661f3807db9220b
control,,,reproduction_cost_zero,14,66a1bdca46f93a23,phase-zero-vm-0.2,phase-one-measurement-0.1,2000,31,21,2,31,1,3,1,2,3,2,2,2226,2,31,31,0,0.0,496,4,-1.03e-08,"{""vm_fault:instruction_pointer_out_of_bounds:8"": 1, ""vm_fault:invalid_memory_address:8"": 1}","{""energy_captured"": 21019.5, ""energy_execution"": 111.3, ""energy_input"": 20000.0, ""energy_maintenance"": 12367.8, ""energy_released_on_death"": 19.5, ""energy_reproduction_cost"": 0.0, ""energy_transferred_to_offspring"": 168.0}",b464eee644e42689c3822a33aeaf9b1f95400f5c2edc043f65a44d1b31aca7d7
control,,,reproduction_cost_zero,15,d4ee13017dbef1fd,phase-zero-vm-0.2,phase-one-measurement-0.1,2000,31,24,5,31,1,5,1,5,5,5,2,2443,5,31,31,0,0.0,496,4,-1.03e-08,"{""vm_fault:division_without_complete_copy"": 2, ""vm_fault:invalid_program_address:248"": 1, ""vm_fault:invalid_program_address:8"": 2}","{""energy_captured"": 21049.35, ""energy_execution"": 122.15, ""energy_input"": 20000.0, ""energy_maintenance"": 12366.8, ""energy_released_on_death"": 49.35, ""energy_reproduction_cost"": 0.0, ""energy_transferred_to_offspring"": 192.0}",2ecd150480cb8d91f276ee56a3343ebdf3a1d32f6caa098304ca1929ed60139d
control,,,reproduction_cost_zero,16,86fd8bb5659c7345,phase-zero-vm-0.2,phase-one-measurement-0.1,2000,31,20,1,31,1,2,1,1,2,1,2,2184,1,31,31,0,0.0,496,4,-1.03e-08,"{""vm_fault:instruction_pointer_out_of_bounds:8"": 1}","{""energy_captured"": 21010.7, ""energy_execution"": 109.2, ""energy_input"": 20000.0, ""energy_maintenance"": 12368.8, ""energy_released_on_death"": 10.7, ""energy_reproduction_cost"": 0.0, ""energy_transferred_to_offspring"": 160.0}",2d24bc7253e15e4db5905d383d1e1bb4fc511c6aa90f63caa10ede16d134531f
control,,,reproduction_cost_zero,17,6e87f29a300a6c78,phase-zero-vm-0.2,phase-one-measurement-0.1,2000,31,20,1,31,1,2,1,1,2,1,3,3518,0,31,31,0,0.0,496,4,-1.03e-08,"{""energy_exhausted_execution"": 1}","{""energy_captured"": 21000.0, ""energy_execution"": 175.7, ""energy_input"": 20000.0, ""energy_maintenance"": 12368.8, ""energy_released_on_death"": 0.0, ""energy_reproduction_cost"": 0.0, ""energy_transferred_to_offspring"": 160.0}",1e8c800e47a8a94797f91e3aa4d49844e0b56cc95cd574a875c8fca19b8028d6
control,,,reproduction_cost_zero,18,aaa295cca3afe89f,phase-zero-vm-0.2,phase-one-measurement-0.1,2000,31,19,0,31,1,1,1,1,1,0,2,2100,0,31,31,0,0.0,496,4,-1.03e-08,{},"{""energy_captured"": 21000.0, ""energy_execution"": 105.0, ""energy_input"": 20000.0, ""energy_maintenance"": 12368.8, ""energy_released_on_death"": 0.0, ""energy_reproduction_cost"": 0.0, ""energy_transferred_to_offspring"": 152.0}",c76416ea3930371a0919ca806c3ee7e91664cb74d8a2928403102452010b31de
control,,,reproduction_cost_zero,19,7ff3cd43898ea2d8,phase-zero-vm-0.2,phase-one-measurement-0.1,2000,31,20,1,31,1,2,1,1,2,1,2,2184,1,31,31,0,0.0,496,4,-1.03e-08,"{""vm_fault:instruction_pointer_out_of_bounds:8"": 1}","{""energy_captured"": 21010.7, ""energy_execution"": 109.2, ""energy_input"": 20000.0, ""energy_maintenance"": 12368.8, ""energy_released_on_death"": 10.7, ""energy_reproduction_cost"": 0.0, ""energy_transferred_to_offspring"": 160.0}",fd386bbb0faf8da75f66e3ec6166d44f413b76b4c88f4128bc993d83547e2a82
control,,,reproduction_cost_zero,20,9e23d1c6bd74e3d5,phase-zero-vm-0.2,phase-one-measurement-0.1,2000,31,22,3,31,1,4,1,3,4,3,2,2277,3,31,31,0,0.0,496,4,-1.03e-08,"{""vm_fault:division_without_complete_copy"": 1, ""vm_fault:invalid_program_address:8"": 2}","{""energy_captured"": 21027.85, ""energy_execution"": 113.85, ""energy_input"": 20000.0, ""energy_maintenance"": 12367.8, ""energy_released_on_death"": 27.85, ""energy_reproduction_cost"": 0.0, ""energy_transferred_to_offspring"": 176.0}",dae4f03b3a1ae6924539d608d4c4a78d8e326a00977d445b12280b9f0066f57e
control,,,reproduction_cost_zero,21,11314493ab06f232,phase-zero-vm-0.2,phase-one-measurement-0.1,2000,31,19,0,31,1,1,1,1,1,0,2,2100,0,31,31,0,0.0,496,4,-1.03e-08,{},"{""energy_captured"": 21000.0, ""energy_execution"": 105.0, ""energy_input"": 20000.0, ""energy_maintenance"": 12368.8, ""energy_released_on_death"": 0.0, ""energy_reproduction_cost"": 0.0, ""energy_transferred_to_offspring"": 152.0}",9935e9b7597d84a26b65d86a245c5d29f5db6bbf03908c3b31ccc9dca663478e
control,,,reproduction_cost_zero,22,ee8f7e6e80107abf,phase-zero-vm-0.2,phase-one-measurement-0.1,2000,31,21,2,31,1,3,1,2,3,2,2,2197,2,31,31,0,0.0,496,4,-1.03e-08,"{""vm_fault:division_without_complete_copy"": 2}","{""energy_captured"": 21016.95, ""energy_execution"": 109.85, ""energy_input"": 20000.0, ""energy_maintenance"": 12367.8, ""energy_released_on_death"": 16.95, ""energy_reproduction_cost"": 0.0, ""energy_transferred_to_offspring"": 168.0}",080f378bd9c81d1449487ccca014057a76eff51a6e3840df62405832642da258
control,,,reproduction_cost_zero,23,2216194c11c4fcd8,phase-zero-vm-0.2,phase-one-measurement-0.1,2000,31,20,1,31,2,3,2,2,3,2,2,2183,1,31,31,0,0.0,496,4,-1.03e-08,"{""vm_fault:division_without_complete_copy"": 1}","{""energy_captured"": 21010.75, ""energy_execution"": 109.15, ""energy_input"": 20000.0, ""energy_maintenance"": 12368.8, ""energy_released_on_death"": 10.75, ""energy_reproduction_cost"": 0.0, ""energy_transferred_to_offspring"": 160.0}",48227c271025451a3b6e7e37376433c314d4a935562e341e4e7b4fe2ff6a2415
control,,,reproduction_cost_zero,24,85af23e8af3272cc,phase-zero-vm-0.2,phase-one-measurement-0.1,2000,31,20,1,31,2,3,2,2,3,2,2,2184,1,31,31,0,0.0,496,4,-1.03e-08,"{""vm_fault:invalid_program_address:8"": 1}","{""energy_captured"": 21010.7, ""energy_execution"": 109.2, ""energy_input"": 20000.0, ""energy_maintenance"": 12368.8, ""energy_released_on_death"": 10.7, ""energy_reproduction_cost"": 0.0, ""energy_transferred_to_offspring"": 160.0}",b1c4ca566a47f6ef463f8fb288de0d4eedd9b21c706de65e9b074a0b6fe39363
control,,,reproduction_cost_zero,25,e7265bda42565946,phase-zero-vm-0.2,phase-one-measurement-0.1,2000,31,19,0,31,1,1,1,1,1,0,2,2100,0,31,31,0,0.0,496,4,-1.03e-08,{},"{""energy_captured"": 21000.0, ""energy_execution"": 105.0, ""energy_input"": 20000.0, ""energy_maintenance"": 12368.8, ""energy_released_on_death"": 0.0, ""energy_reproduction_cost"": 0.0, ""energy_transferred_to_offspring"": 152.0}",36bd947dcc283089b79f94ef75dfcfa387f9ff6bac5b62224016201a69caaf6a
control,,,reproduction_cost_zero,26,80976a4baed2972d,phase-zero-vm-0.2,phase-one-measurement-0.1,2000,31,20,1,31,2,3,2,2,3,2,2,3198,0,30,30,0,0.0,496,4,-1.03e-08,"{""energy_exhausted_execution"": 1}","{""energy_captured"": 21000.0, ""energy_execution"": 159.7, ""energy_input"": 20000.0, ""energy_maintenance"": 12368.8, ""energy_released_on_death"": 0.0, ""energy_reproduction_cost"": 0.0, ""energy_transferred_to_offspring"": 160.0}",1b1697b921242f5faaf9fe05edd126cb4b0010efb1736bf8976188e413985ae0
control,,,reproduction_cost_zero,27,a803a7865d5f4d44,phase-zero-vm-0.2,phase-one-measurement-0.1,2000,31,20,1,31,1,2,1,1,2,1,2,2168,1,31,31,0,0.0,496,4,-1.03e-08,"{""vm_fault:division_without_complete_copy"": 1}","{""energy_captured"": 21009.9, ""energy_execution"": 108.4, ""energy_input"": 20000.0, ""energy_maintenance"": 12368.4, ""energy_released_on_death"": 9.9, ""energy_reproduction_cost"": 0.0, ""energy_transferred_to_offspring"": 160.0}",e1e0dfa88ab453f0e3888de3280c924f32202d4bef7319deb678737cdb1060ac
control,,,reproduction_cost_zero,28,9a16601388239723,phase-zero-vm-0.2,phase-one-measurement-0.1,2000,31,20,1,31,1,2,1,1,2,1,2,2181,1,31,31,0,0.0,496,4,-1.03e-08,"{""vm_fault:invalid_program_address:8"": 1}","{""energy_captured"": 21010.05, ""energy_execution"": 109.05, ""energy_input"": 20000.0, ""energy_maintenance"": 12368.6, ""energy_released_on_death"": 10.05, ""energy_reproduction_cost"": 0.0, ""energy_transferred_to_offspring"": 160.0}",385b2dd680130d8a97e7627096ca9248328e3fc3102db691728423dd9386fcf8
control,,,reproduction_cost_zero,29,f27e0869e4ced909,phase-zero-vm-0.2,phase-one-measurement-0.1,2000,31,22,3,31,1,4,1,3,4,3,2,2238,3,31,31,0,0.0,496,4,-1.03e-08,"{""vm_fault:division_without_complete_copy"": 1, ""vm_fault:invalid_memory_address:8"": 1, ""vm_fault:invalid_register:7"": 1}","{""energy_captured"": 21025.8, ""energy_execution"": 111.9, ""energy_input"": 20000.0, ""energy_maintenance"": 12366.8, ""energy_released_on_death"": 25.8, ""energy_reproduction_cost"": 0.0, ""energy_transferred_to_offspring"": 176.0}",047142e63979c82c33358f30fb11bb7378993b1779299e2fbe253a6c47dcc1e5
control,,,reproduction_cost_zero,30,cdb774a042d9a475,phase-zero-vm-0.2,phase-one-measurement-0.1,2000,31,21,2,31,1,3,1,2,3,2,2,3337,1,31,31,0,0.0,496,4,-1.03e-08,"{""energy_exhausted_execution"": 1, ""vm_fault:division_without_complete_copy"": 1}","{""energy_captured"": 21010.75, ""energy_execution"": 166.45, ""energy_input"": 20000.0, ""energy_maintenance"": 12368.8, ""energy_released_on_death"": 10.75, ""energy_reproduction_cost"": 0.0, ""energy_transferred_to_offspring"": 168.0}",9796e772885c8a6521ff08acd8c53ec0754121ac8ddf5ac5fcba33d7164edf9d
sensitivity,world.memory_capacity,250,world.memory_capacity=250,1,092e5b95f22e528c,phase-zero-vm-0.2,phase-one-measurement-0.1,2000,15,4,1,15,1,2,1,1,2,1,1,802,1,15,15,0,0.0,240,10,3.9e-09,"{""vm_fault:division_without_complete_copy"": 1}","{""energy_captured"": 21008.6, ""energy_execution"": 40.1, ""energy_input"": 20000.0, ""energy_maintenance"": 5996.4, ""energy_released_on_death"": 8.6, ""energy_reproduction_cost"": 48.0, ""energy_transferred_to_offspring"": 32.0}",c878a71916ea60edddc500a8e57a9592dcda0687d43d28a6e22e8847c1dff4d6
sensitivity,world.memory_capacity,250,world.memory_capacity=250,2,bf966b0df09d9bf8,phase-zero-vm-0.2,phase-one-measurement-0.1,2000,15,3,0,15,1,1,1,1,1,0,1,756,0,15,15,0,0.0,240,10,3.9e-09,{},"{""energy_captured"": 21000.0, ""energy_execution"": 37.8, ""energy_input"": 20000.0, ""energy_maintenance"": 5996.4, ""energy_released_on_death"": 0.0, ""energy_reproduction_cost"": 36.0, ""energy_transferred_to_offspring"": 24.0}",e0d54187a158f99784d4f070567789278322c3e32770471def32c52bb345e9b3
sensitivity,world.memory_capacity,250,world.memory_capacity=250,3,2551ce305bc96dee,phase-zero-vm-0.2,phase-one-measurement-0.1,2000,15,3,0,15,1,1,1,1,1,0,1,756,0,15,15,0,0.0,240,10,3.9e-09,{},"{""energy_captured"": 21000.0, ""energy_execution"": 37.8, ""energy_input"": 20000.0, ""energy_maintenance"": 5996.4, ""energy_released_on_death"": 0.0, ""energy_reproduction_cost"": 36.0, ""energy_transferred_to_offspring"": 24.0}",47434256a83e13a9b9be77c67fbc22aee08b8d0ea59bbe13aca200167d16cab0
sensitivity,world.memory_capacity,250,world.memory_capacity=250,4,04a8e5e774827dc4,phase-zero-vm-0.2,phase-one-measurement-0.1,2000,15,3,0,15,1,1,1,1,1,0,1,756,0,15,15,0,0.0,240,10,3.9e-09,{},"{""energy_captured"": 21000.0, ""energy_execution"": 37.8, ""energy_input"": 20000.0, ""energy_maintenance"": 5996.4, ""energy_released_on_death"": 0.0, ""energy_reproduction_cost"": 36.0, ""energy_transferred_to_offspring"": 24.0}",e8106e19c398ae62809cdb27f051f1ab3372fedc0cce3f912d6cd6a1239b5834
sensitivity,world.memory_capacity,250,world.memory_capacity=250,5,0028e8292b207bc6,phase-zero-vm-0.2,phase-one-measurement-0.1,2000,15,3,0,15,1,1,1,1,1,0,1,756,0,15,15,0,0.0,240,10,3.9e-09,{},"{""energy_captured"": 21000.0, ""energy_execution"": 37.8, ""energy_input"": 20000.0, ""energy_maintenance"": 5996.4, ""energy_released_on_death"": 0.0, ""energy_reproduction_cost"": 36.0, ""energy_transferred_to_offspring"": 24.0}",d1e1f93ebd5c99c2fc7fe57e165998ce1799e07beaedc665d85900d9ec81b802
sensitivity,world.memory_capacity,250,world.memory_capacity=250,6,f49e64dd06cacce9,phase-zero-vm-0.2,phase-one-measurement-0.1,2000,15,3,0,15,1,1,1,1,1,0,1,756,0,15,15,0,0.0,240,10,3.9e-09,{},"{""energy_captured"": 21000.0, ""energy_execution"": 37.8, ""energy_input"": 20000.0, ""energy_maintenance"": 5996.4, ""energy_released_on_death"": 0.0, ""energy_reproduction_cost"": 36.0, ""energy_transferred_to_offspring"": 24.0}",525ed42fc9512591bb66678575e55a1acda2a8da01fdf8f22e3e61e4b895c41b
sensitivity,world.memory_capacity,250,world.memory_capacity=250,7,159311f02b3edb36,phase-zero-vm-0.2,phase-one-measurement-0.1,2000,15,3,0,15,1,1,1,1,1,0,1,756,0,15,15,0,0.0,240,10,3.9e-09,{},"{""energy_captured"": 21000.0, ""energy_execution"": 37.8, ""energy_input"": 20000.0, ""energy_maintenance"": 5996.4, ""energy_released_on_death"": 0.0, ""energy_reproduction_cost"": 36.0, ""energy_transferred_to_offspring"": 24.0}",26602405ee3e8c2ea1e1794b4221fd23e24e23006beb4d04f72b914542cd2b41
sensitivity,world.memory_capacity,250,world.memory_capacity=250,8,7271bbf23c0eabd5,phase-zero-vm-0.2,phase-one-measurement-0.1,2000,15,3,0,15,1,1,1,1,1,0,1,756,0,15,15,0,0.0,240,10,3.9e-09,{},"{""energy_captured"": 21000.0, ""energy_execution"": 37.8, ""energy_input"": 20000.0, ""energy_maintenance"": 5996.4, ""energy_released_on_death"": 0.0, ""energy_reproduction_cost"": 36.0, ""energy_transferred_to_offspring"": 24.0}",4ef467402db4b13b924f9807e721535e2d87e72480726d2850c1109362074aca
sensitivity,world.memory_capacity,250,world.memory_capacity=250,9,71235fa1892860a3,phase-zero-vm-0.2,phase-one-measurement-0.1,2000,15,4,1,15,1,2,1,1,2,1,1,803,1,15,15,0,0.0,240,10,3.9e-09,"{""vm_fault:invalid_register:7"": 1}","{""energy_captured"": 21008.55, ""energy_execution"": 40.15, ""energy_input"": 20000.0, ""energy_maintenance"": 5996.4, ""energy_released_on_death"": 8.55, ""energy_reproduction_cost"": 48.0, ""energy_transferred_to_offspring"": 32.0}",dede3dd19a57bc8221126e310ac90486da274fa060be4727e29026c63f6ae0b8
sensitivity,world.memory_capacity,250,world.memory_capacity=250,10,8198604500795145,phase-zero-vm-0.2,phase-one-measurement-0.1,2000,15,3,0,15,1,1,1,1,1,0,1,756,0,15,15,0,0.0,240,10,3.9e-09,{},"{""energy_captured"": 21000.0, ""energy_execution"": 37.8, ""energy_input"": 20000.0, ""energy_maintenance"": 5996.4, ""energy_released_on_death"": 0.0, ""energy_reproduction_cost"": 36.0, ""energy_transferred_to_offspring"": 24.0}",02cffbba4f3ea590a49b278d03edab92443c87b571301e5b5de6eddecf923b87
sensitivity,world.memory_capacity,250,world.memory_capacity=250,11,c10a0a7a8d9cd38e,phase-zero-vm-0.2,phase-one-measurement-0.1,2000,15,3,0,15,1,1,1,1,1,0,1,756,0,15,15,0,0.0,240,10,3.9e-09,{},"{""energy_captured"": 21000.0, ""energy_execution"": 37.8, ""energy_input"": 20000.0, ""energy_maintenance"": 5996.4, ""energy_released_on_death"": 0.0, ""energy_reproduction_cost"": 36.0, ""energy_transferred_to_offspring"": 24.0}",06dc242bb9543740aef1cb36b79fe425c7a4bd60afd076f093159b805ffc06f0
sensitivity,world.memory_capacity,250,world.memory_capacity=250,12,f987bd3a93419af9,phase-zero-vm-0.2,phase-one-measurement-0.1,2000,15,3,0,15,1,1,1,1,1,0,1,756,0,15,15,0,0.0,240,10,3.9e-09,{},"{""energy_captured"": 21000.0, ""energy_execution"": 37.8, ""energy_input"": 20000.0, ""energy_maintenance"": 5996.4, ""energy_released_on_death"": 0.0, ""energy_reproduction_cost"": 36.0, ""energy_transferred_to_offspring"": 24.0}",7ef8851f2e6c1a8d6097b8492bae661c4e062a3d35c2bea3844734a7ec214d7d
sensitivity,world.memory_capacity,250,world.memory_capacity=250,13,3db0d293880a5c8e,phase-zero-vm-0.2,phase-one-measurement-0.1,2000,15,3,0,15,1,1,1,1,1,0,1,756,0,15,15,0,0.0,240,10,3.9e-09,{},"{""energy_captured"": 21000.0, ""energy_execution"": 37.8, ""energy_input"": 20000.0, ""energy_maintenance"": 5996.4, ""energy_released_on_death"": 0.0, ""energy_reproduction_cost"": 36.0, ""energy_transferred_to_offspring"": 24.0}",1c53ba2a9beaadcdaf3ad42e9fe90faf0fce75ff658724c008ae56062aef2572
sensitivity,world.memory_capacity,250,world.memory_capacity=250,14,ad6ef8067b8c7f63,phase-zero-vm-0.2,phase-one-measurement-0.1,2000,15,3,0,15,1,1,1,1,1,0,1,756,0,15,15,0,0.0,240,10,3.9e-09,{},"{""energy_captured"": 21000.0, ""energy_execution"": 37.8, ""energy_input"": 20000.0, ""energy_maintenance"": 5996.4, ""energy_released_on_death"": 0.0, ""energy_reproduction_cost"": 36.0, ""energy_transferred_to_offspring"": 24.0}",3007cd59d6b3fbc17b8ea3ba1de8225dfbcfa2f35ee208c458984f4fb1364512
sensitivity,world.memory_capacity,250,world.memory_capacity=250,15,4a9ab549f8d30e96,phase-zero-vm-0.2,phase-one-measurement-0.1,2000,15,5,2,15,1,3,1,2,3,2,1,848,2,15,15,0,0.0,240,10,3.9e-09,"{""vm_fault:division_without_complete_copy"": 1, ""vm_fault:invalid_program_address:248"": 1}","{""energy_captured"": 21017.2, ""energy_execution"": 42.4, ""energy_input"": 20000.0, ""energy_maintenance"": 5996.2, ""energy_released_on_death"": 17.2, ""energy_reproduction_cost"": 60.0, ""energy_transferred_to_offspring"": 40.0}",09988c75b60545f9044f5dac94834a73f2817b2e948e4bfb58bd1777619a1473
sensitivity,world.memory_capacity,250,world.memory_capacity=250,16,19ade14299b51fe8,phase-zero-vm-0.2,phase-one-measurement-0.1,2000,15,3,0,15,1,1,1,1,1,0,1,756,0,15,15,0,0.0,240,10,3.9e-09,{},"{""energy_captured"": 21000.0, ""energy_execution"": 37.8, ""energy_input"": 20000.0, ""energy_maintenance"": 5996.4, ""energy_released_on_death"": 0.0, ""energy_reproduction_cost"": 36.0, ""energy_transferred_to_offspring"": 24.0}",32a725d0b68a98da772604742bd8d79b29291f10d70de916e111d6092272b714
sensitivity,world.memory_capacity,250,world.memory_capacity=250,17,3f4c0c699bc6f5fd,phase-zero-vm-0.2,phase-one-measurement-0.1,2000,15,3,0,15,1,1,1,1,1,0,1,756,0,15,15,0,0.0,240,10,3.9e-09,{},"{""energy_captured"": 21000.0, ""energy_execution"": 37.8, ""energy_input"": 20000.0, ""energy_maintenance"": 5996.4, ""energy_released_on_death"": 0.0, ""energy_reproduction_cost"": 36.0, ""energy_transferred_to_offspring"": 24.0}",321d4b2b0099f2c59b6df4d9dd20f949e13e6ba16f12dc5561a97824c2aa2bb0
sensitivity,world.memory_capacity,250,world.memory_capacity=250,18,164c49a9012e90a7,phase-zero-vm-0.2,phase-one-measurement-0.1,2000,15,3,0,15,1,1,1,1,1,0,1,756,0,15,15,0,0.0,240,10,3.9e-09,{},"{""energy_captured"": 21000.0, ""energy_execution"": 37.8, ""energy_input"": 20000.0, ""energy_maintenance"": 5996.4, ""energy_released_on_death"": 0.0, ""energy_reproduction_cost"": 36.0, ""energy_transferred_to_offspring"": 24.0}",f4b8ef1a081a08fb0115f14149cc2dd2a8ada912905fd73d81f35731d923bed2
sensitivity,world.memory_capacity,250,world.memory_capacity=250,19,d7e81ae170458b77,phase-zero-vm-0.2,phase-one-measurement-0.1,2000,15,4,1,15,1,2,1,1,2,1,1,840,1,15,15,0,0.0,240,10,3.9e-09,"{""vm_fault:instruction_pointer_out_of_bounds:8"": 1}","{""energy_captured"": 21010.7, ""energy_execution"": 42.0, ""energy_input"": 20000.0, ""energy_maintenance"": 5996.4, ""energy_released_on_death"": 10.7, ""energy_reproduction_cost"": 48.0, ""energy_transferred_to_offspring"": 32.0}",c7a4c0d45f5ca2dd5e889e9047a32834196f36dbd8d1e2c342e0d3472f1e1794
sensitivity,world.memory_capacity,250,world.memory_capacity=250,20,ed5ce1bba656bb90,phase-zero-vm-0.2,phase-one-measurement-0.1,2000,15,3,0,15,1,1,1,1,1,0,1,756,0,15,15,0,0.0,240,10,3.9e-09,{},"{""energy_captured"": 21000.0, ""energy_execution"": 37.8, ""energy_input"": 20000.0, ""energy_maintenance"": 5996.4, ""energy_released_on_death"": 0.0, ""energy_reproduction_cost"": 36.0, ""energy_transferred_to_offspring"": 24.0}",244686668e961a0b718dfc5229c694d58a7fe6509be39f028c86930bb63e65e2
sensitivity,world.memory_capacity,250,world.memory_capacity=250,21,f913e08ac67564de,phase-zero-vm-0.2,phase-one-measurement-0.1,2000,15,3,0,15,1,1,1,1,1,0,1,756,0,15,15,0,0.0,240,10,3.9e-09,{},"{""energy_captured"": 21000.0, ""energy_execution"": 37.8, ""energy_input"": 20000.0, ""energy_maintenance"": 5996.4, ""energy_released_on_death"": 0.0, ""energy_reproduction_cost"": 36.0, ""energy_transferred_to_offspring"": 24.0}",7dc19865ee9cbb834662d4df1f23fdb2c5b04d93a1bbdba70a035cba807eb05c
sensitivity,world.memory_capacity,250,world.memory_capacity=250,22,6c3bff5b8ca4c888,phase-zero-vm-0.2,phase-one-measurement-0.1,2000,15,3,0,15,1,1,1,1,1,0,1,756,0,15,15,0,0.0,240,10,3.9e-09,{},"{""energy_captured"": 21000.0, ""energy_execution"": 37.8, ""energy_input"": 20000.0, ""energy_maintenance"": 5996.4, ""energy_released_on_death"": 0.0, ""energy_reproduction_cost"": 36.0, ""energy_transferred_to_offspring"": 24.0}",349ee51d3f517158153fa007a01b1b5468f2fee5a45b3d8486dc1f34037616fa
sensitivity,world.memory_capacity,250,world.memory_capacity=250,23,92dc53995ee1b17a,phase-zero-vm-0.2,phase-one-measurement-0.1,2000,15,3,0,15,1,1,1,1,1,0,1,756,0,15,15,0,0.0,240,10,3.9e-09,{},"{""energy_captured"": 21000.0, ""energy_execution"": 37.8, ""energy_input"": 20000.0, ""energy_maintenance"": 5996.4, ""energy_released_on_death"": 0.0, ""energy_reproduction_cost"": 36.0, ""energy_transferred_to_offspring"": 24.0}",c0db2ab9841b0e3ffd9fa26b0f5f197dee34090b58bc1a0158b0590d5d42924d
sensitivity,world.memory_capacity,250,world.memory_capacity=250,24,db82d2deed574e9e,phase-zero-vm-0.2,phase-one-measurement-0.1,2000,15,3,0,15,1,1,1,1,1,0,1,756,0,15,15,0,0.0,240,10,3.9e-09,{},"{""energy_captured"": 21000.0, ""energy_execution"": 37.8, ""energy_input"": 20000.0, ""energy_maintenance"": 5996.4, ""energy_released_on_death"": 0.0, ""energy_reproduction_cost"": 36.0, ""energy_transferred_to_offspring"": 24.0}",048d951ffe1ffb26d1235f558f9468fee68aec83ab22b6a0feabddbbb0437755
sensitivity,world.memory_capacity,250,world.memory_capacity=250,25,acb197ea50147715,phase-zero-vm-0.2,phase-one-measurement-0.1,2000,15,3,0,15,1,1,1,1,1,0,1,756,0,15,15,0,0.0,240,10,3.9e-09,{},"{""energy_captured"": 21000.0, ""energy_execution"": 37.8, ""energy_input"": 20000.0, ""energy_maintenance"": 5996.4, ""energy_released_on_death"": 0.0, ""energy_reproduction_cost"": 36.0, ""energy_transferred_to_offspring"": 24.0}",2f9be407a50dfc488dbb2d96307fc8747352242dd3376fd949b61ed10557a625
sensitivity,world.memory_capacity,250,world.memory_capacity=250,26,2c14a781add82c29,phase-zero-vm-0.2,phase-one-measurement-0.1,2000,15,3,0,15,2,2,1,1,2,1,1,16666,0,14,14,0,0.0,240,10,3.9e-09,{},"{""energy_captured"": 21000.0, ""energy_execution"": 833.3, ""energy_input"": 20000.0, ""energy_maintenance"": 5996.4, ""energy_released_on_death"": 0.0, ""energy_reproduction_cost"": 36.0, ""energy_transferred_to_offspring"": 24.0}",93f47cae470ff9853e98341918893f27c6ee995faab024bedd18b24eafa975bd
sensitivity,world.memory_capacity,250,world.memory_capacity=250,27,a0f25a105e0debc4,phase-zero-vm-0.2,phase-one-measurement-0.1,2000,15,3,0,15,1,1,1,1,1,0,1,756,0,15,15,0,0.0,240,10,3.9e-09,{},"{""energy_captured"": 21000.0, ""energy_execution"": 37.8, ""energy_input"": 20000.0, ""energy_maintenance"": 5996.4, ""energy_released_on_death"": 0.0, ""energy_reproduction_cost"": 36.0, ""energy_transferred_to_offspring"": 24.0}",9df6f0b27f371f2195b82150dececd2c5162b7ad544b709ad69bf50d2cd9c321
sensitivity,world.memory_capacity,250,world.memory_capacity=250,28,45f6e5187d5662b8,phase-zero-vm-0.2,phase-one-measurement-0.1,2000,15,4,1,15,1,2,1,1,2,1,1,837,1,15,15,0,0.0,240,10,3.9e-09,"{""vm_fault:invalid_program_address:8"": 1}","{""energy_captured"": 21010.05, ""energy_execution"": 41.85, ""energy_input"": 20000.0, ""energy_maintenance"": 5996.4, ""energy_released_on_death"": 10.05, ""energy_reproduction_cost"": 48.0, ""energy_transferred_to_offspring"": 32.0}",871d9a391f43119d8bd2c33db73ab7ae6cf592652b1dfa0b8299f2cd72f47a98
sensitivity,world.memory_capacity,250,world.memory_capacity=250,29,a6e496d3775f0c7f,phase-zero-vm-0.2,phase-one-measurement-0.1,2000,15,4,1,15,1,2,1,1,2,1,1,803,1,15,15,0,0.0,240,10,3.9e-09,"{""vm_fault:invalid_register:7"": 1}","{""energy_captured"": 21008.55, ""energy_execution"": 40.15, ""energy_input"": 20000.0, ""energy_maintenance"": 5996.2, ""energy_released_on_death"": 8.55, ""energy_reproduction_cost"": 48.0, ""energy_transferred_to_offspring"": 32.0}",a0057440ae2965000af8d125afdc9a22f50977bfda7216ceed68be1ad15f548d
sensitivity,world.memory_capacity,250,world.memory_capacity=250,30,8020e1bbee0e4314,phase-zero-vm-0.2,phase-one-measurement-0.1,2000,15,3,0,15,2,2,1,1,2,1,1,16666,0,14,14,0,0.0,240,10,3.9e-09,{},"{""energy_captured"": 21000.0, ""energy_execution"": 833.3, ""energy_input"": 20000.0, ""energy_maintenance"": 5996.4, ""energy_released_on_death"": 0.0, ""energy_reproduction_cost"": 36.0, ""energy_transferred_to_offspring"": 24.0}",7691e4f12248c2dd9d90be7a615205f3ca57a8cb4b735a0d74bfff63b25a2e47
sensitivity,world.memory_capacity,500,world.memory_capacity=500,1,7d6516f717c33885,phase-zero-vm-0.2,phase-one-measurement-0.1,2000,31,22,3,31,1,4,1,3,4,3,2,2313,3,31,31,0,0.0,496,4,-1.02e-08,"{""vm_fault:division_without_complete_copy"": 1, ""vm_fault:invalid_program_address:8"": 2}","{""energy_captured"": 21030.05, ""energy_execution"": 115.65, ""energy_input"": 20000.0, ""energy_maintenance"": 12346.2, ""energy_released_on_death"": 30.05, ""energy_reproduction_cost"": 264.0, ""energy_transferred_to_offspring"": 176.0}",77ce431d1686a9cb43dd503952991a778d28213bfbd5adbe56d8b4820a3a4b02
sensitivity,world.memory_capacity,500,world.memory_capacity=500,2,e42bf3936a091ecc,phase-zero-vm-0.2,phase-one-measurement-0.1,2000,31,21,2,31,2,4,1,3,4,3,2,2232,2,31,31,0,0.0,496,4,-1.02e-08,"{""vm_fault:division_without_complete_copy"": 2}","{""energy_captured"": 21019.2, ""energy_execution"": 111.6, ""energy_input"": 20000.0, ""energy_maintenance"": 12352.0, ""energy_released_on_death"": 19.2, ""energy_reproduction_cost"": 252.0, ""energy_transferred_to_offspring"": 168.0}",230f21002a38935215882746819995b244746f5629c45bd4ea946b4f777eec87
sensitivity,world.memory_capacity,500,world.memory_capacity=500,3,0dc1464b063c732c,phase-zero-vm-0.2,phase-one-measurement-0.1,2000,31,20,1,31,1,2,1,1,2,1,2,3462,0,31,31,0,0.0,496,4,-1.02e-08,"{""energy_exhausted_maintenance"": 1}","{""energy_captured"": 21000.0, ""energy_execution"": 173.1, ""energy_input"": 20000.0, ""energy_maintenance"": 12351.8, ""energy_released_on_death"": 0.0, ""energy_reproduction_cost"": 240.0, ""energy_transferred_to_offspring"": 160.0}",5bf01132d9f6f3a1f487fc8339b262a4fab0b84e6fc07ffbb2f15c305cf9e3e2
sensitivity,world.memory_capacity,500,world.memory_capacity=500,4,6d37390f4cf389c3,phase-zero-vm-0.2,phase-one-measurement-0.1,2000,31,19,0,31,1,1,1,1,1,0,2,2100,0,31,31,0,0.0,496,4,-1.02e-08,{},"{""energy_captured"": 21000.0, ""energy_execution"": 105.0, ""energy_input"": 20000.0, ""energy_maintenance"": 12352.0, ""energy_released_on_death"": 0.0, ""energy_reproduction_cost"": 228.0, ""energy_transferred_to_offspring"": 152.0}",6641978f65152a7e143ab7bb3f1d624330f0164d9a831f8818ea2645bd0824aa
sensitivity,world.memory_capacity,500,world.memory_capacity=500,5,2f24b36eab269c10,phase-zero-vm-0.2,phase-one-measurement-0.1,2000,31,19,0,31,1,1,1,1,1,0,2,2100,0,31,31,0,0.0,496,4,-1.02e-08,{},"{""energy_captured"": 21000.0, ""energy_execution"": 105.0, ""energy_input"": 20000.0, ""energy_maintenance"": 12352.0, ""energy_released_on_death"": 0.0, ""energy_reproduction_cost"": 228.0, ""energy_transferred_to_offspring"": 152.0}",9d2ea2309aa0a7dcf06cdb3d8d8972ff98286ddb51fed5dc6e3974ce73c28af4
sensitivity,world.memory_capacity,500,world.memory_capacity=500,6,16a81a341d274537,phase-zero-vm-0.2,phase-one-measurement-0.1,2000,31,20,1,31,1,2,1,1,2,1,2,2149,1,31,31,0,0.0,496,4,-1.02e-08,"{""vm_fault:division_without_complete_copy"": 1}","{""energy_captured"": 21008.45, ""energy_execution"": 107.45, ""energy_input"": 20000.0, ""energy_maintenance"": 12352.0, ""energy_released_on_death"": 8.45, ""energy_reproduction_cost"": 240.0, ""energy_transferred_to_offspring"": 160.0}",b818e075ae67553041d654c3de223ee190a2aa493839f13774c03e44b5c1e710
sensitivity,world.memory_capacity,500,world.memory_capacity=500,7,36ad6da380056418,phase-zero-vm-0.2,phase-one-measurement-0.1,2000,31,20,1,31,1,2,1,1,2,1,2,2149,1,31,31,0,0.0,496,4,-1.02e-08,"{""vm_fault:division_without_complete_copy"": 1}","{""energy_captured"": 21008.45, ""energy_execution"": 107.45, ""energy_input"": 20000.0, ""energy_maintenance"": 12348.6, ""energy_released_on_death"": 8.45, ""energy_reproduction_cost"": 240.0, ""energy_transferred_to_offspring"": 160.0}",45e89c41fd1413a8af84b8ee9b19b0e7eec8f11e0966277af193ed93fa6217c3
sensitivity,world.memory_capacity,500,world.memory_capacity=500,8,e06f904adf74a3d2,phase-zero-vm-0.2,phase-one-measurement-0.1,2000,31,20,1,31,3,4,2,3,4,3,2,3157,0,30,30,0,0.0,496,4,-1.02e-08,"{""energy_exhausted_execution"": 1}","{""energy_captured"": 21000.0, ""energy_execution"": 157.65, ""energy_input"": 20000.0, ""energy_maintenance"": 12352.0, ""energy_released_on_death"": 0.0, ""energy_reproduction_cost"": 240.0, ""energy_transferred_to_offspring"": 160.0}",a4b791f7c0893a733268929c91eb581ecdd2dfd10a5b37631c9e450aba208a7e
sensitivity,world.memory_capacity,500,world.memory_capacity=500,9,1ae1f50134bf085d,phase-zero-vm-0.2,phase-one-measurement-0.1,2000,31,21,2,31,1,3,1,2,3,2,2,3109,1,31,31,0,0.0,496,4,-1.02e-08,"{""energy_exhausted_maintenance"": 1, ""vm_fault:invalid_register:7"": 1}","{""energy_captured"": 21008.55, ""energy_execution"": 155.45, ""energy_input"": 20000.0, ""energy_maintenance"": 12348.4, ""energy_released_on_death"": 8.55, ""energy_reproduction_cost"": 252.0, ""energy_transferred_to_offspring"": 168.0}",332b929fb15610e09b2801596ec7bfa9a3736e53460d3cc4d2a6aecbf74d52c5
sensitivity,world.memory_capacity,500,world.memory_capacity=500,10,a791c95105f7560e,phase-zero-vm-0.2,phase-one-measurement-0.1,2000,31,20,1,31,1,2,1,1,2,1,2,2142,1,31,31,0,0.0,496,4,-1.02e-08,"{""vm_fault:invalid_register:8"": 1}","{""energy_captured"": 21008.8, ""energy_execution"": 107.1, ""energy_input"": 20000.0, ""energy_maintenance"": 12352.0, ""energy_released_on_death"": 8.8, ""energy_reproduction_cost"": 240.0, ""energy_transferred_to_offspring"": 160.0}",d8d767ae6ef78e057a50efe8c19e3eaaf9d39a822200da62e85b463ca3d8d97f
sensitivity,world.memory_capacity,500,world.memory_capacity=500,11,0198bf9d5210f796,phase-zero-vm-0.2,phase-one-measurement-0.1,2000,31,19,0,31,1,1,1,1,1,0,2,2100,0,31,31,0,0.0,496,4,-1.02e-08,{},"{""energy_captured"": 21000.0, ""energy_execution"": 105.0, ""energy_input"": 20000.0, ""energy_maintenance"": 12352.0, ""energy_released_on_death"": 0.0, ""energy_reproduction_cost"": 228.0, ""energy_transferred_to_offspring"": 152.0}",62bc4ab9cf65adffd87ad89669b12756076a3bda4333b804f54209d073eda58c
sensitivity,world.memory_capacity,500,world.memory_capacity=500,12,2e3f6d80a2a8240a,phase-zero-vm-0.2,phase-one-measurement-0.1,2000,31,20,1,31,2,3,1,2,3,2,2,2183,1,31,31,0,0.0,496,4,-1.02e-08,"{""vm_fault:division_without_complete_copy"": 1}","{""energy_captured"": 21010.75, ""energy_execution"": 109.15, ""energy_input"": 20000.0, ""energy_maintenance"": 12349.6, ""energy_released_on_death"": 10.75, ""energy_reproduction_cost"": 240.0, ""energy_transferred_to_offspring"": 160.0}",523d7669427640fdb9ba8d8a2ca36ececc76fe731b9497d66fda54c7b8e58d35
sensitivity,world.memory_capacity,500,world.memory_capacity=500,13,1e7a16db551e1de5,phase-zero-vm-0.2,phase-one-measurement-0.1,2000,31,23,4,31,1,5,1,4,5,4,2,2343,4,31,31,0,0.0,496,4,-1.02e-08,"{""vm_fault:division_without_complete_copy"": 2, ""vm_fault:instruction_pointer_out_of_bounds:8"": 1, ""vm_fault:invalid_register:8"": 1}","{""energy_captured"": 21037.85, ""energy_execution"": 117.15, ""energy_input"": 20000.0, ""energy_maintenance"": 12342.4, ""energy_released_on_death"": 37.85, ""energy_reproduction_cost"": 276.0, ""energy_transferred_to_offspring"": 184.0}",4ef4da1efc78acf517e30d70996a73d3c18aabbaf40d935de799c8e13d4eabfe
sensitivity,world.memory_capacity,500,world.memory_capacity=500,14,3b9d67cff39b49a5,phase-zero-vm-0.2,phase-one-measurement-0.1,2000,31,21,2,31,1,3,1,2,3,2,2,2226,2,31,31,0,0.0,496,4,-1.02e-08,"{""vm_fault:instruction_pointer_out_of_bounds:8"": 1, ""vm_fault:invalid_memory_address:8"": 1}","{""energy_captured"": 21019.5, ""energy_execution"": 111.3, ""energy_input"": 20000.0, ""energy_maintenance"": 12346.2, ""energy_released_on_death"": 19.5, ""energy_reproduction_cost"": 252.0, ""energy_transferred_to_offspring"": 168.0}",250ef430f7b1772cb03f33ea1975f68fd45f8f4c657965b3a758dbda6992a271
sensitivity,world.memory_capacity,500,world.memory_capacity=500,15,3e9b9824608e1ac0,phase-zero-vm-0.2,phase-one-measurement-0.1,2000,31,22,3,31,1,4,1,3,4,3,2,2276,3,31,31,0,0.0,496,4,-1.02e-08,"{""vm_fault:division_without_complete_copy"": 1, ""vm_fault:invalid_program_address:248"": 1, ""vm_fault:invalid_program_address:8"": 1}","{""energy_captured"": 21027.9, ""energy_execution"": 113.8, ""energy_input"": 20000.0, ""energy_maintenance"": 12342.8, ""energy_released_on_death"": 27.9, ""energy_reproduction_cost"": 264.0, ""energy_transferred_to_offspring"": 176.0}",f87379af34c82efed95917bf725ab6672a4381243474bfd1ea984211fc9dd367
sensitivity,world.memory_capacity,500,world.memory_capacity=500,16,0b819d44294e1c09,phase-zero-vm-0.2,phase-one-measurement-0.1,2000,31,19,0,31,1,1,1,1,1,0,2,2100,0,31,31,0,0.0,496,4,-1.02e-08,{},"{""energy_captured"": 21000.0, ""energy_execution"": 105.0, ""energy_input"": 20000.0, ""energy_maintenance"": 12352.0, ""energy_released_on_death"": 0.0, ""energy_reproduction_cost"": 228.0, ""energy_transferred_to_offspring"": 152.0}",7b5126d968b3b34c6f16afe91d25f7989bc7b06fdf3f335d81d4906cdb316424
sensitivity,world.memory_capacity,500,world.memory_capacity=500,17,b2f5e47fcced7441,phase-zero-vm-0.2,phase-one-measurement-0.1,2000,31,20,1,31,1,2,1,1,2,1,2,3614,0,31,31,0,0.0,496,4,-1.02e-08,"{""energy_exhausted_execution"": 1}","{""energy_captured"": 21000.0, ""energy_execution"": 180.3, ""energy_input"": 20000.0, ""energy_maintenance"": 12352.0, ""energy_released_on_death"": 0.0, ""energy_reproduction_cost"": 240.0, ""energy_transferred_to_offspring"": 160.0}",937d55afa561a517599e5a665e2c6a9ae28462843656172ae9adb8e9e3cf3246
sensitivity,world.memory_capacity,500,world.memory_capacity=500,18,00503b7ec207c861,phase-zero-vm-0.2,phase-one-measurement-0.1,2000,31,19,0,31,2,2,1,1,2,1,2,2100,0,30,30,0,0.0,496,4,-1.02e-08,{},"{""energy_captured"": 21000.0, ""energy_execution"": 105.0, ""energy_input"": 20000.0, ""energy_maintenance"": 12352.0, ""energy_released_on_death"": 0.0, ""energy_reproduction_cost"": 228.0, ""energy_transferred_to_offspring"": 152.0}",25cd5755aa3db242986227e2a72f9945856ad43c22dac02d8ca34893644ab883
sensitivity,world.memory_capacity,500,world.memory_capacity=500,19,4ad7c4ce55fba492,phase-zero-vm-0.2,phase-one-measurement-0.1,2000,31,21,2,31,1,3,1,2,3,2,2,2268,2,31,31,0,0.0,496,4,-1.02e-08,"{""vm_fault:instruction_pointer_out_of_bounds:8"": 1, ""vm_fault:invalid_program_address:8"": 1}","{""energy_captured"": 21021.4, ""energy_execution"": 113.4, ""energy_input"": 20000.0, ""energy_maintenance"": 12349.6, ""energy_released_on_death"": 21.4, ""energy_reproduction_cost"": 252.0, ""energy_transferred_to_offspring"": 168.0}",dcc31d8086a1f48e17054e62dc201f354df689d5a1478ec6f24afb78bb1e260f
sensitivity,world.memory_capacity,500,world.memory_capacity=500,20,7459e1b194d0a7f9,phase-zero-vm-0.2,phase-one-measurement-0.1,2000,31,22,3,31,1,4,1,3,4,3,2,2280,3,31,31,0,0.0,496,4,-1.02e-08,"{""vm_fault:division_without_complete_copy"": 1, ""vm_fault:invalid_program_address:8"": 1, ""vm_fault:invalid_register:7"": 1}","{""energy_captured"": 21027.7, ""energy_execution"": 114.0, ""energy_input"": 20000.0, ""energy_maintenance"": 12346.2, ""energy_released_on_death"": 27.7, ""energy_reproduction_cost"": 264.0, ""energy_transferred_to_offspring"": 176.0}",e411e80f5b788490d5ca6606e1785e3183be917384af019c6806284e1fa721f7
sensitivity,world.memory_capacity,500,world.memory_capacity=500,21,6ac916025e145a5d,phase-zero-vm-0.2,phase-one-measurement-0.1,2000,31,20,1,31,1,2,1,1,2,1,2,2149,1,31,31,0,0.0,496,4,-1.02e-08,"{""vm_fault:invalid_program_address:255"": 1}","{""energy_captured"": 21008.45, ""energy_execution"": 107.45, ""energy_input"": 20000.0, ""energy_maintenance"": 12352.0, ""energy_released_on_death"": 8.45, ""energy_reproduction_cost"": 240.0, ""energy_transferred_to_offspring"": 160.0}",96e43f53317c9fa4570f56c4ba013bf722767e6ba32f41850301caf1c85fedd6
sensitivity,world.memory_capacity,500,world.memory_capacity=500,22,d502fb069a160b2a,phase-zero-vm-0.2,phase-one-measurement-0.1,2000,31,20,1,31,1,2,1,1,2,1,2,2148,1,31,31,0,0.0,496,4,-1.02e-08,"{""vm_fault:division_without_complete_copy"": 1}","{""energy_captured"": 21008.5, ""energy_execution"": 107.4, ""energy_input"": 20000.0, ""energy_maintenance"": 12348.6, ""energy_released_on_death"": 8.5, ""energy_reproduction_cost"": 240.0, ""energy_transferred_to_offspring"": 160.0}",358bb23363dc3fde4d75ec16eb806c8575e53a264fcbeb1e70a99fe0f19c887c
sensitivity,world.memory_capacity,500,world.memory_capacity=500,23,e4b38c015164d2de,phase-zero-vm-0.2,phase-one-measurement-0.1,2000,31,20,1,31,2,3,2,2,3,2,2,2183,1,31,31,0,0.0,496,4,-1.02e-08,"{""vm_fault:division_without_complete_copy"": 1}","{""energy_captured"": 21010.75, ""energy_execution"": 109.15, ""energy_input"": 20000.0, ""energy_maintenance"": 12349.6, ""energy_released_on_death"": 10.75, ""energy_reproduction_cost"": 240.0, ""energy_transferred_to_offspring"": 160.0}",0d359d45c44e0185928b8c6698c8243128d6bbfcf93ad3483554b889578b5c26
sensitivity,world.memory_capacity,500,world.memory_capacity=500,24,e00072311fde385a,phase-zero-vm-0.2,phase-one-measurement-0.1,2000,31,21,2,31,1,3,1,2,3,2,2,2233,2,31,31,0,0.0,496,4,-1.02e-08,"{""vm_fault:division_without_complete_copy"": 1, ""vm_fault:invalid_program_address:8"": 1}","{""energy_captured"": 21019.15, ""energy_execution"": 111.65, ""energy_input"": 20000.0, ""energy_maintenance"": 12349.6, ""energy_released_on_death"": 19.15, ""energy_reproduction_cost"": 252.0, ""energy_transferred_to_offspring"": 168.0}",4909f1630b3b2c5f55606b9b3506c220046910cba0043b6717101fbb40e18ff9
sensitivity,world.memory_capacity,500,world.memory_capacity=500,25,291f1f48f94d9c1a,phase-zero-vm-0.2,phase-one-measurement-0.1,2000,31,20,1,31,1,2,1,1,2,1,2,2184,1,31,31,0,0.0,496,4,-1.02e-08,"{""vm_fault:instruction_pointer_out_of_bounds:8"": 1}","{""energy_captured"": 21010.7, ""energy_execution"": 109.2, ""energy_input"": 20000.0, ""energy_maintenance"": 12352.0, ""energy_released_on_death"": 10.7, ""energy_reproduction_cost"": 240.0, ""energy_transferred_to_offspring"": 160.0}",1a283152693b78c49b29dc7684f6bc6eeb55beb5331111c4f760d714990c3c93
sensitivity,world.memory_capacity,500,world.memory_capacity=500,26,9c8bcc6c9cf24143,phase-zero-vm-0.2,phase-one-measurement-0.1,2000,31,20,1,31,2,3,2,2,3,2,2,3278,0,30,30,0,0.0,496,4,-1.02e-08,"{""energy_exhausted_execution"": 1}","{""energy_captured"": 21000.0, ""energy_execution"": 163.7, ""energy_input"": 20000.0, ""energy_maintenance"": 12351.8, ""energy_released_on_death"": 0.0, ""energy_reproduction_cost"": 240.0, ""energy_transferred_to_offspring"": 160.0}",539d68810ea9cc4966ae9b0b6a7538f0fbb01b7c0e8bd51b4037519810a6f64d
sensitivity,world.memory_capacity,500,world.memory_capacity=500,27,08f7a7d4e510f96a,phase-zero-vm-0.2,phase-one-measurement-0.1,2000,31,20,1,31,1,2,1,1,2,1,2,2168,1,31,31,0,0.0,496,4,-1.02e-08,"{""vm_fault:division_without_complete_copy"": 1}","{""energy_captured"": 21009.9, ""energy_execution"": 108.4, ""energy_input"": 20000.0, ""energy_maintenance"": 12349.2, ""energy_released_on_death"": 9.9, ""energy_reproduction_cost"": 240.0, ""energy_transferred_to_offspring"": 160.0}",800e573914a2787cbb0d7c2628c3ff0b9502844febcc074f28776428f0947bcc
sensitivity,world.memory_capacity,500,world.memory_capacity=500,28,32f27cd4cf9c699d,phase-zero-vm-0.2,phase-one-measurement-0.1,2000,31,20,1,31,1,2,1,1,2,1,2,2181,1,31,31,0,0.0,496,4,-1.02e-08,"{""vm_fault:invalid_program_address:8"": 1}","{""energy_captured"": 21010.05, ""energy_execution"": 109.05, ""energy_input"": 20000.0, ""energy_maintenance"": 12349.4, ""energy_released_on_death"": 10.05, ""energy_reproduction_cost"": 240.0, ""energy_transferred_to_offspring"": 160.0}",37f69143d05aa9dea5f4c8b0ec503881ac43f079730bf1f22542e7d3fef8a475
sensitivity,world.memory_capacity,500,world.memory_capacity=500,29,a7ca645643b0ee72,phase-zero-vm-0.2,phase-one-measurement-0.1,2000,31,21,2,31,1,3,1,2,3,2,2,2196,2,31,31,0,0.0,496,4,-1.02e-08,"{""vm_fault:division_without_complete_copy"": 1, ""vm_fault:invalid_register:7"": 1}","{""energy_captured"": 21017.0, ""energy_execution"": 109.8, ""energy_input"": 20000.0, ""energy_maintenance"": 12345.2, ""energy_released_on_death"": 17.0, ""energy_reproduction_cost"": 252.0, ""energy_transferred_to_offspring"": 168.0}",cc1c2d7d270776cb609bc07093215b72c6168453f1c91434a8dd3aa7ea2797ee
sensitivity,world.memory_capacity,500,world.memory_capacity=500,30,c0963953ad59834f,phase-zero-vm-0.2,phase-one-measurement-0.1,2000,31,21,2,31,1,3,1,2,3,2,2,3385,1,31,31,0,0.0,496,4,-1.02e-08,"{""energy_exhausted_maintenance"": 1, ""vm_fault:division_without_complete_copy"": 1}","{""energy_captured"": 21010.75, ""energy_execution"": 169.25, ""energy_input"": 20000.0, ""energy_maintenance"": 12349.4, ""energy_released_on_death"": 10.75, ""energy_reproduction_cost"": 252.0, ""energy_transferred_to_offspring"": 168.0}",8cf8badefee2b3ce61e2a39bc44d59ce93fa7826982c65eb1f92e1bebf374fcd
sensitivity,world.memory_capacity,1000,world.memory_capacity=1000,1,b9c9e02d22d914ad,phase-zero-vm-0.2,phase-one-measurement-0.1,2000,29,461,444,62,4,39,4,45,39,45,17,27073,39,27,0,27,0.0,464,536,-1.51e-08,"{""energy_exhausted_execution"": 217, ""energy_exhausted_maintenance"": 188, ""vm_fault:division_without_complete_copy"": 19, ""vm_fault:instruction_pointer_out_of_bounds:8"": 3, ""vm_fault:invalid_memory_address:8"": 1, ""vm_fault:invalid_program_address:255"": 1, ""vm_fault:invalid_program_address:8"": 10, ""vm_fault:invalid_register:7"": 5}","{""energy_captured"": 21305.7, ""energy_execution"": 1305.9, ""energy_input"": 20000.0, ""energy_maintenance"": 13761.9, ""energy_released_on_death"": 305.7, ""energy_reproduction_cost"": 5532.0, ""energy_transferred_to_offspring"": 3688.0}",d717ca31dff9a00aa9d22657a59fe0099517f1e327426b7e14f83c749521e0a9
sensitivity,world.memory_capacity,1000,world.memory_capacity=1000,2,b50d3c444e415e2a,phase-zero-vm-0.2,phase-one-measurement-0.1,2000,26,450,436,62,8,40,8,44,40,44,18,25890,33,19,0,19,0.0,416,584,-1.57e-08,"{""energy_exhausted_execution"": 225, ""energy_exhausted_maintenance"": 178, ""vm_fault:division_without_complete_copy"": 19, ""vm_fault:instruction_pointer_out_of_bounds:8"": 4, ""vm_fault:invalid_memory_address:8"": 3, ""vm_fault:invalid_program_address:248"": 1, ""vm_fault:invalid_program_address:8"": 2, ""vm_fault:invalid_register:7"": 4}","{""energy_captured"": 21256.35, ""energy_execution"": 1248.05, ""energy_input"": 20000.0, ""energy_maintenance"": 13942.9, ""energy_released_on_death"": 256.35, ""energy_reproduction_cost"": 5400.0, ""energy_transferred_to_offspring"": 3600.0}",c9cd1ba36eb72f7e469a826decaabfbdaeff78d19fce3f424b7db125579a835f
sensitivity,world.memory_capacity,1000,world.memory_capacity=1000,3,1613526085e46466,phase-zero-vm-0.2,phase-one-measurement-0.1,2000,36,370,346,62,2,19,2,19,19,19,13,22251,13,34,0,34,0.0,576,424,-2.07e-08,"{""energy_exhausted_execution"": 179, ""energy_exhausted_maintenance"": 154, ""vm_fault:division_without_complete_copy"": 5, ""vm_fault:instruction_pointer_out_of_bounds:8"": 2, ""vm_fault:invalid_program_address:8"": 3, ""vm_fault:invalid_register:7"": 3}","{""energy_captured"": 21093.0, ""energy_execution"": 1078.05, ""energy_input"": 20000.0, ""energy_maintenance"": 15325.2, ""energy_released_on_death"": 93.0, ""energy_reproduction_cost"": 4440.0, ""energy_transferred_to_offspring"": 2960.0}",61cb70ee9a8e7047a47fdebd2c2b4753c5bbe51efea936213f0735891a802628
sensitivity,world.memory_capacity,1000,world.memory_capacity=1000,4,36899e64762de621,phase-zero-vm-0.2,phase-one-measurement-0.1,2000,30,490,472,62,6,38,6,45,38,45,19,30211,28,23,0,23,0.0,480,520,-1.32e-08,"{""energy_exhausted_execution"": 250, ""energy_exhausted_maintenance"": 194, ""vm_fault:division_without_complete_copy"": 18, ""vm_fault:instruction_pointer_out_of_bounds:8"": 1, ""vm_fault:invalid_program_address:248"": 1, ""vm_fault:invalid_program_address:8"": 5, ""vm_fault:invalid_register:7"": 3}","{""energy_captured"": 21212.95, ""energy_execution"": 1459.15, ""energy_input"": 20000.0, ""energy_maintenance"": 13250.7, ""energy_released_on_death"": 212.95, ""energy_reproduction_cost"": 5880.0, ""energy_transferred_to_offspring"": 3920.0}",2247d0151efdf5e32418c8f98681d0b1339531aaacc78e4dcf859f3526e52541
sensitivity,world.memory_capacity,1000,world.memory_capacity=1000,5,b34f2fc333ee1e10,phase-zero-vm-0.2,phase-one-measurement-0.1,2000,30,393,375,62,5,27,5,29,27,29,14,22552,20,26,0,26,0.0,480,520,-1.97e-08,"{""energy_exhausted_execution"": 199, ""energy_exhausted_maintenance"": 156, ""vm_fault:division_without_complete_copy"": 10, ""vm_fault:instruction_pointer_out_of_bounds:8"": 1, ""vm_fault:invalid_memory_address:8"": 1, ""vm_fault:invalid_program_address:255"": 1, ""vm_fault:invalid_program_address:8"": 1, ""vm_fault:invalid_register:7"": 6}","{""energy_captured"": 21156.45, ""energy_execution"": 1084.1, ""energy_input"": 20000.0, ""energy_maintenance"": 15040.45, ""energy_released_on_death"": 156.45, ""energy_reproduction_cost"": 4716.0, ""energy_transferred_to_offspring"": 3144.0}",939428c3f934c18cbd4cc66e52a4f82bb2283371bc7f4cc8a8185e02b3f6b2e9
sensitivity,world.memory_capacity,1000,world.memory_capacity=1000,6,52b6b48fcf5379c3,phase-zero-vm-0.2,phase-one-measurement-0.1,2000,28,517,501,62,2,38,2,45,38,45,19,30354,40,21,0,21,0.0,448,552,-1.36e-08,"{""energy_exhausted_execution"": 262, ""energy_exhausted_maintenance"": 199, ""vm_fault:division_without_complete_copy"": 22, ""vm_fault:instruction_pointer_out_of_bounds:8"": 4, ""vm_fault:invalid_memory_address:8"": 2, ""vm_fault:invalid_program_address:248"": 2, ""vm_fault:invalid_program_address:255"": 1, ""vm_fault:invalid_program_address:8"": 6, ""vm_fault:invalid_register:7"": 1, ""vm_fault:invalid_register:8"": 2}","{""energy_captured"": 21302.4, ""energy_execution"": 1463.85, ""energy_input"": 20000.0, ""energy_maintenance"": 13351.25, ""energy_released_on_death"": 302.4, ""energy_reproduction_cost"": 6204.0, ""energy_transferred_to_offspring"": 4136.0}",b17786a0336ae43ddaba84edee2e2db5a1655d6712dbc9f1b22219b02057af9a
sensitivity,world.memory_capacity,1000,world.memory_capacity=1000,7,475d2b9ccd6612ea,phase-zero-vm-0.2,phase-one-measurement-0.1,2000,33,426,405,62,5,31,6,35,31,35,15,25203,26,29,0,29,0.0,528,472,-1.75e-08,"{""energy_exhausted_execution"": 213, ""energy_exhausted_maintenance"": 166, ""vm_fault:division_without_complete_copy"": 14, ""vm_fault:instruction_pointer_out_of_bounds:8"": 4, ""vm_fault:invalid_memory_address:8"": 1, ""vm_fault:invalid_program_address:248"": 1, ""vm_fault:invalid_program_address:8"": 4, ""vm_fault:invalid_register:7"": 1, ""vm_fault:invalid_register:8"": 1}","{""energy_captured"": 21196.4, ""energy_execution"": 1215.4, ""energy_input"": 20000.0, ""energy_maintenance"": 14446.55, ""energy_released_on_death"": 196.4, ""energy_reproduction_cost"": 5112.0, ""energy_transferred_to_offspring"": 3408.0}",e38116691e077db728f8535b4329de8746b2613f309b92a18ee7284d3d4450cf
sensitivity,world.memory_capacity,1000,world.memory_capacity=1000,8,a5b29eac75e870b7,phase-zero-vm-0.2,phase-one-measurement-0.1,2000,31,447,428,62,6,31,6,34,31,34,17,27036,22,26,0,26,0.0,496,504,-1.52e-08,"{""energy_exhausted_execution"": 240, ""energy_exhausted_maintenance"": 166, ""vm_fault:division_without_complete_copy"": 8, ""vm_fault:instruction_pointer_out_of_bounds:8"": 2, ""vm_fault:invalid_memory_address:8"": 2, ""vm_fault:invalid_program_address:255"": 1, ""vm_fault:invalid_program_address:8"": 3, ""vm_fault:invalid_register:7"": 4, ""vm_fault:invalid_register:8"": 2}","{""energy_captured"": 21162.6, ""energy_execution"": 1303.8, ""energy_input"": 20000.0, ""energy_maintenance"": 13801.35, ""energy_released_on_death"": 162.6, ""energy_reproduction_cost"": 5364.0, ""energy_transferred_to_offspring"": 3576.0}",835b0c4d3bdc50be1f1724124978bbbb7bc8201700bba0eb792d73d64b34296d
sensitivity,world.memory_capacity,1000,world.memory_capacity=1000,9,8d5282259f8829b8,phase-zero-vm-0.2,phase-one-measurement-0.1,2000,27,476,461,62,3,36,5,43,36,43,18,29025,28,18,0,18,0.0,432,568,-1.39e-08,"{""energy_exhausted_execution"": 248, ""energy_exhausted_maintenance"": 185, ""vm_fault:division_without_complete_copy"": 18, ""vm_fault:instruction_pointer_out_of_bounds:8"": 1, ""vm_fault:invalid_program_address:248"": 1, ""vm_fault:invalid_program_address:255"": 1, ""vm_fault:invalid_program_address:8"": 5, ""vm_fault:invalid_register:7"": 2}","{""energy_captured"": 21201.35, ""energy_execution"": 1402.15, ""energy_input"": 20000.0, ""energy_maintenance"": 13447.75, ""energy_released_on_death"": 201.35, ""energy_reproduction_cost"": 5712.0, ""energy_transferred_to_offspring"": 3808.0}",4f2912979fd0a0e4af974bce668fe312689cc2e093751a687cc32ff80713103e
sensitivity,world.memory_capacity,1000,world.memory_capacity=1000,10,66ba2f8e8c60ee3c,phase-zero-vm-0.2,phase-one-measurement-0.1,2000,30,383,365,62,4,23,4,28,23,28,15,23191,21,24,0,24,0.0,480,520,-1.91e-08,"{""energy_exhausted_execution"": 194, ""energy_exhausted_maintenance"": 150, ""vm_fault:division_without_complete_copy"": 9, ""vm_fault:instruction_pointer_out_of_bounds:8"": 2, ""vm_fault:invalid_memory_address:8"": 1, ""vm_fault:invalid_program_address:8"": 4, ""vm_fault:invalid_register:7"": 2, ""vm_fault:invalid_register:8"": 3}","{""energy_captured"": 21156.9, ""energy_execution"": 1121.9, ""energy_input"": 20000.0, ""energy_maintenance"": 14879.25, ""energy_released_on_death"": 156.9, ""energy_reproduction_cost"": 4596.0, ""energy_transferred_to_offspring"": 3064.0}",e1657891be120061ee2f9855856f219b87e9e987dad6cb950342d05b514e71ba
sensitivity,world.memory_capacity,1000,world.memory_capacity=1000,11,36e86ecbe973d07f,phase-zero-vm-0.2,phase-one-measurement-0.1,2000,31,382,363,62,5,25,5,25,25,25,13,22175,17,27,0,27,0.0,496,504,-2.01e-08,"{""energy_exhausted_execution"": 191, ""energy_exhausted_maintenance"": 155, ""vm_fault:division_without_complete_copy"": 8, ""vm_fault:instruction_pointer_out_of_bounds:8"": 3, ""vm_fault:invalid_program_address:248"": 2, ""vm_fault:invalid_program_address:8"": 1, ""vm_fault:invalid_register:7"": 3}","{""energy_captured"": 21124.3, ""energy_execution"": 1067.65, ""energy_input"": 20000.0, ""energy_maintenance"": 15152.6, ""energy_released_on_death"": 124.3, ""energy_reproduction_cost"": 4584.0, ""energy_transferred_to_offspring"": 3056.0}",8631aff83192f4723c0df422d76b200cd1a82f70fa257b05564748ec180bd060
sensitivity,world.memory_capacity,1000,world.memory_capacity=1000,12,32aa972f61359c4f,phase-zero-vm-0.2,phase-one-measurement-0.1,2000,30,458,440,62,4,29,4,34,29,34,15,26839,28,25,0,25,0.0,480,520,-1.63e-08,"{""energy_exhausted_execution"": 226, ""energy_exhausted_maintenance"": 186, ""vm_fault:division_without_complete_copy"": 16, ""vm_fault:instruction_pointer_out_of_bounds:8"": 1, ""vm_fault:invalid_program_address:248"": 1, ""vm_fault:invalid_program_address:8"": 5, ""vm_fault:invalid_register:7"": 5}","{""energy_captured"": 21209.15, ""energy_execution"": 1295.25, ""energy_input"": 20000.0, ""energy_maintenance"": 14098.4, ""energy_released_on_death"": 209.15, ""energy_reproduction_cost"": 5496.0, ""energy_transferred_to_offspring"": 3664.0}",897a019a75679e81077fd3667f55a66fe5ea4f035491cb5eabd84213bdd6fd2a
sensitivity,world.memory_capacity,1000,world.memory_capacity=1000,13,247125cd56e91adb,phase-zero-vm-0.2,phase-one-measurement-0.1,2000,30,429,411,59,4,27,4,28,27,28,16,26620,17,29,0,29,0.0,480,520,-1.77e-08,"{""energy_exhausted_execution"": 208, ""energy_exhausted_maintenance"": 186, ""vm_fault:division_without_complete_copy"": 8, ""vm_fault:instruction_pointer_out_of_bounds:8"": 3, ""vm_fault:invalid_memory_address:8"": 1, ""vm_fault:invalid_program_address:248"": 1, ""vm_fault:invalid_program_address:255"": 1, ""vm_fault:invalid_program_address:8"": 2, ""vm_fault:invalid_register:8"": 1}","{""energy_captured"": 21139.55, ""energy_execution"": 1290.15, ""energy_input"": 20000.0, ""energy_maintenance"": 14478.9, ""energy_released_on_death"": 139.55, ""energy_reproduction_cost"": 5148.0, ""energy_transferred_to_offspring"": 3432.0}",09cd23a7f49547dfa56e51d1acbbab08ca9594ee38ad7dc907444280c70d7376
sensitivity,world.memory_capacity,1000,world.memory_capacity=1000,14,35a1cf020b21a0c0,phase-zero-vm-0.2,phase-one-measurement-0.1,2000,31,420,401,62,5,28,5,33,28,33,15,25214,25,22,0,22,0.0,496,504,-1.81e-08,"{""energy_exhausted_execution"": 202, ""energy_exhausted_maintenance"": 174, ""vm_fault:division_without_complete_copy"": 11, ""vm_fault:instruction_pointer_out_of_bounds:8"": 6, ""vm_fault:invalid_memory_address:8"": 2, ""vm_fault:invalid_program_address:248"": 2, ""vm_fault:invalid_register:7"": 3, ""vm_fault:invalid_register:8"": 1}","{""energy_captured"": 21188.2, ""energy_execution"": 1217.35, ""energy_input"": 20000.0, ""energy_maintenance"": 14610.3, ""energy_released_on_death"": 188.2, ""energy_reproduction_cost"": 5040.0, ""energy_transferred_to_offspring"": 3360.0}",187695471b8a48af2b8dbaa6bf68a1666d9887ab440b8d19ce382b8235b7f19f
sensitivity,world.memory_capacity,1000,world.memory_capacity=1000,15,8ef0353e4c379229,phase-zero-vm-0.2,phase-one-measurement-0.1,2000,34,427,405,61,2,30,2,33,30,33,14,23981,31,29,0,29,0.0,544,456,-1.82e-08,"{""energy_exhausted_execution"": 207, ""energy_exhausted_maintenance"": 167, ""vm_fault:division_without_complete_copy"": 11, ""vm_fault:instruction_pointer_out_of_bounds:8"": 5, ""vm_fault:invalid_memory_address:8"": 1, ""vm_fault:invalid_program_address:248"": 1, ""vm_fault:invalid_program_address:255"": 1, ""vm_fault:invalid_program_address:8"": 5, ""vm_fault:invalid_register:7"": 3, ""vm_fault:invalid_register:8"": 4}","{""energy_captured"": 21240.65, ""energy_execution"": 1157.8, ""energy_input"": 20000.0, ""energy_maintenance"": 14635.3, ""energy_released_on_death"": 240.65, ""energy_reproduction_cost"": 5124.0, ""energy_transferred_to_offspring"": 3416.0}",dd4ccf6738b9a50988a8ec3de9274b73c415633d840a41a9c79c0e4abae329bc
sensitivity,world.memory_capacity,1000,world.memory_capacity=1000,16,94fc5b7272e5f1b9,phase-zero-vm-0.2,phase-one-measurement-0.1,2000,29,449,432,62,5,32,5,40,32,40,16,26170,32,21,0,21,0.0,464,536,-1.62e-08,"{""energy_exhausted_execution"": 230, ""energy_exhausted_maintenance"": 170, ""vm_fault:division_without_complete_copy"": 17, ""vm_fault:instruction_pointer_out_of_bounds:8"": 7, ""vm_fault:invalid_program_address:248"": 3, ""vm_fault:invalid_program_address:8"": 1, ""vm_fault:invalid_register:7"": 4}","{""energy_captured"": 21244.35, ""energy_execution"": 1263.05, ""energy_input"": 20000.0, ""energy_maintenance"": 14076.95, ""energy_released_on_death"": 244.35, ""energy_reproduction_cost"": 5388.0, ""energy_transferred_to_offspring"": 3592.0}",5b04e952ee04afcde01de964c17a0b5122351e09bd4650e7cf1f4cb46ca33790
sensitivity,world.memory_capacity,1000,world.memory_capacity=1000,17,0dae6b949943868e,phase-zero-vm-0.2,phase-one-measurement-0.1,2000,35,435,412,62,6,21,7,26,21,26,16,25650,17,28,0,28,0.0,560,440,-1.73e-08,"{""energy_exhausted_execution"": 226, ""energy_exhausted_maintenance"": 169, ""vm_fault:division_without_complete_copy"": 6, ""vm_fault:instruction_pointer_out_of_bounds:8"": 2, ""vm_fault:invalid_program_address:8"": 7, ""vm_fault:invalid_register:7"": 2}","{""energy_captured"": 21126.35, ""energy_execution"": 1237.0, ""energy_input"": 20000.0, ""energy_maintenance"": 14376.65, ""energy_released_on_death"": 126.35, ""energy_reproduction_cost"": 5220.0, ""energy_transferred_to_offspring"": 3480.0}",ad6f3c85aade273efd517b97b67ee8a9217ad6192ce243a1dc42d09a5981a136
sensitivity,world.memory_capacity,1000,world.memory_capacity=1000,18,49a16a5624e6ca97,phase-zero-vm-0.2,phase-one-measurement-0.1,2000,34,344,322,62,4,19,3,19,19,19,14,20210,14,28,0,28,0.0,544,456,-2.2e-08,"{""energy_exhausted_execution"": 160, ""energy_exhausted_maintenance"": 148, ""vm_fault:division_without_complete_copy"": 6, ""vm_fault:instruction_pointer_out_of_bounds:8"": 2, ""vm_fault:invalid_memory_address:8"": 1, ""vm_fault:invalid_program_address:255"": 1, ""vm_fault:invalid_program_address:8"": 3, ""vm_fault:invalid_register:7"": 1}","{""energy_captured"": 21099.2, ""energy_execution"": 980.3, ""energy_input"": 20000.0, ""energy_maintenance"": 15691.15, ""energy_released_on_death"": 99.2, ""energy_reproduction_cost"": 4128.0, ""energy_transferred_to_offspring"": 2752.0}",6ff76335709adad0e6434e5f73aa859e8e194c162e6243a2248cd8fb73ca1a25
sensitivity,world.memory_capacity,1000,world.memory_capacity=1000,19,8a06e434ea53dad8,phase-zero-vm-0.2,phase-one-measurement-0.1,2000,29,490,473,62,4,31,4,37,31,37,19,28225,33,25,0,25,0.0,464,536,-1.44e-08,"{""energy_exhausted_execution"": 246, ""energy_exhausted_maintenance"": 194, ""vm_fault:division_without_complete_copy"": 14, ""vm_fault:instruction_pointer_out_of_bounds:8"": 8, ""vm_fault:invalid_memory_address:8"": 2, ""vm_fault:invalid_program_address:248"": 2, ""vm_fault:invalid_program_address:8"": 4, ""vm_fault:invalid_register:7"": 2, ""vm_fault:invalid_register:8"": 1}","{""energy_captured"": 21242.4, ""energy_execution"": 1364.3, ""energy_input"": 20000.0, ""energy_maintenance"": 13587.75, ""energy_released_on_death"": 242.4, ""energy_reproduction_cost"": 5880.0, ""energy_transferred_to_offspring"": 3920.0}",e2889a5a473f0a945bbdd36923c0c96ca5df04c702352940822f114aa9366ff8
sensitivity,world.memory_capacity,1000,world.memory_capacity=1000,20,2d8601ee1a80fad9,phase-zero-vm-0.2,phase-one-measurement-0.1,2000,33,354,333,60,5,24,6,27,24,27,12,20400,21,28,0,28,0.0,528,472,-2.14e-08,"{""energy_exhausted_execution"": 160, ""energy_exhausted_maintenance"": 152, ""vm_fault:division_without_complete_copy"": 8, ""vm_fault:instruction_pointer_out_of_bounds:8"": 1, ""vm_fault:invalid_program_address:248"": 1, ""vm_fault:invalid_program_address:255"": 1, ""vm_fault:invalid_program_address:8"": 5, ""vm_fault:invalid_register:7"": 4, ""vm_fault:invalid_register:8"": 1}","{""energy_captured"": 21161.35, ""energy_execution"": 988.65, ""energy_input"": 20000.0, ""energy_maintenance"": 15531.75, ""energy_released_on_death"": 161.35, ""energy_reproduction_cost"": 4248.0, ""energy_transferred_to_offspring"": 2832.0}",45b77f9d8d723839e56f2c872eaf28d3af5e260843188d35f8791e4233150ea8
sensitivity,world.memory_capacity,1000,world.memory_capacity=1000,21,d4e0d2c5dccd910c,phase-zero-vm-0.2,phase-one-measurement-0.1,2000,27,448,433,62,4,36,4,41,36,41,16,27137,30,21,0,21,0.0,432,568,-1.63e-08,"{""energy_exhausted_execution"": 226, ""energy_exhausted_maintenance"": 177, ""vm_fault:division_without_complete_copy"": 13, ""vm_fault:instruction_pointer_out_of_bounds:8"": 4, ""vm_fault:invalid_memory_address:8"": 1, ""vm_fault:invalid_program_address:248"": 1, ""vm_fault:invalid_program_address:255"": 3, ""vm_fault:invalid_program_address:8"": 6, ""vm_fault:invalid_register:7"": 1, ""vm_fault:invalid_register:8"": 1}","{""energy_captured"": 21227.2, ""energy_execution"": 1312.2, ""energy_input"": 20000.0, ""energy_maintenance"": 14104.45, ""energy_released_on_death"": 227.2, ""energy_reproduction_cost"": 5376.0, ""energy_transferred_to_offspring"": 3584.0}",e8803099e414b24999bfe6a504749711500d7a4938a235b4afa4024fa295ea02
sensitivity,world.memory_capacity,1000,world.memory_capacity=1000,22,cb481dadc104ceef,phase-zero-vm-0.2,phase-one-measurement-0.1,2000,31,437,418,62,3,29,3,31,29,31,17,25392,25,25,0,25,0.0,496,504,-1.71e-08,"{""energy_exhausted_execution"": 220, ""energy_exhausted_maintenance"": 173, ""vm_fault:division_without_complete_copy"": 15, ""vm_fault:instruction_pointer_out_of_bounds:8"": 1, ""vm_fault:invalid_memory_address:8"": 1, ""vm_fault:invalid_program_address:248"": 1, ""vm_fault:invalid_program_address:255"": 1, ""vm_fault:invalid_program_address:8"": 4, ""vm_fault:invalid_register:7"": 1, ""vm_fault:invalid_register:8"": 1}","{""energy_captured"": 21198.5, ""energy_execution"": 1227.95, ""energy_input"": 20000.0, ""energy_maintenance"": 14325.9, ""energy_released_on_death"": 198.5, ""energy_reproduction_cost"": 5244.0, ""energy_transferred_to_offspring"": 3496.0}",c25ba0671b2df87bec7240e40da142ffa6ff190db60862a7ec2744dae74123b8
sensitivity,world.memory_capacity,1000,world.memory_capacity=1000,23,ce82e93a15f7b18b,phase-zero-vm-0.2,phase-one-measurement-0.1,2000,30,475,457,62,6,35,6,42,35,42,18,28030,31,24,0,24,0.0,480,520,-1.49e-08,"{""energy_exhausted_execution"": 236, ""energy_exhausted_maintenance"": 190, ""vm_fault:division_without_complete_copy"": 16, ""vm_fault:instruction_pointer_out_of_bounds:8"": 2, ""vm_fault:invalid_program_address:248"": 2, ""vm_fault:invalid_program_address:255"": 1, ""vm_fault:invalid_program_address:8"": 5, ""vm_fault:invalid_register:7"": 5}","{""energy_captured"": 21239.05, ""energy_execution"": 1352.5, ""energy_input"": 20000.0, ""energy_maintenance"": 13707.65, ""energy_released_on_death"": 239.05, ""energy_reproduction_cost"": 5700.0, ""energy_transferred_to_offspring"": 3800.0}",c3a2d6a4c044e1bac7820cbf55586e1faa6aad1a543c0c47dd6320ac331a4c91
sensitivity,world.memory_capacity,1000,world.memory_capacity=1000,24,884876650327cdbd,phase-zero-vm-0.2,phase-one-measurement-0.1,2000,29,484,467,62,3,36,3,38,36,38,18,27744,32,27,0,27,0.0,464,536,-1.5e-08,"{""energy_exhausted_execution"": 253, ""energy_exhausted_maintenance"": 182, ""vm_fault:division_without_complete_copy"": 16, ""vm_fault:instruction_pointer_out_of_bounds:8"": 2, ""vm_fault:invalid_program_address:248"": 1, ""vm_fault:invalid_program_address:8"": 10, ""vm_fault:invalid_register:7"": 2, ""vm_fault:invalid_register:8"": 1}","{""energy_captured"": 21237.0, ""energy_execution"": 1337.6, ""energy_input"": 20000.0, ""energy_maintenance"": 13739.8, ""energy_released_on_death"": 237.0, ""energy_reproduction_cost"": 5808.0, ""energy_transferred_to_offspring"": 3872.0}",513854c552d7c339e09b1af4fc6297ac6e552d70b0523ea7ec6e1ec99ad457e0
sensitivity,world.memory_capacity,1000,world.memory_capacity=1000,25,873ce85f6a486d4e,phase-zero-vm-0.2,phase-one-measurement-0.1,2000,28,496,480,62,4,37,4,40,37,40,19,28761,34,22,0,22,0.0,448,552,-1.39e-08,"{""energy_exhausted_execution"": 269, ""energy_exhausted_maintenance"": 177, ""vm_fault:division_without_complete_copy"": 14, ""vm_fault:instruction_pointer_out_of_bounds:8"": 7, ""vm_fault:invalid_memory_address:8"": 2, ""vm_fault:invalid_program_address:248"": 1, ""vm_fault:invalid_program_address:8"": 8, ""vm_fault:invalid_register:7"": 2}","{""energy_captured"": 21247.45, ""energy_execution"": 1385.05, ""energy_input"": 20000.0, ""energy_maintenance"": 13424.7, ""energy_released_on_death"": 247.45, ""energy_reproduction_cost"": 5952.0, ""energy_transferred_to_offspring"": 3968.0}",e4b559aacf4bae61c1b4c185b49d95d137ef5b27b8903a355800fadd50663539
sensitivity,world.memory_capacity,1000,world.memory_capacity=1000,26,ffbd99b2647b20a7,phase-zero-vm-0.2,phase-one-measurement-0.1,2000,32,420,400,62,7,32,7,34,32,34,15,25196,23,26,0,26,0.0,512,488,-1.66e-08,"{""energy_exhausted_execution"": 212, ""energy_exhausted_maintenance"": 165, ""vm_fault:division_without_complete_copy"": 11, ""vm_fault:instruction_pointer_out_of_bounds:8"": 2, ""vm_fault:invalid_program_address:248"": 1, ""vm_fault:invalid_program_address:8"": 6, ""vm_fault:invalid_register:7"": 2, ""vm_fault:invalid_register:8"": 1}","{""energy_captured"": 21175.0, ""energy_execution"": 1216.85, ""energy_input"": 20000.0, ""energy_maintenance"": 14193.65, ""energy_released_on_death"": 175.0, ""energy_reproduction_cost"": 5040.0, ""energy_transferred_to_offspring"": 3360.0}",51a61407cd318cd1e9485b21239cef716e883e3a3180bf2324a8bbf9e22b33db
sensitivity,world.memory_capacity,1000,world.memory_capacity=1000,27,724573c91ecb7a3b,phase-zero-vm-0.2,phase-one-measurement-0.1,2000,32,502,482,62,7,39,8,45,39,45,19,29638,32,26,0,26,0.0,512,488,-1.27e-08,"{""energy_exhausted_execution"": 252, ""energy_exhausted_maintenance"": 198, ""vm_fault:division_without_complete_copy"": 12, ""vm_fault:instruction_pointer_out_of_bounds:8"": 3, ""vm_fault:invalid_memory_address:8"": 5, ""vm_fault:invalid_program_address:255"": 2, ""vm_fault:invalid_program_address:8"": 7, ""vm_fault:invalid_register:7"": 2, ""vm_fault:invalid_register:8"": 1}","{""energy_captured"": 21237.4, ""energy_execution"": 1432.2, ""energy_input"": 20000.0, ""energy_maintenance"": 13115.35, ""energy_released_on_death"": 237.4, ""energy_reproduction_cost"": 6024.0, ""energy_transferred_to_offspring"": 4016.0}",40d125c54c3b36f90eebb857f92d4107af22f4407ac880bc1a39c0c2db454b77
sensitivity,world.memory_capacity,1000,world.memory_capacity=1000,28,32cbc165d18f66c3,phase-zero-vm-0.2,phase-one-measurement-0.1,2000,31,375,356,62,5,26,6,32,26,32,14,22092,23,28,0,28,0.0,496,504,-1.96e-08,"{""energy_exhausted_execution"": 193, ""energy_exhausted_maintenance"": 140, ""vm_fault:division_without_complete_copy"": 9, ""vm_fault:invalid_memory_address:8"": 1, ""vm_fault:invalid_program_address:8"": 8, ""vm_fault:invalid_register:7"": 3, ""vm_fault:invalid_register:8"": 2}","{""energy_captured"": 21173.8, ""energy_execution"": 1066.55, ""energy_input"": 20000.0, ""energy_maintenance"": 15035.4, ""energy_released_on_death"": 173.8, ""energy_reproduction_cost"": 4500.0, ""energy_transferred_to_offspring"": 3000.0}",cd9defc67830963e1ffa6577fef9b8e09eeeb2a07ecfa758c0ed5d8b56863000
sensitivity,world.memory_capacity,1000,world.memory_capacity=1000,29,43d695225af1dc83,phase-zero-vm-0.2,phase-one-measurement-0.1,2000,29,485,468,62,5,29,6,33,29,33,20,28657,24,23,0,23,0.0,464,536,-1.47e-08,"{""energy_exhausted_execution"": 225, ""energy_exhausted_maintenance"": 219, ""vm_fault:division_without_complete_copy"": 15, ""vm_fault:instruction_pointer_out_of_bounds:8"": 3, ""vm_fault:invalid_program_address:255"": 1, ""vm_fault:invalid_program_address:8"": 2, ""vm_fault:invalid_register:7"": 2, ""vm_fault:invalid_register:8"": 1}","{""energy_captured"": 21179.35, ""energy_execution"": 1388.8, ""energy_input"": 20000.0, ""energy_maintenance"": 13666.4, ""energy_released_on_death"": 179.35, ""energy_reproduction_cost"": 5820.0, ""energy_transferred_to_offspring"": 3880.0}",4d081b78b8446d476a4332403b6b1ed4abd793bb3623b1fe3a1a73e4a58e262e
sensitivity,world.memory_capacity,1000,world.memory_capacity=1000,30,56fa59822f31ef64,phase-zero-vm-0.2,phase-one-measurement-0.1,2000,35,348,325,62,5,24,5,24,24,24,13,21651,15,30,0,30,0.0,560,440,-2.1e-08,"{""energy_exhausted_execution"": 164, ""energy_exhausted_maintenance"": 146, ""vm_fault:division_without_complete_copy"": 7, ""vm_fault:instruction_pointer_out_of_bounds:8"": 3, ""vm_fault:invalid_program_address:255"": 1, ""vm_fault:invalid_program_address:8"": 2, ""vm_fault:invalid_register:7"": 2}","{""energy_captured"": 21108.35, ""energy_execution"": 1045.55, ""energy_input"": 20000.0, ""energy_maintenance"": 15407.7, ""energy_released_on_death"": 108.35, ""energy_reproduction_cost"": 4176.0, ""energy_transferred_to_offspring"": 2784.0}",324898991961a28025b78d27c34f53bd5803a31416d2e31e5a34922748c6afbc
sensitivity,world.energy_input_per_tick,5.0,world.energy_input_per_tick=5.0,1,4747c0f103648f73,phase-zero-vm-0.2,phase-one-measurement-0.1,2000,17,181,176,31,3,14,3,14,14,14,13,11418,11,16,0,16,0.0,272,228,4.7e-09,"{""energy_exhausted_execution"": 80, ""energy_exhausted_maintenance"": 85, ""vm_fault:division_without_complete_copy"": 5, ""vm_fault:instruction_pointer_out_of_bounds:8"": 1, ""vm_fault:invalid_program_address:8"": 4, ""vm_fault:invalid_register:7"": 1}","{""energy_captured"": 11085.15, ""energy_execution"": 553.5, ""energy_input"": 10000.0, ""energy_maintenance"": 8339.05, ""energy_released_on_death"": 85.15, ""energy_reproduction_cost"": 2172.0, ""energy_transferred_to_offspring"": 1448.0}",d3087ad25c3870d0040cedb1c7b7bb90208edcc941fe48f6252da20f950d8d84
sensitivity,world.energy_input_per_tick,5.0,world.energy_input_per_tick=5.0,2,e1ac571317aa6647,phase-zero-vm-0.2,phase-one-measurement-0.1,2000,15,153,150,31,1,12,1,11,12,11,9,9559,10,14,0,14,0.0,240,260,2.9e-09,"{""energy_exhausted_execution"": 78, ""energy_exhausted_maintenance"": 62, ""vm_fault:division_without_complete_copy"": 4, ""vm_fault:instruction_pointer_out_of_bounds:8"": 1, ""vm_fault:invalid_program_address:8"": 3, ""vm_fault:invalid_register:7"": 2}","{""energy_captured"": 11074.75, ""energy_execution"": 463.25, ""energy_input"": 10000.0, ""energy_maintenance"": 8824.9, ""energy_released_on_death"": 74.75, ""energy_reproduction_cost"": 1836.0, ""energy_transferred_to_offspring"": 1224.0}",25901d80d66ee9a399d7210bd32e60a0caa50ab184411399ec7a0d792cc066ec
sensitivity,world.energy_input_per_tick,5.0,world.energy_input_per_tick=5.0,3,21f5b31494f3425f,phase-zero-vm-0.2,phase-one-measurement-0.1,2000,14,189,187,31,3,18,3,18,18,18,12,12585,13,13,0,13,0.0,224,276,5.1e-09,"{""energy_exhausted_execution"": 97, ""energy_exhausted_maintenance"": 77, ""vm_fault:division_without_complete_copy"": 6, ""vm_fault:instruction_pointer_out_of_bounds:8"": 2, ""vm_fault:invalid_program_address:255"": 1, ""vm_fault:invalid_program_address:8"": 1, ""vm_fault:invalid_register:7"": 2, ""vm_fault:invalid_register:8"": 1}","{""energy_captured"": 11093.25, ""energy_execution"": 608.0, ""energy_input"": 10000.0, ""energy_maintenance"": 8244.5, ""energy_released_on_death"": 93.25, ""energy_reproduction_cost"": 2268.0, ""energy_transferred_to_offspring"": 1512.0}",93c993149a79e475182dd3e78914e96003cf2036935a588d8bce730842dcb5da
sensitivity,world.energy_input_per_tick,5.0,world.energy_input_per_tick=5.0,4,cb6157b29a510593,phase-zero-vm-0.2,phase-one-measurement-0.1,2000,16,213,209,31,1,11,1,11,11,11,17,13247,9,16,0,16,0.0,256,244,5e-09,"{""energy_exhausted_execution"": 106, ""energy_exhausted_maintenance"": 94, ""vm_fault:division_without_complete_copy"": 7, ""vm_fault:invalid_program_address:8"": 1, ""vm_fault:invalid_register:7"": 1}","{""energy_captured"": 11065.25, ""energy_execution"": 641.15, ""energy_input"": 10000.0, ""energy_maintenance"": 7912.85, ""energy_released_on_death"": 65.25, ""energy_reproduction_cost"": 2556.0, ""energy_transferred_to_offspring"": 1704.0}",a5168c341926e328df441e0420bfa9360d9895676c238ac5bb8dde3ed8d4e72f
sensitivity,world.energy_input_per_tick,5.0,world.energy_input_per_tick=5.0,5,48073ec494d83edf,phase-zero-vm-0.2,phase-one-measurement-0.1,2000,16,171,167,31,1,10,1,9,10,9,13,10600,8,16,0,16,0.0,256,244,4e-09,"{""energy_exhausted_execution"": 73, ""energy_exhausted_maintenance"": 86, ""vm_fault:division_without_complete_copy"": 4, ""vm_fault:instruction_pointer_out_of_bounds:8"": 2, ""vm_fault:invalid_program_address:8"": 1, ""vm_fault:invalid_register:8"": 1}","{""energy_captured"": 11061.3, ""energy_execution"": 514.8, ""energy_input"": 10000.0, ""energy_maintenance"": 8534.6, ""energy_released_on_death"": 61.3, ""energy_reproduction_cost"": 2052.0, ""energy_transferred_to_offspring"": 1368.0}",2ff91c6253cb83c9aedb13aa6888118b356a5e79e15021efd343ccb07fd81e14
sensitivity,world.energy_input_per_tick,5.0,world.energy_input_per_tick=5.0,6,ad9c0820c6ce45a8,phase-zero-vm-0.2,phase-one-measurement-0.1,2000,16,167,163,31,2,14,2,13,14,13,11,10094,11,13,0,13,0.0,256,244,3.5e-09,"{""energy_exhausted_execution"": 78, ""energy_exhausted_maintenance"": 74, ""vm_fault:division_without_complete_copy"": 5, ""vm_fault:invalid_program_address:248"": 1, ""vm_fault:invalid_program_address:255"": 1, ""vm_fault:invalid_program_address:8"": 3, ""vm_fault:invalid_register:7"": 1}","{""energy_captured"": 11076.6, ""energy_execution"": 487.05, ""energy_input"": 10000.0, ""energy_maintenance"": 8666.75, ""energy_released_on_death"": 76.6, ""energy_reproduction_cost"": 2004.0, ""energy_transferred_to_offspring"": 1336.0}",36f6e314286eda4748008b2307ac7fae69411da245fa6d74361b1d3891614b17
sensitivity,world.energy_input_per_tick,5.0,world.energy_input_per_tick=5.0,7,0bf82acc924fb477,phase-zero-vm-0.2,phase-one-measurement-0.1,2000,18,155,149,31,3,9,3,9,9,9,9,9722,5,14,0,14,0.0,288,212,3.6e-09,"{""energy_exhausted_execution"": 62, ""energy_exhausted_maintenance"": 82, ""vm_fault:division_without_complete_copy"": 3, ""vm_fault:invalid_program_address:248"": 1, ""vm_fault:invalid_program_address:8"": 1}","{""energy_captured"": 11036.5, ""energy_execution"": 472.75, ""energy_input"": 10000.0, ""energy_maintenance"": 8642.55, ""energy_released_on_death"": 36.5, ""energy_reproduction_cost"": 1860.0, ""energy_transferred_to_offspring"": 1240.0}",54a8c71bc152db6a6b0103e809e22d32bf4a66d9cf803a6ea38a20bbd28cbbee
sensitivity,world.energy_input_per_tick,5.0,world.energy_input_per_tick=5.0,8,1d089f144c700b38,phase-zero-vm-0.2,phase-one-measurement-0.1,2000,11,199,200,31,4,22,5,24,22,24,13,13668,12,7,0,7,0.0,176,324,5e-09,"{""energy_exhausted_execution"": 101, ""energy_exhausted_maintenance"": 87, ""vm_fault:division_without_complete_copy"": 4, ""vm_fault:instruction_pointer_out_of_bounds:8"": 2, ""vm_fault:invalid_memory_address:8"": 1, ""vm_fault:invalid_program_address:248"": 1, ""vm_fault:invalid_program_address:8"": 2, ""vm_fault:invalid_register:7"": 1, ""vm_fault:invalid_register:8"": 1}","{""energy_captured"": 11085.3, ""energy_execution"": 663.55, ""energy_input"": 10000.0, ""energy_maintenance"": 7936.0, ""energy_released_on_death"": 85.3, ""energy_reproduction_cost"": 2388.0, ""energy_transferred_to_offspring"": 1592.0}",8534a193b80e5cad014b08816da6302b47d53388ef264bbb449a40e36eacc957
sensitivity,world.energy_input_per_tick,5.0,world.energy_input_per_tick=5.0,9,d7de6a3922cd060d,phase-zero-vm-0.2,phase-one-measurement-0.1,2000,17,158,153,31,2,10,2,10,10,10,10,10537,7,16,0,16,0.0,272,228,3.5e-09,"{""energy_exhausted_execution"": 72, ""energy_exhausted_maintenance"": 74, ""vm_fault:division_without_complete_copy"": 2, ""vm_fault:instruction_pointer_out_of_bounds:8"": 1, ""vm_fault:invalid_program_address:8"": 3, ""vm_fault:invalid_register:7"": 1}","{""energy_captured"": 11050.9, ""energy_execution"": 510.85, ""energy_input"": 10000.0, ""energy_maintenance"": 8676.8, ""energy_released_on_death"": 50.9, ""energy_reproduction_cost"": 1896.0, ""energy_transferred_to_offspring"": 1264.0}",af1c333446a4ed5bbf49624c09fc626142301c393c39ab4df854466eab42e8c6
sensitivity,world.energy_input_per_tick,5.0,world.energy_input_per_tick=5.0,10,6cfb3371e755d911,phase-zero-vm-0.2,phase-one-measurement-0.1,2000,12,212,212,31,3,22,3,25,22,25,16,13610,18,9,0,9,0.0,192,308,4.9e-09,"{""energy_exhausted_execution"": 103, ""energy_exhausted_maintenance"": 91, ""vm_fault:division_without_complete_copy"": 7, ""vm_fault:instruction_pointer_out_of_bounds:8"": 1, ""vm_fault:invalid_memory_address:8"": 1, ""vm_fault:invalid_program_address:255"": 1, ""vm_fault:invalid_program_address:8"": 5, ""vm_fault:invalid_register:7"": 1, ""vm_fault:invalid_register:8"": 2}","{""energy_captured"": 11135.85, ""energy_execution"": 659.9, ""energy_input"": 10000.0, ""energy_maintenance"": 7813.25, ""energy_released_on_death"": 135.85, ""energy_reproduction_cost"": 2544.0, ""energy_transferred_to_offspring"": 1696.0}",193192b841532faaf9569f6db90a60e9d02f1699a67a0d3817f58a9652ede3f8
sensitivity,world.energy_input_per_tick,5.0,world.energy_input_per_tick=5.0,11,437a374ff092d51a,phase-zero-vm-0.2,phase-one-measurement-0.1,2000,16,184,180,31,2,11,2,10,11,10,12,11420,8,15,0,15,0.0,256,244,4.6e-09,"{""energy_exhausted_execution"": 93, ""energy_exhausted_maintenance"": 79, ""vm_fault:division_without_complete_copy"": 3, ""vm_fault:invalid_program_address:8"": 2, ""vm_fault:invalid_register:7"": 2, ""vm_fault:invalid_register:8"": 1}","{""energy_captured"": 11057.3, ""energy_execution"": 551.05, ""energy_input"": 10000.0, ""energy_maintenance"": 8378.75, ""energy_released_on_death"": 57.3, ""energy_reproduction_cost"": 2208.0, ""energy_transferred_to_offspring"": 1472.0}",3a209504cca9504c7b1094cd8466a4af1d192781dcbabfd34650f2f96d2eddad
sensitivity,world.energy_input_per_tick,5.0,world.energy_input_per_tick=5.0,12,e98f830023e06851,phase-zero-vm-0.2,phase-one-measurement-0.1,2000,15,188,185,31,4,18,4,17,18,17,12,11589,11,13,0,13,0.0,240,260,5.1e-09,"{""energy_exhausted_execution"": 94, ""energy_exhausted_maintenance"": 80, ""vm_fault:division_without_complete_copy"": 5, ""vm_fault:invalid_program_address:248"": 2, ""vm_fault:invalid_program_address:8"": 4}","{""energy_captured"": 11082.6, ""energy_execution"": 557.9, ""energy_input"": 10000.0, ""energy_maintenance"": 8231.6, ""energy_released_on_death"": 82.6, ""energy_reproduction_cost"": 2256.0, ""energy_transferred_to_offspring"": 1504.0}",1e3871dc436e5403bf2eb2788a6f4a6dccd6527f62362d794d80a30df256371f
sensitivity,world.energy_input_per_tick,5.0,world.energy_input_per_tick=5.0,13,951b988191730aca,phase-zero-vm-0.2,phase-one-measurement-0.1,2000,16,167,163,31,4,14,4,14,14,14,11,10207,11,12,0,12,0.0,256,244,4.1e-09,"{""energy_exhausted_execution"": 79, ""energy_exhausted_maintenance"": 73, ""vm_fault:division_without_complete_copy"": 7, ""vm_fault:instruction_pointer_out_of_bounds:8"": 1, ""vm_fault:invalid_program_address:8"": 1, ""vm_fault:invalid_register:7"": 1, ""vm_fault:invalid_register:8"": 1}","{""energy_captured"": 11084.95, ""energy_execution"": 495.2, ""energy_input"": 10000.0, ""energy_maintenance"": 8514.35, ""energy_released_on_death"": 84.95, ""energy_reproduction_cost"": 2004.0, ""energy_transferred_to_offspring"": 1336.0}",0ca3e0e1ede6a7d6bf01c699cc9ccf98fd66e0ddc316771f6642717252998ebe
sensitivity,world.energy_input_per_tick,5.0,world.energy_input_per_tick=5.0,14,aa5e3a177d3e3134,phase-zero-vm-0.2,phase-one-measurement-0.1,2000,15,184,181,31,3,17,3,17,17,17,12,11582,12,11,0,11,0.0,240,260,4.9e-09,"{""energy_exhausted_execution"": 90, ""energy_exhausted_maintenance"": 79, ""vm_fault:division_without_complete_copy"": 5, ""vm_fault:instruction_pointer_out_of_bounds:8"": 2, ""vm_fault:invalid_memory_address:8"": 1, ""vm_fault:invalid_program_address:255"": 1, ""vm_fault:invalid_program_address:8"": 2, ""vm_fault:invalid_register:7"": 1}","{""energy_captured"": 11089.15, ""energy_execution"": 560.55, ""energy_input"": 10000.0, ""energy_maintenance"": 8298.4, ""energy_released_on_death"": 89.15, ""energy_reproduction_cost"": 2208.0, ""energy_transferred_to_offspring"": 1472.0}",a4cbff967d881de0fc7dc89fdce973822c1f9ee6c33932b8ea4fc09e89ca2b9e
sensitivity,world.energy_input_per_tick,5.0,world.energy_input_per_tick=5.0,15,787d7c4d9f1cc823,phase-zero-vm-0.2,phase-one-measurement-0.1,2000,14,202,200,31,3,16,3,18,16,18,14,12819,14,11,0,11,0.0,224,276,5e-09,"{""energy_exhausted_execution"": 101, ""energy_exhausted_maintenance"": 85, ""vm_fault:division_without_complete_copy"": 4, ""vm_fault:instruction_pointer_out_of_bounds:8"": 2, ""vm_fault:invalid_program_address:248"": 1, ""vm_fault:invalid_program_address:8"": 7}","{""energy_captured"": 11102.15, ""energy_execution"": 619.65, ""energy_input"": 10000.0, ""energy_maintenance"": 7973.15, ""energy_released_on_death"": 102.15, ""energy_reproduction_cost"": 2424.0, ""energy_transferred_to_offspring"": 1616.0}",0dc993a702f15860e477083942df5c39a96523c85e0958deba7af6c1fa93b2eb
sensitivity,world.energy_input_per_tick,5.0,world.energy_input_per_tick=5.0,16,ea257361780aa797,phase-zero-vm-0.2,phase-one-measurement-0.1,2000,19,145,138,31,3,9,3,8,9,8,9,9366,4,17,0,17,0.0,304,196,2.9e-09,"{""energy_exhausted_execution"": 77, ""energy_exhausted_maintenance"": 57, ""vm_fault:division_without_complete_copy"": 3, ""vm_fault:invalid_program_address:8"": 1}","{""energy_captured"": 11031.4, ""energy_execution"": 452.05, ""energy_input"": 10000.0, ""energy_maintenance"": 8841.35, ""energy_released_on_death"": 31.4, ""energy_reproduction_cost"": 1740.0, ""energy_transferred_to_offspring"": 1160.0}",bf53fea87f100de7fa3a5f095b4217be23ae7f360bdfde32ccc80ff06e7a1432
sensitivity,world.energy_input_per_tick,5.0,world.energy_input_per_tick=5.0,17,e8e6081762265028,phase-zero-vm-0.2,phase-one-measurement-0.1,2000,16,157,153,31,1,9,1,9,9,9,10,10524,8,16,0,16,0.0,256,244,3.4e-09,"{""energy_exhausted_execution"": 70, ""energy_exhausted_maintenance"": 75, ""vm_fault:division_without_complete_copy"": 6, ""vm_fault:invalid_program_address:8"": 1, ""vm_fault:invalid_register:7"": 1}","{""energy_captured"": 11063.3, ""energy_execution"": 511.5, ""energy_input"": 10000.0, ""energy_maintenance"": 8698.1, ""energy_released_on_death"": 63.3, ""energy_reproduction_cost"": 1884.0, ""energy_transferred_to_offspring"": 1256.0}",44b8548b891fffab42507c3cd7200b8d1d828acc15e2fcdc928754320511ea05
sensitivity,world.energy_input_per_tick,5.0,world.energy_input_per_tick=5.0,18,a239850a3329559c,phase-zero-vm-0.2,phase-one-measurement-0.1,2000,15,158,155,31,2,10,2,9,10,9,12,10161,6,14,0,14,0.0,240,260,3.2e-09,"{""energy_exhausted_execution"": 77, ""energy_exhausted_maintenance"": 72, ""vm_fault:division_without_complete_copy"": 2, ""vm_fault:invalid_program_address:8"": 2, ""vm_fault:invalid_register:7"": 2}","{""energy_captured"": 11045.7, ""energy_execution"": 492.45, ""energy_input"": 10000.0, ""energy_maintenance"": 8745.8, ""energy_released_on_death"": 45.7, ""energy_reproduction_cost"": 1896.0, ""energy_transferred_to_offspring"": 1264.0}",cc5d53a6cf578fb4a5f08edd18f5c5877017414ceaf9633bc4685237df766e0f
sensitivity,world.energy_input_per_tick,5.0,world.energy_input_per_tick=5.0,19,ba8999ebfe6ac28f,phase-zero-vm-0.2,phase-one-measurement-0.1,2000,20,144,136,31,3,8,3,7,8,7,9,8912,5,18,0,18,0.0,320,180,2.9e-09,"{""energy_exhausted_execution"": 71, ""energy_exhausted_maintenance"": 60, ""vm_fault:division_without_complete_copy"": 3, ""vm_fault:instruction_pointer_out_of_bounds:8"": 1, ""vm_fault:invalid_program_address:8"": 1}","{""energy_captured"": 11040.5, ""energy_execution"": 429.1, ""energy_input"": 10000.0, ""energy_maintenance"": 8847.8, ""energy_released_on_death"": 40.5, ""energy_reproduction_cost"": 1728.0, ""energy_transferred_to_offspring"": 1152.0}",becc57efd582a13725947c62469d503a5dc1e55c542e3c0ff7d4b57fcf44a374
sensitivity,world.energy_input_per_tick,5.0,world.energy_input_per_tick=5.0,20,7b64523aae4837ea,phase-zero-vm-0.2,phase-one-measurement-0.1,2000,15,159,156,31,1,13,1,13,13,13,10,10003,11,14,0,14,0.0,240,260,3.2e-09,"{""energy_exhausted_execution"": 81, ""energy_exhausted_maintenance"": 64, ""vm_fault:division_without_complete_copy"": 3, ""vm_fault:instruction_pointer_out_of_bounds:8"": 2, ""vm_fault:invalid_program_address:248"": 2, ""vm_fault:invalid_program_address:8"": 2, ""vm_fault:invalid_register:7"": 2}","{""energy_captured"": 11082.55, ""energy_execution"": 483.5, ""energy_input"": 10000.0, ""energy_maintenance"": 8749.4, ""energy_released_on_death"": 82.55, ""energy_reproduction_cost"": 1908.0, ""energy_transferred_to_offspring"": 1272.0}",de3e92b83041afa8515bf59abfde6dab001fa701a41dc3839fe3b3dd6eeae6b8
sensitivity,world.energy_input_per_tick,5.0,world.energy_input_per_tick=5.0,21,d5b0cfda9bb711e4,phase-zero-vm-0.2,phase-one-measurement-0.1,2000,13,162,161,31,3,16,4,16,16,16,11,10341,9,9,0,9,0.0,208,292,3.8e-09,"{""energy_exhausted_execution"": 78, ""energy_exhausted_maintenance"": 74, ""vm_fault:division_without_complete_copy"": 4, ""vm_fault:invalid_memory_address:8"": 1, ""vm_fault:invalid_program_address:255"": 1, ""vm_fault:invalid_program_address:8"": 1, ""vm_fault:invalid_register:7"": 1, ""vm_fault:invalid_register:8"": 1}","{""energy_captured"": 11064.05, ""energy_execution"": 500.0, ""energy_input"": 10000.0, ""energy_maintenance"": 8585.15, ""energy_released_on_death"": 64.05, ""energy_reproduction_cost"": 1944.0, ""energy_transferred_to_offspring"": 1296.0}",95b52bb65147fdd05de3f6ac048f9f3cc941fb00f2cd84525bc68256f7af0d4c
sensitivity,world.energy_input_per_tick,5.0,world.energy_input_per_tick=5.0,22,373a3665497c1d37,phase-zero-vm-0.2,phase-one-measurement-0.1,2000,16,177,173,31,4,16,4,16,16,16,13,10865,13,14,0,14,0.0,256,244,4.9e-09,"{""energy_exhausted_execution"": 91, ""energy_exhausted_maintenance"": 69, ""vm_fault:division_without_complete_copy"": 7, ""vm_fault:instruction_pointer_out_of_bounds:8"": 1, ""vm_fault:invalid_memory_address:8"": 2, ""vm_fault:invalid_register:7"": 1, ""vm_fault:invalid_register:8"": 2}","{""energy_captured"": 11096.9, ""energy_execution"": 524.25, ""energy_input"": 10000.0, ""energy_maintenance"": 8285.9, ""energy_released_on_death"": 96.9, ""energy_reproduction_cost"": 2124.0, ""energy_transferred_to_offspring"": 1416.0}",9de03dc910c81a2f6dc79370258f4ac9932ee4e13789a436b46395b60ebb0ab9
sensitivity,world.energy_input_per_tick,5.0,world.energy_input_per_tick=5.0,23,dcf860c86197864a,phase-zero-vm-0.2,phase-one-measurement-0.1,2000,16,178,174,31,1,13,1,14,13,14,11,11477,9,16,0,16,0.0,256,244,4.5e-09,"{""energy_exhausted_execution"": 80, ""energy_exhausted_maintenance"": 85, ""vm_fault:division_without_complete_copy"": 4, ""vm_fault:invalid_memory_address:8"": 1, ""vm_fault:invalid_program_address:8"": 1, ""vm_fault:invalid_register:7"": 3}","{""energy_captured"": 11071.45, ""energy_execution"": 557.0, ""energy_input"": 10000.0, ""energy_maintenance"": 8407.0, ""energy_released_on_death"": 71.45, ""energy_reproduction_cost"": 2136.0, ""energy_transferred_to_offspring"": 1424.0}",6b657b1ed23a462070f35ad967a53d0c5e222b2a4d6c1919ad09bfc8e91fb9a2
sensitivity,world.energy_input_per_tick,5.0,world.energy_input_per_tick=5.0,24,18f170fc3bca4683,phase-zero-vm-0.2,phase-one-measurement-0.1,2000,18,169,163,31,3,10,3,9,10,9,11,10302,6,16,0,16,0.0,288,212,4.3e-09,"{""energy_exhausted_execution"": 74, ""energy_exhausted_maintenance"": 83, ""vm_fault:division_without_complete_copy"": 5, ""vm_fault:invalid_program_address:8"": 1}","{""energy_captured"": 11051.45, ""energy_execution"": 500.7, ""energy_input"": 10000.0, ""energy_maintenance"": 8450.15, ""energy_released_on_death"": 51.45, ""energy_reproduction_cost"": 2028.0, ""energy_transferred_to_offspring"": 1352.0}",f780d1aef1bf547d5cb90dd34c62c22e8743f31b952fcc5deb41623fda4800f6
sensitivity,world.energy_input_per_tick,5.0,world.energy_input_per_tick=5.0,25,cece9b2c8879236a,phase-zero-vm-0.2,phase-one-measurement-0.1,2000,15,180,177,31,3,11,3,10,11,10,12,11541,6,14,0,14,0.0,240,260,4.7e-09,"{""energy_exhausted_execution"": 97, ""energy_exhausted_maintenance"": 74, ""vm_fault:division_without_complete_copy"": 3, ""vm_fault:instruction_pointer_out_of_bounds:8"": 1, ""vm_fault:invalid_program_address:8"": 2}","{""energy_captured"": 11046.7, ""energy_execution"": 557.9, ""energy_input"": 10000.0, ""energy_maintenance"": 8338.9, ""energy_released_on_death"": 46.7, ""energy_reproduction_cost"": 2160.0, ""energy_transferred_to_offspring"": 1440.0}",aba1496d714e46a5ed5cc61f7352706b91dd57afa0590a7d1067a263296e68c3
sensitivity,world.energy_input_per_tick,5.0,world.energy_input_per_tick=5.0,26,1a76f7fe2f3dd792,phase-zero-vm-0.2,phase-one-measurement-0.1,2000,19,168,161,31,3,8,3,8,8,8,11,11536,3,12,0,12,0.0,304,196,4.7e-09,"{""energy_exhausted_execution"": 75, ""energy_exhausted_maintenance"": 83, ""vm_fault:division_without_complete_copy"": 2, ""vm_fault:invalid_program_address:8"": 1}","{""energy_captured"": 11017.95, ""energy_execution"": 561.7, ""energy_input"": 10000.0, ""energy_maintenance"": 8332.85, ""energy_released_on_death"": 17.95, ""energy_reproduction_cost"": 2016.0, ""energy_transferred_to_offspring"": 1344.0}",313c590d365a9d99f76e2cf82b5d318bfaf54954bc99f4cac0b0a88c1a8ff4c7
sensitivity,world.energy_input_per_tick,5.0,world.energy_input_per_tick=5.0,27,3e3019f37e84f4a7,phase-zero-vm-0.2,phase-one-measurement-0.1,2000,15,158,155,31,2,11,2,12,11,12,10,9604,10,13,0,13,0.0,240,260,3.3e-09,"{""energy_exhausted_execution"": 79, ""energy_exhausted_maintenance"": 66, ""vm_fault:division_without_complete_copy"": 2, ""vm_fault:instruction_pointer_out_of_bounds:8"": 3, ""vm_fault:invalid_program_address:8"": 2, ""vm_fault:invalid_register:7"": 3}","{""energy_captured"": 11071.85, ""energy_execution"": 465.05, ""energy_input"": 10000.0, ""energy_maintenance"": 8722.1, ""energy_released_on_death"": 71.85, ""energy_reproduction_cost"": 1896.0, ""energy_transferred_to_offspring"": 1264.0}",923f00a8a96665818ef266cd82a568ed9a943974ed830dbdfe66cba770827190
sensitivity,world.energy_input_per_tick,5.0,world.energy_input_per_tick=5.0,28,22f6f2a68878f744,phase-zero-vm-0.2,phase-one-measurement-0.1,2000,16,166,162,31,3,11,3,11,11,11,12,10883,7,14,0,14,0.0,256,244,4.8e-09,"{""energy_exhausted_execution"": 77, ""energy_exhausted_maintenance"": 78, ""vm_fault:division_without_complete_copy"": 4, ""vm_fault:instruction_pointer_out_of_bounds:8"": 1, ""vm_fault:invalid_program_address:8"": 2}","{""energy_captured"": 11051.0, ""energy_execution"": 528.0, ""energy_input"": 10000.0, ""energy_maintenance"": 8311.8, ""energy_released_on_death"": 51.0, ""energy_reproduction_cost"": 1992.0, ""energy_transferred_to_offspring"": 1328.0}",34a01cb920f6773ec270cd04a439e7f47566b17698d8a949440a58eee19a6681
sensitivity,world.energy_input_per_tick,5.0,world.energy_input_per_tick=5.0,29,0e5702bdabde232e,phase-zero-vm-0.2,phase-one-measurement-0.1,2000,16,177,173,31,2,17,2,16,17,16,12,11060,10,15,0,15,0.0,256,244,4.4e-09,"{""energy_exhausted_execution"": 92, ""energy_exhausted_maintenance"": 71, ""vm_fault:division_without_complete_copy"": 4, ""vm_fault:invalid_memory_address:8"": 1, ""vm_fault:invalid_program_address:8"": 2, ""vm_fault:invalid_register:7"": 3}","{""energy_captured"": 11073.25, ""energy_execution"": 532.3, ""energy_input"": 10000.0, ""energy_maintenance"": 8415.95, ""energy_released_on_death"": 73.25, ""energy_reproduction_cost"": 2124.0, ""energy_transferred_to_offspring"": 1416.0}",8bf751599e4114f8cd2888b88d1d7857b6f99a5f3f56359e1c1bddf17d7a3392
sensitivity,world.energy_input_per_tick,5.0,world.energy_input_per_tick=5.0,30,3b724ce23fdb8997,phase-zero-vm-0.2,phase-one-measurement-0.1,2000,19,135,128,31,2,6,2,5,6,5,9,9237,3,18,0,18,0.0,304,196,2.4e-09,"{""energy_exhausted_execution"": 57, ""energy_exhausted_maintenance"": 68, ""vm_fault:division_without_complete_copy"": 3}","{""energy_captured"": 11023.95, ""energy_execution"": 449.75, ""energy_input"": 10000.0, ""energy_maintenance"": 8985.7, ""energy_released_on_death"": 23.95, ""energy_reproduction_cost"": 1620.0, ""energy_transferred_to_offspring"": 1080.0}",053be36848802beb121948399578013fedbc2deb9e5ceccc9db12f061678e7e3
sensitivity,world.energy_input_per_tick,10.0,world.energy_input_per_tick=10.0,1,7d6516f717c33885,phase-zero-vm-0.2,phase-one-measurement-0.1,2000,31,22,3,31,1,4,1,3,4,3,2,2313,3,31,31,0,0.0,496,4,-1.02e-08,"{""vm_fault:division_without_complete_copy"": 1, ""vm_fault:invalid_program_address:8"": 2}","{""energy_captured"": 21030.05, ""energy_execution"": 115.65, ""energy_input"": 20000.0, ""energy_maintenance"": 12346.2, ""energy_released_on_death"": 30.05, ""energy_reproduction_cost"": 264.0, ""energy_transferred_to_offspring"": 176.0}",77ce431d1686a9cb43dd503952991a778d28213bfbd5adbe56d8b4820a3a4b02
sensitivity,world.energy_input_per_tick,10.0,world.energy_input_per_tick=10.0,2,e42bf3936a091ecc,phase-zero-vm-0.2,phase-one-measurement-0.1,2000,31,21,2,31,2,4,1,3,4,3,2,2232,2,31,31,0,0.0,496,4,-1.02e-08,"{""vm_fault:division_without_complete_copy"": 2}","{""energy_captured"": 21019.2, ""energy_execution"": 111.6, ""energy_input"": 20000.0, ""energy_maintenance"": 12352.0, ""energy_released_on_death"": 19.2, ""energy_reproduction_cost"": 252.0, ""energy_transferred_to_offspring"": 168.0}",230f21002a38935215882746819995b244746f5629c45bd4ea946b4f777eec87
sensitivity,world.energy_input_per_tick,10.0,world.energy_input_per_tick=10.0,3,0dc1464b063c732c,phase-zero-vm-0.2,phase-one-measurement-0.1,2000,31,20,1,31,1,2,1,1,2,1,2,3462,0,31,31,0,0.0,496,4,-1.02e-08,"{""energy_exhausted_maintenance"": 1}","{""energy_captured"": 21000.0, ""energy_execution"": 173.1, ""energy_input"": 20000.0, ""energy_maintenance"": 12351.8, ""energy_released_on_death"": 0.0, ""energy_reproduction_cost"": 240.0, ""energy_transferred_to_offspring"": 160.0}",5bf01132d9f6f3a1f487fc8339b262a4fab0b84e6fc07ffbb2f15c305cf9e3e2
sensitivity,world.energy_input_per_tick,10.0,world.energy_input_per_tick=10.0,4,6d37390f4cf389c3,phase-zero-vm-0.2,phase-one-measurement-0.1,2000,31,19,0,31,1,1,1,1,1,0,2,2100,0,31,31,0,0.0,496,4,-1.02e-08,{},"{""energy_captured"": 21000.0, ""energy_execution"": 105.0, ""energy_input"": 20000.0, ""energy_maintenance"": 12352.0, ""energy_released_on_death"": 0.0, ""energy_reproduction_cost"": 228.0, ""energy_transferred_to_offspring"": 152.0}",6641978f65152a7e143ab7bb3f1d624330f0164d9a831f8818ea2645bd0824aa
sensitivity,world.energy_input_per_tick,10.0,world.energy_input_per_tick=10.0,5,2f24b36eab269c10,phase-zero-vm-0.2,phase-one-measurement-0.1,2000,31,19,0,31,1,1,1,1,1,0,2,2100,0,31,31,0,0.0,496,4,-1.02e-08,{},"{""energy_captured"": 21000.0, ""energy_execution"": 105.0, ""energy_input"": 20000.0, ""energy_maintenance"": 12352.0, ""energy_released_on_death"": 0.0, ""energy_reproduction_cost"": 228.0, ""energy_transferred_to_offspring"": 152.0}",9d2ea2309aa0a7dcf06cdb3d8d8972ff98286ddb51fed5dc6e3974ce73c28af4
sensitivity,world.energy_input_per_tick,10.0,world.energy_input_per_tick=10.0,6,16a81a341d274537,phase-zero-vm-0.2,phase-one-measurement-0.1,2000,31,20,1,31,1,2,1,1,2,1,2,2149,1,31,31,0,0.0,496,4,-1.02e-08,"{""vm_fault:division_without_complete_copy"": 1}","{""energy_captured"": 21008.45, ""energy_execution"": 107.45, ""energy_input"": 20000.0, ""energy_maintenance"": 12352.0, ""energy_released_on_death"": 8.45, ""energy_reproduction_cost"": 240.0, ""energy_transferred_to_offspring"": 160.0}",b818e075ae67553041d654c3de223ee190a2aa493839f13774c03e44b5c1e710
sensitivity,world.energy_input_per_tick,10.0,world.energy_input_per_tick=10.0,7,36ad6da380056418,phase-zero-vm-0.2,phase-one-measurement-0.1,2000,31,20,1,31,1,2,1,1,2,1,2,2149,1,31,31,0,0.0,496,4,-1.02e-08,"{""vm_fault:division_without_complete_copy"": 1}","{""energy_captured"": 21008.45, ""energy_execution"": 107.45, ""energy_input"": 20000.0, ""energy_maintenance"": 12348.6, ""energy_released_on_death"": 8.45, ""energy_reproduction_cost"": 240.0, ""energy_transferred_to_offspring"": 160.0}",45e89c41fd1413a8af84b8ee9b19b0e7eec8f11e0966277af193ed93fa6217c3
sensitivity,world.energy_input_per_tick,10.0,world.energy_input_per_tick=10.0,8,e06f904adf74a3d2,phase-zero-vm-0.2,phase-one-measurement-0.1,2000,31,20,1,31,3,4,2,3,4,3,2,3157,0,30,30,0,0.0,496,4,-1.02e-08,"{""energy_exhausted_execution"": 1}","{""energy_captured"": 21000.0, ""energy_execution"": 157.65, ""energy_input"": 20000.0, ""energy_maintenance"": 12352.0, ""energy_released_on_death"": 0.0, ""energy_reproduction_cost"": 240.0, ""energy_transferred_to_offspring"": 160.0}",a4b791f7c0893a733268929c91eb581ecdd2dfd10a5b37631c9e450aba208a7e
sensitivity,world.energy_input_per_tick,10.0,world.energy_input_per_tick=10.0,9,1ae1f50134bf085d,phase-zero-vm-0.2,phase-one-measurement-0.1,2000,31,21,2,31,1,3,1,2,3,2,2,3109,1,31,31,0,0.0,496,4,-1.02e-08,"{""energy_exhausted_maintenance"": 1, ""vm_fault:invalid_register:7"": 1}","{""energy_captured"": 21008.55, ""energy_execution"": 155.45, ""energy_input"": 20000.0, ""energy_maintenance"": 12348.4, ""energy_released_on_death"": 8.55, ""energy_reproduction_cost"": 252.0, ""energy_transferred_to_offspring"": 168.0}",332b929fb15610e09b2801596ec7bfa9a3736e53460d3cc4d2a6aecbf74d52c5
sensitivity,world.energy_input_per_tick,10.0,world.energy_input_per_tick=10.0,10,a791c95105f7560e,phase-zero-vm-0.2,phase-one-measurement-0.1,2000,31,20,1,31,1,2,1,1,2,1,2,2142,1,31,31,0,0.0,496,4,-1.02e-08,"{""vm_fault:invalid_register:8"": 1}","{""energy_captured"": 21008.8, ""energy_execution"": 107.1, ""energy_input"": 20000.0, ""energy_maintenance"": 12352.0, ""energy_released_on_death"": 8.8, ""energy_reproduction_cost"": 240.0, ""energy_transferred_to_offspring"": 160.0}",d8d767ae6ef78e057a50efe8c19e3eaaf9d39a822200da62e85b463ca3d8d97f
sensitivity,world.energy_input_per_tick,10.0,world.energy_input_per_tick=10.0,11,0198bf9d5210f796,phase-zero-vm-0.2,phase-one-measurement-0.1,2000,31,19,0,31,1,1,1,1,1,0,2,2100,0,31,31,0,0.0,496,4,-1.02e-08,{},"{""energy_captured"": 21000.0, ""energy_execution"": 105.0, ""energy_input"": 20000.0, ""energy_maintenance"": 12352.0, ""energy_released_on_death"": 0.0, ""energy_reproduction_cost"": 228.0, ""energy_transferred_to_offspring"": 152.0}",62bc4ab9cf65adffd87ad89669b12756076a3bda4333b804f54209d073eda58c
sensitivity,world.energy_input_per_tick,10.0,world.energy_input_per_tick=10.0,12,2e3f6d80a2a8240a,phase-zero-vm-0.2,phase-one-measurement-0.1,2000,31,20,1,31,2,3,1,2,3,2,2,2183,1,31,31,0,0.0,496,4,-1.02e-08,"{""vm_fault:division_without_complete_copy"": 1}","{""energy_captured"": 21010.75, ""energy_execution"": 109.15, ""energy_input"": 20000.0, ""energy_maintenance"": 12349.6, ""energy_released_on_death"": 10.75, ""energy_reproduction_cost"": 240.0, ""energy_transferred_to_offspring"": 160.0}",523d7669427640fdb9ba8d8a2ca36ececc76fe731b9497d66fda54c7b8e58d35
sensitivity,world.energy_input_per_tick,10.0,world.energy_input_per_tick=10.0,13,1e7a16db551e1de5,phase-zero-vm-0.2,phase-one-measurement-0.1,2000,31,23,4,31,1,5,1,4,5,4,2,2343,4,31,31,0,0.0,496,4,-1.02e-08,"{""vm_fault:division_without_complete_copy"": 2, ""vm_fault:instruction_pointer_out_of_bounds:8"": 1, ""vm_fault:invalid_register:8"": 1}","{""energy_captured"": 21037.85, ""energy_execution"": 117.15, ""energy_input"": 20000.0, ""energy_maintenance"": 12342.4, ""energy_released_on_death"": 37.85, ""energy_reproduction_cost"": 276.0, ""energy_transferred_to_offspring"": 184.0}",4ef4da1efc78acf517e30d70996a73d3c18aabbaf40d935de799c8e13d4eabfe
sensitivity,world.energy_input_per_tick,10.0,world.energy_input_per_tick=10.0,14,3b9d67cff39b49a5,phase-zero-vm-0.2,phase-one-measurement-0.1,2000,31,21,2,31,1,3,1,2,3,2,2,2226,2,31,31,0,0.0,496,4,-1.02e-08,"{""vm_fault:instruction_pointer_out_of_bounds:8"": 1, ""vm_fault:invalid_memory_address:8"": 1}","{""energy_captured"": 21019.5, ""energy_execution"": 111.3, ""energy_input"": 20000.0, ""energy_maintenance"": 12346.2, ""energy_released_on_death"": 19.5, ""energy_reproduction_cost"": 252.0, ""energy_transferred_to_offspring"": 168.0}",250ef430f7b1772cb03f33ea1975f68fd45f8f4c657965b3a758dbda6992a271
sensitivity,world.energy_input_per_tick,10.0,world.energy_input_per_tick=10.0,15,3e9b9824608e1ac0,phase-zero-vm-0.2,phase-one-measurement-0.1,2000,31,22,3,31,1,4,1,3,4,3,2,2276,3,31,31,0,0.0,496,4,-1.02e-08,"{""vm_fault:division_without_complete_copy"": 1, ""vm_fault:invalid_program_address:248"": 1, ""vm_fault:invalid_program_address:8"": 1}","{""energy_captured"": 21027.9, ""energy_execution"": 113.8, ""energy_input"": 20000.0, ""energy_maintenance"": 12342.8, ""energy_released_on_death"": 27.9, ""energy_reproduction_cost"": 264.0, ""energy_transferred_to_offspring"": 176.0}",f87379af34c82efed95917bf725ab6672a4381243474bfd1ea984211fc9dd367
sensitivity,world.energy_input_per_tick,10.0,world.energy_input_per_tick=10.0,16,0b819d44294e1c09,phase-zero-vm-0.2,phase-one-measurement-0.1,2000,31,19,0,31,1,1,1,1,1,0,2,2100,0,31,31,0,0.0,496,4,-1.02e-08,{},"{""energy_captured"": 21000.0, ""energy_execution"": 105.0, ""energy_input"": 20000.0, ""energy_maintenance"": 12352.0, ""energy_released_on_death"": 0.0, ""energy_reproduction_cost"": 228.0, ""energy_transferred_to_offspring"": 152.0}",7b5126d968b3b34c6f16afe91d25f7989bc7b06fdf3f335d81d4906cdb316424
sensitivity,world.energy_input_per_tick,10.0,world.energy_input_per_tick=10.0,17,b2f5e47fcced7441,phase-zero-vm-0.2,phase-one-measurement-0.1,2000,31,20,1,31,1,2,1,1,2,1,2,3614,0,31,31,0,0.0,496,4,-1.02e-08,"{""energy_exhausted_execution"": 1}","{""energy_captured"": 21000.0, ""energy_execution"": 180.3, ""energy_input"": 20000.0, ""energy_maintenance"": 12352.0, ""energy_released_on_death"": 0.0, ""energy_reproduction_cost"": 240.0, ""energy_transferred_to_offspring"": 160.0}",937d55afa561a517599e5a665e2c6a9ae28462843656172ae9adb8e9e3cf3246
sensitivity,world.energy_input_per_tick,10.0,world.energy_input_per_tick=10.0,18,00503b7ec207c861,phase-zero-vm-0.2,phase-one-measurement-0.1,2000,31,19,0,31,2,2,1,1,2,1,2,2100,0,30,30,0,0.0,496,4,-1.02e-08,{},"{""energy_captured"": 21000.0, ""energy_execution"": 105.0, ""energy_input"": 20000.0, ""energy_maintenance"": 12352.0, ""energy_released_on_death"": 0.0, ""energy_reproduction_cost"": 228.0, ""energy_transferred_to_offspring"": 152.0}",25cd5755aa3db242986227e2a72f9945856ad43c22dac02d8ca34893644ab883
sensitivity,world.energy_input_per_tick,10.0,world.energy_input_per_tick=10.0,19,4ad7c4ce55fba492,phase-zero-vm-0.2,phase-one-measurement-0.1,2000,31,21,2,31,1,3,1,2,3,2,2,2268,2,31,31,0,0.0,496,4,-1.02e-08,"{""vm_fault:instruction_pointer_out_of_bounds:8"": 1, ""vm_fault:invalid_program_address:8"": 1}","{""energy_captured"": 21021.4, ""energy_execution"": 113.4, ""energy_input"": 20000.0, ""energy_maintenance"": 12349.6, ""energy_released_on_death"": 21.4, ""energy_reproduction_cost"": 252.0, ""energy_transferred_to_offspring"": 168.0}",dcc31d8086a1f48e17054e62dc201f354df689d5a1478ec6f24afb78bb1e260f
sensitivity,world.energy_input_per_tick,10.0,world.energy_input_per_tick=10.0,20,7459e1b194d0a7f9,phase-zero-vm-0.2,phase-one-measurement-0.1,2000,31,22,3,31,1,4,1,3,4,3,2,2280,3,31,31,0,0.0,496,4,-1.02e-08,"{""vm_fault:division_without_complete_copy"": 1, ""vm_fault:invalid_program_address:8"": 1, ""vm_fault:invalid_register:7"": 1}","{""energy_captured"": 21027.7, ""energy_execution"": 114.0, ""energy_input"": 20000.0, ""energy_maintenance"": 12346.2, ""energy_released_on_death"": 27.7, ""energy_reproduction_cost"": 264.0, ""energy_transferred_to_offspring"": 176.0}",e411e80f5b788490d5ca6606e1785e3183be917384af019c6806284e1fa721f7
sensitivity,world.energy_input_per_tick,10.0,world.energy_input_per_tick=10.0,21,6ac916025e145a5d,phase-zero-vm-0.2,phase-one-measurement-0.1,2000,31,20,1,31,1,2,1,1,2,1,2,2149,1,31,31,0,0.0,496,4,-1.02e-08,"{""vm_fault:invalid_program_address:255"": 1}","{""energy_captured"": 21008.45, ""energy_execution"": 107.45, ""energy_input"": 20000.0, ""energy_maintenance"": 12352.0, ""energy_released_on_death"": 8.45, ""energy_reproduction_cost"": 240.0, ""energy_transferred_to_offspring"": 160.0}",96e43f53317c9fa4570f56c4ba013bf722767e6ba32f41850301caf1c85fedd6
sensitivity,world.energy_input_per_tick,10.0,world.energy_input_per_tick=10.0,22,d502fb069a160b2a,phase-zero-vm-0.2,phase-one-measurement-0.1,2000,31,20,1,31,1,2,1,1,2,1,2,2148,1,31,31,0,0.0,496,4,-1.02e-08,"{""vm_fault:division_without_complete_copy"": 1}","{""energy_captured"": 21008.5, ""energy_execution"": 107.4, ""energy_input"": 20000.0, ""energy_maintenance"": 12348.6, ""energy_released_on_death"": 8.5, ""energy_reproduction_cost"": 240.0, ""energy_transferred_to_offspring"": 160.0}",358bb23363dc3fde4d75ec16eb806c8575e53a264fcbeb1e70a99fe0f19c887c
sensitivity,world.energy_input_per_tick,10.0,world.energy_input_per_tick=10.0,23,e4b38c015164d2de,phase-zero-vm-0.2,phase-one-measurement-0.1,2000,31,20,1,31,2,3,2,2,3,2,2,2183,1,31,31,0,0.0,496,4,-1.02e-08,"{""vm_fault:division_without_complete_copy"": 1}","{""energy_captured"": 21010.75, ""energy_execution"": 109.15, ""energy_input"": 20000.0, ""energy_maintenance"": 12349.6, ""energy_released_on_death"": 10.75, ""energy_reproduction_cost"": 240.0, ""energy_transferred_to_offspring"": 160.0}",0d359d45c44e0185928b8c6698c8243128d6bbfcf93ad3483554b889578b5c26
sensitivity,world.energy_input_per_tick,10.0,world.energy_input_per_tick=10.0,24,e00072311fde385a,phase-zero-vm-0.2,phase-one-measurement-0.1,2000,31,21,2,31,1,3,1,2,3,2,2,2233,2,31,31,0,0.0,496,4,-1.02e-08,"{""vm_fault:division_without_complete_copy"": 1, ""vm_fault:invalid_program_address:8"": 1}","{""energy_captured"": 21019.15, ""energy_execution"": 111.65, ""energy_input"": 20000.0, ""energy_maintenance"": 12349.6, ""energy_released_on_death"": 19.15, ""energy_reproduction_cost"": 252.0, ""energy_transferred_to_offspring"": 168.0}",4909f1630b3b2c5f55606b9b3506c220046910cba0043b6717101fbb40e18ff9
sensitivity,world.energy_input_per_tick,10.0,world.energy_input_per_tick=10.0,25,291f1f48f94d9c1a,phase-zero-vm-0.2,phase-one-measurement-0.1,2000,31,20,1,31,1,2,1,1,2,1,2,2184,1,31,31,0,0.0,496,4,-1.02e-08,"{""vm_fault:instruction_pointer_out_of_bounds:8"": 1}","{""energy_captured"": 21010.7, ""energy_execution"": 109.2, ""energy_input"": 20000.0, ""energy_maintenance"": 12352.0, ""energy_released_on_death"": 10.7, ""energy_reproduction_cost"": 240.0, ""energy_transferred_to_offspring"": 160.0}",1a283152693b78c49b29dc7684f6bc6eeb55beb5331111c4f760d714990c3c93
sensitivity,world.energy_input_per_tick,10.0,world.energy_input_per_tick=10.0,26,9c8bcc6c9cf24143,phase-zero-vm-0.2,phase-one-measurement-0.1,2000,31,20,1,31,2,3,2,2,3,2,2,3278,0,30,30,0,0.0,496,4,-1.02e-08,"{""energy_exhausted_execution"": 1}","{""energy_captured"": 21000.0, ""energy_execution"": 163.7, ""energy_input"": 20000.0, ""energy_maintenance"": 12351.8, ""energy_released_on_death"": 0.0, ""energy_reproduction_cost"": 240.0, ""energy_transferred_to_offspring"": 160.0}",539d68810ea9cc4966ae9b0b6a7538f0fbb01b7c0e8bd51b4037519810a6f64d
sensitivity,world.energy_input_per_tick,10.0,world.energy_input_per_tick=10.0,27,08f7a7d4e510f96a,phase-zero-vm-0.2,phase-one-measurement-0.1,2000,31,20,1,31,1,2,1,1,2,1,2,2168,1,31,31,0,0.0,496,4,-1.02e-08,"{""vm_fault:division_without_complete_copy"": 1}","{""energy_captured"": 21009.9, ""energy_execution"": 108.4, ""energy_input"": 20000.0, ""energy_maintenance"": 12349.2, ""energy_released_on_death"": 9.9, ""energy_reproduction_cost"": 240.0, ""energy_transferred_to_offspring"": 160.0}",800e573914a2787cbb0d7c2628c3ff0b9502844febcc074f28776428f0947bcc
sensitivity,world.energy_input_per_tick,10.0,world.energy_input_per_tick=10.0,28,32f27cd4cf9c699d,phase-zero-vm-0.2,phase-one-measurement-0.1,2000,31,20,1,31,1,2,1,1,2,1,2,2181,1,31,31,0,0.0,496,4,-1.02e-08,"{""vm_fault:invalid_program_address:8"": 1}","{""energy_captured"": 21010.05, ""energy_execution"": 109.05, ""energy_input"": 20000.0, ""energy_maintenance"": 12349.4, ""energy_released_on_death"": 10.05, ""energy_reproduction_cost"": 240.0, ""energy_transferred_to_offspring"": 160.0}",37f69143d05aa9dea5f4c8b0ec503881ac43f079730bf1f22542e7d3fef8a475
sensitivity,world.energy_input_per_tick,10.0,world.energy_input_per_tick=10.0,29,a7ca645643b0ee72,phase-zero-vm-0.2,phase-one-measurement-0.1,2000,31,21,2,31,1,3,1,2,3,2,2,2196,2,31,31,0,0.0,496,4,-1.02e-08,"{""vm_fault:division_without_complete_copy"": 1, ""vm_fault:invalid_register:7"": 1}","{""energy_captured"": 21017.0, ""energy_execution"": 109.8, ""energy_input"": 20000.0, ""energy_maintenance"": 12345.2, ""energy_released_on_death"": 17.0, ""energy_reproduction_cost"": 252.0, ""energy_transferred_to_offspring"": 168.0}",cc1c2d7d270776cb609bc07093215b72c6168453f1c91434a8dd3aa7ea2797ee
sensitivity,world.energy_input_per_tick,10.0,world.energy_input_per_tick=10.0,30,c0963953ad59834f,phase-zero-vm-0.2,phase-one-measurement-0.1,2000,31,21,2,31,1,3,1,2,3,2,2,3385,1,31,31,0,0.0,496,4,-1.02e-08,"{""energy_exhausted_maintenance"": 1, ""vm_fault:division_without_complete_copy"": 1}","{""energy_captured"": 21010.75, ""energy_execution"": 169.25, ""energy_input"": 20000.0, ""energy_maintenance"": 12349.4, ""energy_released_on_death"": 10.75, ""energy_reproduction_cost"": 252.0, ""energy_transferred_to_offspring"": 168.0}",8cf8badefee2b3ce61e2a39bc44d59ce93fa7826982c65eb1f92e1bebf374fcd
sensitivity,world.energy_input_per_tick,20.0,world.energy_input_per_tick=20.0,1,f3d6c1212a14d726,phase-zero-vm-0.2,phase-one-measurement-0.1,2000,31,22,3,31,1,4,1,3,4,3,2,2313,3,31,31,0,0.0,496,4,-8.8e-09,"{""vm_fault:division_without_complete_copy"": 1, ""vm_fault:invalid_program_address:8"": 2}","{""energy_captured"": 41030.05, ""energy_execution"": 115.65, ""energy_input"": 40000.0, ""energy_maintenance"": 12346.2, ""energy_released_on_death"": 30.05, ""energy_reproduction_cost"": 264.0, ""energy_transferred_to_offspring"": 176.0}",919123ed8cbb025b2a5c8e6f69acdecb7101d9ff2a64b5b1fe6ee2a1f853ec61
sensitivity,world.energy_input_per_tick,20.0,world.energy_input_per_tick=20.0,2,ce68fd2131ba4af1,phase-zero-vm-0.2,phase-one-measurement-0.1,2000,31,21,2,31,2,4,1,3,4,3,2,2232,2,31,31,0,0.0,496,4,-8.9e-09,"{""vm_fault:division_without_complete_copy"": 2}","{""energy_captured"": 41019.2, ""energy_execution"": 111.6, ""energy_input"": 40000.0, ""energy_maintenance"": 12352.0, ""energy_released_on_death"": 19.2, ""energy_reproduction_cost"": 252.0, ""energy_transferred_to_offspring"": 168.0}",f84ed53f05a49d1b939508a22e97d6237f578438a6ef0810182ff61c165c2dd9
sensitivity,world.energy_input_per_tick,20.0,world.energy_input_per_tick=20.0,3,ffd6d5a823928824,phase-zero-vm-0.2,phase-one-measurement-0.1,2000,31,19,0,31,2,2,1,1,2,1,2,18010,0,30,30,0,0.0,496,4,-8.9e-09,{},"{""energy_captured"": 41000.0, ""energy_execution"": 900.5, ""energy_input"": 40000.0, ""energy_maintenance"": 12352.0, ""energy_released_on_death"": 0.0, ""energy_reproduction_cost"": 228.0, ""energy_transferred_to_offspring"": 152.0}",09f6544654933634b2063a2133df54b8918403f9373cb53dc7f83b3464b5219c
sensitivity,world.energy_input_per_tick,20.0,world.energy_input_per_tick=20.0,4,be9e35fde369102c,phase-zero-vm-0.2,phase-one-measurement-0.1,2000,31,19,0,31,1,1,1,1,1,0,2,2100,0,31,31,0,0.0,496,4,-8.9e-09,{},"{""energy_captured"": 41000.0, ""energy_execution"": 105.0, ""energy_input"": 40000.0, ""energy_maintenance"": 12352.0, ""energy_released_on_death"": 0.0, ""energy_reproduction_cost"": 228.0, ""energy_transferred_to_offspring"": 152.0}",76e35bc5d730012375704ae3dce47299d333cbbb5dd2dacba1e0bda31538cbd0
sensitivity,world.energy_input_per_tick,20.0,world.energy_input_per_tick=20.0,5,b9371e4eac5e4427,phase-zero-vm-0.2,phase-one-measurement-0.1,2000,31,19,0,31,1,1,1,1,1,0,2,2100,0,31,31,0,0.0,496,4,-8.9e-09,{},"{""energy_captured"": 41000.0, ""energy_execution"": 105.0, ""energy_input"": 40000.0, ""energy_maintenance"": 12352.0, ""energy_released_on_death"": 0.0, ""energy_reproduction_cost"": 228.0, ""energy_transferred_to_offspring"": 152.0}",af56717ec639de689d6ca88757237b0a649158e160cfff2d03836e686f649fcb
sensitivity,world.energy_input_per_tick,20.0,world.energy_input_per_tick=20.0,6,01a503345ec6b138,phase-zero-vm-0.2,phase-one-measurement-0.1,2000,31,20,1,31,1,2,1,1,2,1,2,2149,1,31,31,0,0.0,496,4,-8.9e-09,"{""vm_fault:division_without_complete_copy"": 1}","{""energy_captured"": 41008.45, ""energy_execution"": 107.45, ""energy_input"": 40000.0, ""energy_maintenance"": 12352.0, ""energy_released_on_death"": 8.45, ""energy_reproduction_cost"": 240.0, ""energy_transferred_to_offspring"": 160.0}",fd38a4cf73f1930b18d283f60273656069a2229f9ceec1b58f65859dba35fa9e
sensitivity,world.energy_input_per_tick,20.0,world.energy_input_per_tick=20.0,7,71d815d0bebf4fef,phase-zero-vm-0.2,phase-one-measurement-0.1,2000,31,20,1,31,1,2,1,1,2,1,2,2149,1,31,31,0,0.0,496,4,-8.9e-09,"{""vm_fault:division_without_complete_copy"": 1}","{""energy_captured"": 41008.45, ""energy_execution"": 107.45, ""energy_input"": 40000.0, ""energy_maintenance"": 12348.6, ""energy_released_on_death"": 8.45, ""energy_reproduction_cost"": 240.0, ""energy_transferred_to_offspring"": 160.0}",a20c7d13138e7a35e487581af7c1cc2f98107da7512e94a31857c665795e4e94
sensitivity,world.energy_input_per_tick,20.0,world.energy_input_per_tick=20.0,8,11782a8b313b5c01,phase-zero-vm-0.2,phase-one-measurement-0.1,2000,31,19,0,31,3,3,2,2,3,2,2,18010,0,30,30,0,0.0,496,4,-8.9e-09,{},"{""energy_captured"": 41000.0, ""energy_execution"": 900.5, ""energy_input"": 40000.0, ""energy_maintenance"": 12352.0, ""energy_released_on_death"": 0.0, ""energy_reproduction_cost"": 228.0, ""energy_transferred_to_offspring"": 152.0}",3c8e5d324c3ed39a9933cb842d40aafb133bdf3e868e39097d4897427f923193
sensitivity,world.energy_input_per_tick,20.0,world.energy_input_per_tick=20.0,9,14f83868487c5ade,phase-zero-vm-0.2,phase-one-measurement-0.1,2000,31,20,1,31,2,3,2,2,3,2,2,17913,1,30,30,0,0.0,496,4,-8.8e-09,"{""vm_fault:invalid_register:7"": 1}","{""energy_captured"": 41008.55, ""energy_execution"": 895.65, ""energy_input"": 40000.0, ""energy_maintenance"": 12348.6, ""energy_released_on_death"": 8.55, ""energy_reproduction_cost"": 240.0, ""energy_transferred_to_offspring"": 160.0}",8725233fbcf4d67fa234d3bdd07fff237fec258ad84e83b4a4631b14960c8405
sensitivity,world.energy_input_per_tick,20.0,world.energy_input_per_tick=20.0,10,f54f12db64d53a5c,phase-zero-vm-0.2,phase-one-measurement-0.1,2000,31,20,1,31,1,2,1,1,2,1,2,2142,1,31,31,0,0.0,496,4,-8.9e-09,"{""vm_fault:invalid_register:8"": 1}","{""energy_captured"": 41008.8, ""energy_execution"": 107.1, ""energy_input"": 40000.0, ""energy_maintenance"": 12352.0, ""energy_released_on_death"": 8.8, ""energy_reproduction_cost"": 240.0, ""energy_transferred_to_offspring"": 160.0}",3e1720b228ca71b43f73adaf5f38cda73485a2a56c7198adabef2e7cb175dc8b
sensitivity,world.energy_input_per_tick,20.0,world.energy_input_per_tick=20.0,11,a3f8cb7131b39ad0,phase-zero-vm-0.2,phase-one-measurement-0.1,2000,31,19,0,31,1,1,1,1,1,0,2,2100,0,31,31,0,0.0,496,4,-8.9e-09,{},"{""energy_captured"": 41000.0, ""energy_execution"": 105.0, ""energy_input"": 40000.0, ""energy_maintenance"": 12352.0, ""energy_released_on_death"": 0.0, ""energy_reproduction_cost"": 228.0, ""energy_transferred_to_offspring"": 152.0}",6bcb7c4307d9b2fe012fbcd12acf4ad7ce75f1ae16ee66104ad8d232d98156c6
sensitivity,world.energy_input_per_tick,20.0,world.energy_input_per_tick=20.0,12,200ef34f3fb60461,phase-zero-vm-0.2,phase-one-measurement-0.1,2000,31,20,1,31,2,3,1,2,3,2,2,2183,1,31,31,0,0.0,496,4,-8.9e-09,"{""vm_fault:division_without_complete_copy"": 1}","{""energy_captured"": 41010.75, ""energy_execution"": 109.15, ""energy_input"": 40000.0, ""energy_maintenance"": 12349.6, ""energy_released_on_death"": 10.75, ""energy_reproduction_cost"": 240.0, ""energy_transferred_to_offspring"": 160.0}",3ed08cb9d8223ad54ad5ed94b53d2a5d7affd4ede26953adf79766d4dc55f3e4
sensitivity,world.energy_input_per_tick,20.0,world.energy_input_per_tick=20.0,13,2dad7ab626f6c42a,phase-zero-vm-0.2,phase-one-measurement-0.1,2000,31,23,4,31,1,5,1,4,5,4,2,2343,4,31,31,0,0.0,496,4,-8.8e-09,"{""vm_fault:division_without_complete_copy"": 2, ""vm_fault:instruction_pointer_out_of_bounds:8"": 1, ""vm_fault:invalid_register:8"": 1}","{""energy_captured"": 41037.85, ""energy_execution"": 117.15, ""energy_input"": 40000.0, ""energy_maintenance"": 12342.4, ""energy_released_on_death"": 37.85, ""energy_reproduction_cost"": 276.0, ""energy_transferred_to_offspring"": 184.0}",827032af0101af56eeb421d385e7e6500dddaf9f532a3246168e1905150fed66
sensitivity,world.energy_input_per_tick,20.0,world.energy_input_per_tick=20.0,14,cf0830441b844ccd,phase-zero-vm-0.2,phase-one-measurement-0.1,2000,31,21,2,31,1,3,1,2,3,2,2,2226,2,31,31,0,0.0,496,4,-8.8e-09,"{""vm_fault:instruction_pointer_out_of_bounds:8"": 1, ""vm_fault:invalid_memory_address:8"": 1}","{""energy_captured"": 41019.5, ""energy_execution"": 111.3, ""energy_input"": 40000.0, ""energy_maintenance"": 12346.2, ""energy_released_on_death"": 19.5, ""energy_reproduction_cost"": 252.0, ""energy_transferred_to_offspring"": 168.0}",75781d87efe6cf995d45ce9487ff106fa6ed77a66be3df8f5c65c5fbf0fd8ae2
sensitivity,world.energy_input_per_tick,20.0,world.energy_input_per_tick=20.0,15,e73b676d2eafcab4,phase-zero-vm-0.2,phase-one-measurement-0.1,2000,31,22,3,31,1,4,1,3,4,3,2,2276,3,31,31,0,0.0,496,4,-8.8e-09,"{""vm_fault:division_without_complete_copy"": 1, ""vm_fault:invalid_program_address:248"": 1, ""vm_fault:invalid_program_address:8"": 1}","{""energy_captured"": 41027.9, ""energy_execution"": 113.8, ""energy_input"": 40000.0, ""energy_maintenance"": 12342.8, ""energy_released_on_death"": 27.9, ""energy_reproduction_cost"": 264.0, ""energy_transferred_to_offspring"": 176.0}",fcfc80e43d2a9a3559c01051f4b077f281711073d0305bd3d409ab61de094b28
sensitivity,world.energy_input_per_tick,20.0,world.energy_input_per_tick=20.0,16,c308a5b4fce848fe,phase-zero-vm-0.2,phase-one-measurement-0.1,2000,31,19,0,31,1,1,1,1,1,0,2,2100,0,31,31,0,0.0,496,4,-8.9e-09,{},"{""energy_captured"": 41000.0, ""energy_execution"": 105.0, ""energy_input"": 40000.0, ""energy_maintenance"": 12352.0, ""energy_released_on_death"": 0.0, ""energy_reproduction_cost"": 228.0, ""energy_transferred_to_offspring"": 152.0}",f3bad8478893a5ddda6e48dda98e8a543b0cc61208c61113699014a667d24ad9
sensitivity,world.energy_input_per_tick,20.0,world.energy_input_per_tick=20.0,17,d3772bff865c4352,phase-zero-vm-0.2,phase-one-measurement-0.1,2000,31,19,0,31,2,2,1,1,2,1,2,18010,0,30,30,0,0.0,496,4,-8.9e-09,{},"{""energy_captured"": 41000.0, ""energy_execution"": 900.5, ""energy_input"": 40000.0, ""energy_maintenance"": 12352.0, ""energy_released_on_death"": 0.0, ""energy_reproduction_cost"": 228.0, ""energy_transferred_to_offspring"": 152.0}",ff4649e01b43d60152b5af70f5660207b24a592a661c88e6da2a1fc57bea04a0
sensitivity,world.energy_input_per_tick,20.0,world.energy_input_per_tick=20.0,18,b92334dfdd8ef55a,phase-zero-vm-0.2,phase-one-measurement-0.1,2000,31,19,0,31,2,2,1,1,2,1,2,2100,0,30,30,0,0.0,496,4,-8.9e-09,{},"{""energy_captured"": 41000.0, ""energy_execution"": 105.0, ""energy_input"": 40000.0, ""energy_maintenance"": 12352.0, ""energy_released_on_death"": 0.0, ""energy_reproduction_cost"": 228.0, ""energy_transferred_to_offspring"": 152.0}",31d3f5b12c25675cbcf29a2293d5aa652f72a0106d2da156f0ea23472dab6345
sensitivity,world.energy_input_per_tick,20.0,world.energy_input_per_tick=20.0,19,82dcbb8cb66963ae,phase-zero-vm-0.2,phase-one-measurement-0.1,2000,31,21,2,31,1,3,1,2,3,2,2,2268,2,31,31,0,0.0,496,4,-8.9e-09,"{""vm_fault:instruction_pointer_out_of_bounds:8"": 1, ""vm_fault:invalid_program_address:8"": 1}","{""energy_captured"": 41021.4, ""energy_execution"": 113.4, ""energy_input"": 40000.0, ""energy_maintenance"": 12349.6, ""energy_released_on_death"": 21.4, ""energy_reproduction_cost"": 252.0, ""energy_transferred_to_offspring"": 168.0}",b59af7f986e2faface5d5e724db5d4a28995e64fe5de3b15a3f0b7410f93c571
sensitivity,world.energy_input_per_tick,20.0,world.energy_input_per_tick=20.0,20,a360761e711e9e0a,phase-zero-vm-0.2,phase-one-measurement-0.1,2000,31,22,3,31,1,4,1,3,4,3,2,2280,3,31,31,0,0.0,496,4,-8.8e-09,"{""vm_fault:division_without_complete_copy"": 1, ""vm_fault:invalid_program_address:8"": 1, ""vm_fault:invalid_register:7"": 1}","{""energy_captured"": 41027.7, ""energy_execution"": 114.0, ""energy_input"": 40000.0, ""energy_maintenance"": 12346.2, ""energy_released_on_death"": 27.7, ""energy_reproduction_cost"": 264.0, ""energy_transferred_to_offspring"": 176.0}",336dbcfa18533fa04542506deca60a165890c154cbfad191cdb84137f13e3ed8
sensitivity,world.energy_input_per_tick,20.0,world.energy_input_per_tick=20.0,21,b467a011a841f63c,phase-zero-vm-0.2,phase-one-measurement-0.1,2000,31,20,1,31,1,2,1,1,2,1,2,2149,1,31,31,0,0.0,496,4,-8.9e-09,"{""vm_fault:invalid_program_address:255"": 1}","{""energy_captured"": 41008.45, ""energy_execution"": 107.45, ""energy_input"": 40000.0, ""energy_maintenance"": 12352.0, ""energy_released_on_death"": 8.45, ""energy_reproduction_cost"": 240.0, ""energy_transferred_to_offspring"": 160.0}",f2db39287045dc84032d13f0a0a4f2aa66c0e903ef62c5a0e249f5292e73c174
sensitivity,world.energy_input_per_tick,20.0,world.energy_input_per_tick=20.0,22,47e88f2fb76c9738,phase-zero-vm-0.2,phase-one-measurement-0.1,2000,31,20,1,31,1,2,1,1,2,1,2,2148,1,31,31,0,0.0,496,4,-8.8e-09,"{""vm_fault:division_without_complete_copy"": 1}","{""energy_captured"": 41008.5, ""energy_execution"": 107.4, ""energy_input"": 40000.0, ""energy_maintenance"": 12348.6, ""energy_released_on_death"": 8.5, ""energy_reproduction_cost"": 240.0, ""energy_transferred_to_offspring"": 160.0}",a6321250809bd0a778356390efcf6ebf4db2c5a0e22c733b04f1463c9019c723
sensitivity,world.energy_input_per_tick,20.0,world.energy_input_per_tick=20.0,23,45fbf428b7787745,phase-zero-vm-0.2,phase-one-measurement-0.1,2000,31,20,1,31,2,3,2,2,3,2,2,2183,1,31,31,0,0.0,496,4,-8.9e-09,"{""vm_fault:division_without_complete_copy"": 1}","{""energy_captured"": 41010.75, ""energy_execution"": 109.15, ""energy_input"": 40000.0, ""energy_maintenance"": 12349.6, ""energy_released_on_death"": 10.75, ""energy_reproduction_cost"": 240.0, ""energy_transferred_to_offspring"": 160.0}",9962660e0325550351395e5905264b8521fc633497dc82481776f5756dbf2e0a
sensitivity,world.energy_input_per_tick,20.0,world.energy_input_per_tick=20.0,24,8d2873450a850d68,phase-zero-vm-0.2,phase-one-measurement-0.1,2000,31,21,2,31,1,3,1,2,3,2,2,2233,2,31,31,0,0.0,496,4,-8.9e-09,"{""vm_fault:division_without_complete_copy"": 1, ""vm_fault:invalid_program_address:8"": 1}","{""energy_captured"": 41019.15, ""energy_execution"": 111.65, ""energy_input"": 40000.0, ""energy_maintenance"": 12349.6, ""energy_released_on_death"": 19.15, ""energy_reproduction_cost"": 252.0, ""energy_transferred_to_offspring"": 168.0}",613988020d7142816e08d3a920147ec3f4b46840a0554114183279e523fe1350
sensitivity,world.energy_input_per_tick,20.0,world.energy_input_per_tick=20.0,25,25258d038e4b0b64,phase-zero-vm-0.2,phase-one-measurement-0.1,2000,31,20,1,31,1,2,1,1,2,1,2,2184,1,31,31,0,0.0,496,4,-8.9e-09,"{""vm_fault:instruction_pointer_out_of_bounds:8"": 1}","{""energy_captured"": 41010.7, ""energy_execution"": 109.2, ""energy_input"": 40000.0, ""energy_maintenance"": 12352.0, ""energy_released_on_death"": 10.7, ""energy_reproduction_cost"": 240.0, ""energy_transferred_to_offspring"": 160.0}",516051a97e24e9b212a9f72f504ad6f87dd2847d8a0d73e4a2c06590c7a90331
sensitivity,world.energy_input_per_tick,20.0,world.energy_input_per_tick=20.0,26,364a026c7f68f7dc,phase-zero-vm-0.2,phase-one-measurement-0.1,2000,31,19,0,31,3,3,2,2,3,2,2,17970,0,29,29,0,0.0,496,4,-8.8e-09,{},"{""energy_captured"": 41000.0, ""energy_execution"": 898.5, ""energy_input"": 40000.0, ""energy_maintenance"": 12352.0, ""energy_released_on_death"": 0.0, ""energy_reproduction_cost"": 228.0, ""energy_transferred_to_offspring"": 152.0}",d2ca4382428a4d696d8ee404e4caec5024b919c6a4f16b7ee4f1f466bc7b1425
sensitivity,world.energy_input_per_tick,20.0,world.energy_input_per_tick=20.0,27,bf76ebfc088f225d,phase-zero-vm-0.2,phase-one-measurement-0.1,2000,31,20,1,31,1,2,1,1,2,1,2,2168,1,31,31,0,0.0,496,4,-8.9e-09,"{""vm_fault:division_without_complete_copy"": 1}","{""energy_captured"": 41009.9, ""energy_execution"": 108.4, ""energy_input"": 40000.0, ""energy_maintenance"": 12349.2, ""energy_released_on_death"": 9.9, ""energy_reproduction_cost"": 240.0, ""energy_transferred_to_offspring"": 160.0}",d2db8b3c7f583c1fb504a5f7aa7d4f9e2bff7fa0209a0c78357c15ae318e8f37
sensitivity,world.energy_input_per_tick,20.0,world.energy_input_per_tick=20.0,28,c06c9e960db9dd2f,phase-zero-vm-0.2,phase-one-measurement-0.1,2000,31,20,1,31,1,2,1,1,2,1,2,2181,1,31,31,0,0.0,496,4,-8.9e-09,"{""vm_fault:invalid_program_address:8"": 1}","{""energy_captured"": 41010.05, ""energy_execution"": 109.05, ""energy_input"": 40000.0, ""energy_maintenance"": 12349.4, ""energy_released_on_death"": 10.05, ""energy_reproduction_cost"": 240.0, ""energy_transferred_to_offspring"": 160.0}",414be672961a981d0525494b0f10483894566c97a55bbda08745dffb8c4b13ae
sensitivity,world.energy_input_per_tick,20.0,world.energy_input_per_tick=20.0,29,17befc00f3d39c9d,phase-zero-vm-0.2,phase-one-measurement-0.1,2000,31,21,2,31,1,3,1,2,3,2,2,2196,2,31,31,0,0.0,496,4,-8.8e-09,"{""vm_fault:division_without_complete_copy"": 1, ""vm_fault:invalid_register:7"": 1}","{""energy_captured"": 41017.0, ""energy_execution"": 109.8, ""energy_input"": 40000.0, ""energy_maintenance"": 12345.2, ""energy_released_on_death"": 17.0, ""energy_reproduction_cost"": 252.0, ""energy_transferred_to_offspring"": 168.0}",c919efa910ccf454a95b8f7b4dc5b2dbbe6374224333a1ad868ae20e6b2db80d
sensitivity,world.energy_input_per_tick,20.0,world.energy_input_per_tick=20.0,30,e64bdb3be1319bc6,phase-zero-vm-0.2,phase-one-measurement-0.1,2000,31,20,1,31,2,3,1,2,3,2,2,18093,1,30,30,0,0.0,496,4,-8.8e-09,"{""vm_fault:division_without_complete_copy"": 1}","{""energy_captured"": 41010.75, ""energy_execution"": 904.65, ""energy_input"": 40000.0, ""energy_maintenance"": 12349.6, ""energy_released_on_death"": 10.75, ""energy_reproduction_cost"": 240.0, ""energy_transferred_to_offspring"": 160.0}",fa3d569ad60ade73b4e1aeb24860026bfcbc1ec25f49641280eb649da15ff551
sensitivity,world.initial_energy,500.0,world.initial_energy=500.0,1,8199d10837f37362,phase-zero-vm-0.2,phase-one-measurement-0.1,2000,31,22,3,31,1,4,1,3,4,3,2,2313,3,31,31,0,0.0,496,4,-1.02e-08,"{""vm_fault:division_without_complete_copy"": 1, ""vm_fault:invalid_program_address:8"": 2}","{""energy_captured"": 20530.05, ""energy_execution"": 115.65, ""energy_input"": 20000.0, ""energy_maintenance"": 12346.2, ""energy_released_on_death"": 30.05, ""energy_reproduction_cost"": 264.0, ""energy_transferred_to_offspring"": 176.0}",aa5739655e258b18f41d52d020414a8d6241a3b05bf816ffbe9a8736397f2450
sensitivity,world.initial_energy,500.0,world.initial_energy=500.0,2,18f84d1f6c99b347,phase-zero-vm-0.2,phase-one-measurement-0.1,2000,31,21,2,31,2,4,1,3,4,3,2,2232,2,31,31,0,0.0,496,4,-1.02e-08,"{""vm_fault:division_without_complete_copy"": 2}","{""energy_captured"": 20519.2, ""energy_execution"": 111.6, ""energy_input"": 20000.0, ""energy_maintenance"": 12352.0, ""energy_released_on_death"": 19.2, ""energy_reproduction_cost"": 252.0, ""energy_transferred_to_offspring"": 168.0}",1d0817072f64af427e4d88694e873a23787b00dec1f7bd30d92981f1ca6bb783
sensitivity,world.initial_energy,500.0,world.initial_energy=500.0,3,9466231e567bf1a2,phase-zero-vm-0.2,phase-one-measurement-0.1,2000,31,20,1,31,1,2,1,1,2,1,2,2974,0,31,31,0,0.0,496,4,-1.02e-08,"{""energy_exhausted_execution"": 1}","{""energy_captured"": 20500.0, ""energy_execution"": 148.3, ""energy_input"": 20000.0, ""energy_maintenance"": 12351.8, ""energy_released_on_death"": 0.0, ""energy_reproduction_cost"": 240.0, ""energy_transferred_to_offspring"": 160.0}",29dbf196c1be3bb6744c3a29bf357041df2201d4cf670d9a21e22168b9c729e9
sensitivity,world.initial_energy,500.0,world.initial_energy=500.0,4,327f347f8175894a,phase-zero-vm-0.2,phase-one-measurement-0.1,2000,31,19,0,31,1,1,1,1,1,0,2,2100,0,31,31,0,0.0,496,4,-1.02e-08,{},"{""energy_captured"": 20500.0, ""energy_execution"": 105.0, ""energy_input"": 20000.0, ""energy_maintenance"": 12352.0, ""energy_released_on_death"": 0.0, ""energy_reproduction_cost"": 228.0, ""energy_transferred_to_offspring"": 152.0}",270e598ff5a1a5d67fce947323ed301897ece42eb6942af3a963731d10901131
sensitivity,world.initial_energy,500.0,world.initial_energy=500.0,5,57887d21bd2833a3,phase-zero-vm-0.2,phase-one-measurement-0.1,2000,31,19,0,31,1,1,1,1,1,0,2,2100,0,31,31,0,0.0,496,4,-1.02e-08,{},"{""energy_captured"": 20500.0, ""energy_execution"": 105.0, ""energy_input"": 20000.0, ""energy_maintenance"": 12352.0, ""energy_released_on_death"": 0.0, ""energy_reproduction_cost"": 228.0, ""energy_transferred_to_offspring"": 152.0}",8afb19f3372b2fb381831aca94c63e4fc4d2835c3112976dde1a9f4cee5285dd
sensitivity,world.initial_energy,500.0,world.initial_energy=500.0,6,9b9ec99978df9196,phase-zero-vm-0.2,phase-one-measurement-0.1,2000,31,20,1,31,1,2,1,1,2,1,2,2149,1,31,31,0,0.0,496,4,-1.02e-08,"{""vm_fault:division_without_complete_copy"": 1}","{""energy_captured"": 20508.45, ""energy_execution"": 107.45, ""energy_input"": 20000.0, ""energy_maintenance"": 12352.0, ""energy_released_on_death"": 8.45, ""energy_reproduction_cost"": 240.0, ""energy_transferred_to_offspring"": 160.0}",5c80faf8053aaaa36f501d26f89026eb44b5a029096ec24e8a0f59a0e625aacd
sensitivity,world.initial_energy,500.0,world.initial_energy=500.0,7,59af064a69d6995b,phase-zero-vm-0.2,phase-one-measurement-0.1,2000,31,20,1,31,1,2,1,1,2,1,2,2149,1,31,31,0,0.0,496,4,-1.02e-08,"{""vm_fault:division_without_complete_copy"": 1}","{""energy_captured"": 20508.45, ""energy_execution"": 107.45, ""energy_input"": 20000.0, ""energy_maintenance"": 12348.6, ""energy_released_on_death"": 8.45, ""energy_reproduction_cost"": 240.0, ""energy_transferred_to_offspring"": 160.0}",0bd747c97de1c1f7615430195b156ad7c37b812e0feca84c634cd965f8504f5e
sensitivity,world.initial_energy,500.0,world.initial_energy=500.0,8,b64d162bf7323fcb,phase-zero-vm-0.2,phase-one-measurement-0.1,2000,31,20,1,31,2,3,1,2,3,2,2,2862,0,31,31,0,0.0,496,4,-1.02e-08,"{""energy_exhausted_maintenance"": 1}","{""energy_captured"": 20500.0, ""energy_execution"": 143.1, ""energy_input"": 20000.0, ""energy_maintenance"": 12351.8, ""energy_released_on_death"": 0.0, ""energy_reproduction_cost"": 240.0, ""energy_transferred_to_offspring"": 160.0}",3c8f3367a923467cee90149836e544fb8e4abbdf205969132a520edaafb26792
sensitivity,world.initial_energy,500.0,world.initial_energy=500.0,9,a010817fbb7ead5c,phase-zero-vm-0.2,phase-one-measurement-0.1,2000,31,21,2,31,1,3,1,2,3,2,2,2685,1,31,31,0,0.0,496,4,-1.02e-08,"{""energy_exhausted_execution"": 1, ""vm_fault:invalid_register:7"": 1}","{""energy_captured"": 20508.55, ""energy_execution"": 134.05, ""energy_input"": 20000.0, ""energy_maintenance"": 12348.6, ""energy_released_on_death"": 8.55, ""energy_reproduction_cost"": 252.0, ""energy_transferred_to_offspring"": 168.0}",edaeee927345684d1f46f4b9862bbe0d07c4d0677d23255b505ba9d9bfbb2884
sensitivity,world.initial_energy,500.0,world.initial_energy=500.0,10,03dbd3fd08404173,phase-zero-vm-0.2,phase-one-measurement-0.1,2000,31,20,1,31,1,2,1,1,2,1,2,2142,1,31,31,0,0.0,496,4,-1.02e-08,"{""vm_fault:invalid_register:8"": 1}","{""energy_captured"": 20508.8, ""energy_execution"": 107.1, ""energy_input"": 20000.0, ""energy_maintenance"": 12352.0, ""energy_released_on_death"": 8.8, ""energy_reproduction_cost"": 240.0, ""energy_transferred_to_offspring"": 160.0}",5c7428f60cb52fd096983467d530e5bce3e330449a310a5d188059124bce3ecb
sensitivity,world.initial_energy,500.0,world.initial_energy=500.0,11,b4162db7ca99b124,phase-zero-vm-0.2,phase-one-measurement-0.1,2000,31,19,0,31,1,1,1,1,1,0,2,2100,0,31,31,0,0.0,496,4,-1.02e-08,{},"{""energy_captured"": 20500.0, ""energy_execution"": 105.0, ""energy_input"": 20000.0, ""energy_maintenance"": 12352.0, ""energy_released_on_death"": 0.0, ""energy_reproduction_cost"": 228.0, ""energy_transferred_to_offspring"": 152.0}",3d689b1e19d1b524aef559832382667d2dde954e914b09ded7401598633ae8d7
sensitivity,world.initial_energy,500.0,world.initial_energy=500.0,12,839bfdbea6c3b208,phase-zero-vm-0.2,phase-one-measurement-0.1,2000,31,20,1,31,2,3,1,2,3,2,2,2183,1,31,31,0,0.0,496,4,-1.02e-08,"{""vm_fault:division_without_complete_copy"": 1}","{""energy_captured"": 20510.75, ""energy_execution"": 109.15, ""energy_input"": 20000.0, ""energy_maintenance"": 12349.6, ""energy_released_on_death"": 10.75, ""energy_reproduction_cost"": 240.0, ""energy_transferred_to_offspring"": 160.0}",81da9978aa5a4aae14d523c2f91390245d6763bc8f79e20fc03353f2485ff42d
sensitivity,world.initial_energy,500.0,world.initial_energy=500.0,13,7f6f11edcc698f22,phase-zero-vm-0.2,phase-one-measurement-0.1,2000,31,23,4,31,1,5,1,4,5,4,2,2343,4,31,31,0,0.0,496,4,-1.01e-08,"{""vm_fault:division_without_complete_copy"": 2, ""vm_fault:instruction_pointer_out_of_bounds:8"": 1, ""vm_fault:invalid_register:8"": 1}","{""energy_captured"": 20537.85, ""energy_execution"": 117.15, ""energy_input"": 20000.0, ""energy_maintenance"": 12342.4, ""energy_released_on_death"": 37.85, ""energy_reproduction_cost"": 276.0, ""energy_transferred_to_offspring"": 184.0}",5a102aa65300961456701267238aea7cde594bc305035edc7ef3cd87b91e0b70
sensitivity,world.initial_energy,500.0,world.initial_energy=500.0,14,15273c0e645410cf,phase-zero-vm-0.2,phase-one-measurement-0.1,2000,31,21,2,31,1,3,1,2,3,2,2,2226,2,31,31,0,0.0,496,4,-1.02e-08,"{""vm_fault:instruction_pointer_out_of_bounds:8"": 1, ""vm_fault:invalid_memory_address:8"": 1}","{""energy_captured"": 20519.5, ""energy_execution"": 111.3, ""energy_input"": 20000.0, ""energy_maintenance"": 12346.2, ""energy_released_on_death"": 19.5, ""energy_reproduction_cost"": 252.0, ""energy_transferred_to_offspring"": 168.0}",cd18b469e4930e027ce6ff8db07db4b13c74f0d861d9523239b47af34fae755a
sensitivity,world.initial_energy,500.0,world.initial_energy=500.0,15,060c981d3fc8ed0a,phase-zero-vm-0.2,phase-one-measurement-0.1,2000,31,22,3,31,1,4,1,3,4,3,2,2276,3,31,31,0,0.0,496,4,-1.02e-08,"{""vm_fault:division_without_complete_copy"": 1, ""vm_fault:invalid_program_address:248"": 1, ""vm_fault:invalid_program_address:8"": 1}","{""energy_captured"": 20527.9, ""energy_execution"": 113.8, ""energy_input"": 20000.0, ""energy_maintenance"": 12342.8, ""energy_released_on_death"": 27.9, ""energy_reproduction_cost"": 264.0, ""energy_transferred_to_offspring"": 176.0}",f5977e9f91d0f1a7f51f419dde3492eb0554268165eb588ba9ac2b25a483bb83
sensitivity,world.initial_energy,500.0,world.initial_energy=500.0,16,e65097f393a44c4e,phase-zero-vm-0.2,phase-one-measurement-0.1,2000,31,19,0,31,1,1,1,1,1,0,2,2100,0,31,31,0,0.0,496,4,-1.02e-08,{},"{""energy_captured"": 20500.0, ""energy_execution"": 105.0, ""energy_input"": 20000.0, ""energy_maintenance"": 12352.0, ""energy_released_on_death"": 0.0, ""energy_reproduction_cost"": 228.0, ""energy_transferred_to_offspring"": 152.0}",c1c4eb377607d16efaa737150eb19349eef87a01e90c542558be622a05fdeef5
sensitivity,world.initial_energy,500.0,world.initial_energy=500.0,17,fd7600522fbf1e9f,phase-zero-vm-0.2,phase-one-measurement-0.1,2000,31,20,1,31,1,2,1,1,2,1,2,3022,0,31,31,0,0.0,496,4,-1.02e-08,"{""energy_exhausted_maintenance"": 1}","{""energy_captured"": 20500.0, ""energy_execution"": 151.1, ""energy_input"": 20000.0, ""energy_maintenance"": 12351.8, ""energy_released_on_death"": 0.0, ""energy_reproduction_cost"": 240.0, ""energy_transferred_to_offspring"": 160.0}",97cb5ca3062fc6fe87384505731196fcaac8aba11f89334bae4dbcfb8701b822
sensitivity,world.initial_energy,500.0,world.initial_energy=500.0,18,a35a2efb2422639d,phase-zero-vm-0.2,phase-one-measurement-0.1,2000,31,19,0,31,2,2,1,1,2,1,2,2100,0,30,30,0,0.0,496,4,-1.02e-08,{},"{""energy_captured"": 20500.0, ""energy_execution"": 105.0, ""energy_input"": 20000.0, ""energy_maintenance"": 12352.0, ""energy_released_on_death"": 0.0, ""energy_reproduction_cost"": 228.0, ""energy_transferred_to_offspring"": 152.0}",a9509b581a4b3d761a55d6888684e1104e13dcb7034e9bd0a80a6b833ae4c7df
sensitivity,world.initial_energy,500.0,world.initial_energy=500.0,19,9d25efeada6c1f7d,phase-zero-vm-0.2,phase-one-measurement-0.1,2000,31,21,2,31,1,3,1,2,3,2,2,2268,2,31,31,0,0.0,496,4,-1.02e-08,"{""vm_fault:instruction_pointer_out_of_bounds:8"": 1, ""vm_fault:invalid_program_address:8"": 1}","{""energy_captured"": 20521.4, ""energy_execution"": 113.4, ""energy_input"": 20000.0, ""energy_maintenance"": 12349.6, ""energy_released_on_death"": 21.4, ""energy_reproduction_cost"": 252.0, ""energy_transferred_to_offspring"": 168.0}",652eba272790c845a8521980174bc99c1bade317623419123cb5a4cb08c23547
sensitivity,world.initial_energy,500.0,world.initial_energy=500.0,20,aded2052595cafc0,phase-zero-vm-0.2,phase-one-measurement-0.1,2000,31,22,3,31,1,4,1,3,4,3,2,2280,3,31,31,0,0.0,496,4,-1.02e-08,"{""vm_fault:division_without_complete_copy"": 1, ""vm_fault:invalid_program_address:8"": 1, ""vm_fault:invalid_register:7"": 1}","{""energy_captured"": 20527.7, ""energy_execution"": 114.0, ""energy_input"": 20000.0, ""energy_maintenance"": 12346.2, ""energy_released_on_death"": 27.7, ""energy_reproduction_cost"": 264.0, ""energy_transferred_to_offspring"": 176.0}",165733977981f60a0b15904d478a92784047d2ea3a160139a46ae71a92700d3a
sensitivity,world.initial_energy,500.0,world.initial_energy=500.0,21,05a46eed328dff4d,phase-zero-vm-0.2,phase-one-measurement-0.1,2000,31,20,1,31,1,2,1,1,2,1,2,2149,1,31,31,0,0.0,496,4,-1.02e-08,"{""vm_fault:invalid_program_address:255"": 1}","{""energy_captured"": 20508.45, ""energy_execution"": 107.45, ""energy_input"": 20000.0, ""energy_maintenance"": 12352.0, ""energy_released_on_death"": 8.45, ""energy_reproduction_cost"": 240.0, ""energy_transferred_to_offspring"": 160.0}",ad75acd14a2b8ce697930ee0945c0aa8943ce7b385d37ec163c7338ffe998986
sensitivity,world.initial_energy,500.0,world.initial_energy=500.0,22,c436115a7c9d6524,phase-zero-vm-0.2,phase-one-measurement-0.1,2000,31,20,1,31,1,2,1,1,2,1,2,2148,1,31,31,0,0.0,496,4,-1.02e-08,"{""vm_fault:division_without_complete_copy"": 1}","{""energy_captured"": 20508.5, ""energy_execution"": 107.4, ""energy_input"": 20000.0, ""energy_maintenance"": 12348.6, ""energy_released_on_death"": 8.5, ""energy_reproduction_cost"": 240.0, ""energy_transferred_to_offspring"": 160.0}",2ce82927480d828c90d5905581ea36c5830fb05f277e00d4d0563f309c949e7f
sensitivity,world.initial_energy,500.0,world.initial_energy=500.0,23,f3c7543e395305bc,phase-zero-vm-0.2,phase-one-measurement-0.1,2000,31,20,1,31,2,3,2,2,3,2,2,2183,1,31,31,0,0.0,496,4,-1.02e-08,"{""vm_fault:division_without_complete_copy"": 1}","{""energy_captured"": 20510.75, ""energy_execution"": 109.15, ""energy_input"": 20000.0, ""energy_maintenance"": 12349.6, ""energy_released_on_death"": 10.75, ""energy_reproduction_cost"": 240.0, ""energy_transferred_to_offspring"": 160.0}",b58bf5afd3884d96ed898e901e3563a5473077c8ab97f3a058fc9f40064b1024
sensitivity,world.initial_energy,500.0,world.initial_energy=500.0,24,aebc9b8976e1b638,phase-zero-vm-0.2,phase-one-measurement-0.1,2000,31,21,2,31,1,3,1,2,3,2,2,2233,2,31,31,0,0.0,496,4,-1.02e-08,"{""vm_fault:division_without_complete_copy"": 1, ""vm_fault:invalid_program_address:8"": 1}","{""energy_captured"": 20519.15, ""energy_execution"": 111.65, ""energy_input"": 20000.0, ""energy_maintenance"": 12349.6, ""energy_released_on_death"": 19.15, ""energy_reproduction_cost"": 252.0, ""energy_transferred_to_offspring"": 168.0}",51d9036df6c97d48a271bc760bd51b150824eb413f55fce2b6b8397ac574e347
sensitivity,world.initial_energy,500.0,world.initial_energy=500.0,25,345564878153ec68,phase-zero-vm-0.2,phase-one-measurement-0.1,2000,31,20,1,31,1,2,1,1,2,1,2,2184,1,31,31,0,0.0,496,4,-1.02e-08,"{""vm_fault:instruction_pointer_out_of_bounds:8"": 1}","{""energy_captured"": 20510.7, ""energy_execution"": 109.2, ""energy_input"": 20000.0, ""energy_maintenance"": 12352.0, ""energy_released_on_death"": 10.7, ""energy_reproduction_cost"": 240.0, ""energy_transferred_to_offspring"": 160.0}",341c590105d051247eaafdd9cd84dac7f24f3dcdaf4878e432c6e52d9931c97f
sensitivity,world.initial_energy,500.0,world.initial_energy=500.0,26,b6526980b8f4bc8b,phase-zero-vm-0.2,phase-one-measurement-0.1,2000,31,20,1,31,2,3,2,2,3,2,2,2942,0,30,30,0,0.0,496,4,-1.02e-08,"{""energy_exhausted_maintenance"": 1}","{""energy_captured"": 20500.0, ""energy_execution"": 147.1, ""energy_input"": 20000.0, ""energy_maintenance"": 12351.8, ""energy_released_on_death"": 0.0, ""energy_reproduction_cost"": 240.0, ""energy_transferred_to_offspring"": 160.0}",737640fafe79b6b56607ac21736e164e72c63be94c659655606c4c531189044f
sensitivity,world.initial_energy,500.0,world.initial_energy=500.0,27,eb8f61ec34c87be1,phase-zero-vm-0.2,phase-one-measurement-0.1,2000,31,20,1,31,1,2,1,1,2,1,2,2168,1,31,31,0,0.0,496,4,-1.02e-08,"{""vm_fault:division_without_complete_copy"": 1}","{""energy_captured"": 20509.9, ""energy_execution"": 108.4, ""energy_input"": 20000.0, ""energy_maintenance"": 12349.2, ""energy_released_on_death"": 9.9, ""energy_reproduction_cost"": 240.0, ""energy_transferred_to_offspring"": 160.0}",7989608795f58b6c515ef88f1811f5bc9e37541460e85afe48e07c5d6a132701
sensitivity,world.initial_energy,500.0,world.initial_energy=500.0,28,9c2da42fad48efa5,phase-zero-vm-0.2,phase-one-measurement-0.1,2000,31,20,1,31,1,2,1,1,2,1,2,2181,1,31,31,0,0.0,496,4,-1.02e-08,"{""vm_fault:invalid_program_address:8"": 1}","{""energy_captured"": 20510.05, ""energy_execution"": 109.05, ""energy_input"": 20000.0, ""energy_maintenance"": 12349.4, ""energy_released_on_death"": 10.05, ""energy_reproduction_cost"": 240.0, ""energy_transferred_to_offspring"": 160.0}",e5252f04d8c3011ce9b144884ffacde78f8e21050b025818c69466ae1635a47c
sensitivity,world.initial_energy,500.0,world.initial_energy=500.0,29,b664a4bcc417a9ac,phase-zero-vm-0.2,phase-one-measurement-0.1,2000,31,21,2,31,1,3,1,2,3,2,2,2196,2,31,31,0,0.0,496,4,-1.02e-08,"{""vm_fault:division_without_complete_copy"": 1, ""vm_fault:invalid_register:7"": 1}","{""energy_captured"": 20517.0, ""energy_execution"": 109.8, ""energy_input"": 20000.0, ""energy_maintenance"": 12345.2, ""energy_released_on_death"": 17.0, ""energy_reproduction_cost"": 252.0, ""energy_transferred_to_offspring"": 168.0}",6485d92ad06513b291de219ac9680b1c18b97b8005dda56c58a3770b3bddbc0b
sensitivity,world.initial_energy,500.0,world.initial_energy=500.0,30,8535a293cb0455ef,phase-zero-vm-0.2,phase-one-measurement-0.1,2000,31,21,2,31,1,3,1,2,3,2,2,3017,1,31,31,0,0.0,496,4,-1.02e-08,"{""energy_exhausted_execution"": 1, ""vm_fault:division_without_complete_copy"": 1}","{""energy_captured"": 20510.75, ""energy_execution"": 150.45, ""energy_input"": 20000.0, ""energy_maintenance"": 12349.6, ""energy_released_on_death"": 10.75, ""energy_reproduction_cost"": 252.0, ""energy_transferred_to_offspring"": 168.0}",94e762ebd72bee3fbd5d0e7094b7f29c3164d35771d7b52f86f35ff093eae4a3
sensitivity,world.initial_energy,1000.0,world.initial_energy=1000.0,1,7d6516f717c33885,phase-zero-vm-0.2,phase-one-measurement-0.1,2000,31,22,3,31,1,4,1,3,4,3,2,2313,3,31,31,0,0.0,496,4,-1.02e-08,"{""vm_fault:division_without_complete_copy"": 1, ""vm_fault:invalid_program_address:8"": 2}","{""energy_captured"": 21030.05, ""energy_execution"": 115.65, ""energy_input"": 20000.0, ""energy_maintenance"": 12346.2, ""energy_released_on_death"": 30.05, ""energy_reproduction_cost"": 264.0, ""energy_transferred_to_offspring"": 176.0}",77ce431d1686a9cb43dd503952991a778d28213bfbd5adbe56d8b4820a3a4b02
sensitivity,world.initial_energy,1000.0,world.initial_energy=1000.0,2,e42bf3936a091ecc,phase-zero-vm-0.2,phase-one-measurement-0.1,2000,31,21,2,31,2,4,1,3,4,3,2,2232,2,31,31,0,0.0,496,4,-1.02e-08,"{""vm_fault:division_without_complete_copy"": 2}","{""energy_captured"": 21019.2, ""energy_execution"": 111.6, ""energy_input"": 20000.0, ""energy_maintenance"": 12352.0, ""energy_released_on_death"": 19.2, ""energy_reproduction_cost"": 252.0, ""energy_transferred_to_offspring"": 168.0}",230f21002a38935215882746819995b244746f5629c45bd4ea946b4f777eec87
sensitivity,world.initial_energy,1000.0,world.initial_energy=1000.0,3,0dc1464b063c732c,phase-zero-vm-0.2,phase-one-measurement-0.1,2000,31,20,1,31,1,2,1,1,2,1,2,3462,0,31,31,0,0.0,496,4,-1.02e-08,"{""energy_exhausted_maintenance"": 1}","{""energy_captured"": 21000.0, ""energy_execution"": 173.1, ""energy_input"": 20000.0, ""energy_maintenance"": 12351.8, ""energy_released_on_death"": 0.0, ""energy_reproduction_cost"": 240.0, ""energy_transferred_to_offspring"": 160.0}",5bf01132d9f6f3a1f487fc8339b262a4fab0b84e6fc07ffbb2f15c305cf9e3e2
sensitivity,world.initial_energy,1000.0,world.initial_energy=1000.0,4,6d37390f4cf389c3,phase-zero-vm-0.2,phase-one-measurement-0.1,2000,31,19,0,31,1,1,1,1,1,0,2,2100,0,31,31,0,0.0,496,4,-1.02e-08,{},"{""energy_captured"": 21000.0, ""energy_execution"": 105.0, ""energy_input"": 20000.0, ""energy_maintenance"": 12352.0, ""energy_released_on_death"": 0.0, ""energy_reproduction_cost"": 228.0, ""energy_transferred_to_offspring"": 152.0}",6641978f65152a7e143ab7bb3f1d624330f0164d9a831f8818ea2645bd0824aa
sensitivity,world.initial_energy,1000.0,world.initial_energy=1000.0,5,2f24b36eab269c10,phase-zero-vm-0.2,phase-one-measurement-0.1,2000,31,19,0,31,1,1,1,1,1,0,2,2100,0,31,31,0,0.0,496,4,-1.02e-08,{},"{""energy_captured"": 21000.0, ""energy_execution"": 105.0, ""energy_input"": 20000.0, ""energy_maintenance"": 12352.0, ""energy_released_on_death"": 0.0, ""energy_reproduction_cost"": 228.0, ""energy_transferred_to_offspring"": 152.0}",9d2ea2309aa0a7dcf06cdb3d8d8972ff98286ddb51fed5dc6e3974ce73c28af4
sensitivity,world.initial_energy,1000.0,world.initial_energy=1000.0,6,16a81a341d274537,phase-zero-vm-0.2,phase-one-measurement-0.1,2000,31,20,1,31,1,2,1,1,2,1,2,2149,1,31,31,0,0.0,496,4,-1.02e-08,"{""vm_fault:division_without_complete_copy"": 1}","{""energy_captured"": 21008.45, ""energy_execution"": 107.45, ""energy_input"": 20000.0, ""energy_maintenance"": 12352.0, ""energy_released_on_death"": 8.45, ""energy_reproduction_cost"": 240.0, ""energy_transferred_to_offspring"": 160.0}",b818e075ae67553041d654c3de223ee190a2aa493839f13774c03e44b5c1e710
sensitivity,world.initial_energy,1000.0,world.initial_energy=1000.0,7,36ad6da380056418,phase-zero-vm-0.2,phase-one-measurement-0.1,2000,31,20,1,31,1,2,1,1,2,1,2,2149,1,31,31,0,0.0,496,4,-1.02e-08,"{""vm_fault:division_without_complete_copy"": 1}","{""energy_captured"": 21008.45, ""energy_execution"": 107.45, ""energy_input"": 20000.0, ""energy_maintenance"": 12348.6, ""energy_released_on_death"": 8.45, ""energy_reproduction_cost"": 240.0, ""energy_transferred_to_offspring"": 160.0}",45e89c41fd1413a8af84b8ee9b19b0e7eec8f11e0966277af193ed93fa6217c3
sensitivity,world.initial_energy,1000.0,world.initial_energy=1000.0,8,e06f904adf74a3d2,phase-zero-vm-0.2,phase-one-measurement-0.1,2000,31,20,1,31,3,4,2,3,4,3,2,3157,0,30,30,0,0.0,496,4,-1.02e-08,"{""energy_exhausted_execution"": 1}","{""energy_captured"": 21000.0, ""energy_execution"": 157.65, ""energy_input"": 20000.0, ""energy_maintenance"": 12352.0, ""energy_released_on_death"": 0.0, ""energy_reproduction_cost"": 240.0, ""energy_transferred_to_offspring"": 160.0}",a4b791f7c0893a733268929c91eb581ecdd2dfd10a5b37631c9e450aba208a7e
sensitivity,world.initial_energy,1000.0,world.initial_energy=1000.0,9,1ae1f50134bf085d,phase-zero-vm-0.2,phase-one-measurement-0.1,2000,31,21,2,31,1,3,1,2,3,2,2,3109,1,31,31,0,0.0,496,4,-1.02e-08,"{""energy_exhausted_maintenance"": 1, ""vm_fault:invalid_register:7"": 1}","{""energy_captured"": 21008.55, ""energy_execution"": 155.45, ""energy_input"": 20000.0, ""energy_maintenance"": 12348.4, ""energy_released_on_death"": 8.55, ""energy_reproduction_cost"": 252.0, ""energy_transferred_to_offspring"": 168.0}",332b929fb15610e09b2801596ec7bfa9a3736e53460d3cc4d2a6aecbf74d52c5
sensitivity,world.initial_energy,1000.0,world.initial_energy=1000.0,10,a791c95105f7560e,phase-zero-vm-0.2,phase-one-measurement-0.1,2000,31,20,1,31,1,2,1,1,2,1,2,2142,1,31,31,0,0.0,496,4,-1.02e-08,"{""vm_fault:invalid_register:8"": 1}","{""energy_captured"": 21008.8, ""energy_execution"": 107.1, ""energy_input"": 20000.0, ""energy_maintenance"": 12352.0, ""energy_released_on_death"": 8.8, ""energy_reproduction_cost"": 240.0, ""energy_transferred_to_offspring"": 160.0}",d8d767ae6ef78e057a50efe8c19e3eaaf9d39a822200da62e85b463ca3d8d97f
sensitivity,world.initial_energy,1000.0,world.initial_energy=1000.0,11,0198bf9d5210f796,phase-zero-vm-0.2,phase-one-measurement-0.1,2000,31,19,0,31,1,1,1,1,1,0,2,2100,0,31,31,0,0.0,496,4,-1.02e-08,{},"{""energy_captured"": 21000.0, ""energy_execution"": 105.0, ""energy_input"": 20000.0, ""energy_maintenance"": 12352.0, ""energy_released_on_death"": 0.0, ""energy_reproduction_cost"": 228.0, ""energy_transferred_to_offspring"": 152.0}",62bc4ab9cf65adffd87ad89669b12756076a3bda4333b804f54209d073eda58c
sensitivity,world.initial_energy,1000.0,world.initial_energy=1000.0,12,2e3f6d80a2a8240a,phase-zero-vm-0.2,phase-one-measurement-0.1,2000,31,20,1,31,2,3,1,2,3,2,2,2183,1,31,31,0,0.0,496,4,-1.02e-08,"{""vm_fault:division_without_complete_copy"": 1}","{""energy_captured"": 21010.75, ""energy_execution"": 109.15, ""energy_input"": 20000.0, ""energy_maintenance"": 12349.6, ""energy_released_on_death"": 10.75, ""energy_reproduction_cost"": 240.0, ""energy_transferred_to_offspring"": 160.0}",523d7669427640fdb9ba8d8a2ca36ececc76fe731b9497d66fda54c7b8e58d35
sensitivity,world.initial_energy,1000.0,world.initial_energy=1000.0,13,1e7a16db551e1de5,phase-zero-vm-0.2,phase-one-measurement-0.1,2000,31,23,4,31,1,5,1,4,5,4,2,2343,4,31,31,0,0.0,496,4,-1.02e-08,"{""vm_fault:division_without_complete_copy"": 2, ""vm_fault:instruction_pointer_out_of_bounds:8"": 1, ""vm_fault:invalid_register:8"": 1}","{""energy_captured"": 21037.85, ""energy_execution"": 117.15, ""energy_input"": 20000.0, ""energy_maintenance"": 12342.4, ""energy_released_on_death"": 37.85, ""energy_reproduction_cost"": 276.0, ""energy_transferred_to_offspring"": 184.0}",4ef4da1efc78acf517e30d70996a73d3c18aabbaf40d935de799c8e13d4eabfe
sensitivity,world.initial_energy,1000.0,world.initial_energy=1000.0,14,3b9d67cff39b49a5,phase-zero-vm-0.2,phase-one-measurement-0.1,2000,31,21,2,31,1,3,1,2,3,2,2,2226,2,31,31,0,0.0,496,4,-1.02e-08,"{""vm_fault:instruction_pointer_out_of_bounds:8"": 1, ""vm_fault:invalid_memory_address:8"": 1}","{""energy_captured"": 21019.5, ""energy_execution"": 111.3, ""energy_input"": 20000.0, ""energy_maintenance"": 12346.2, ""energy_released_on_death"": 19.5, ""energy_reproduction_cost"": 252.0, ""energy_transferred_to_offspring"": 168.0}",250ef430f7b1772cb03f33ea1975f68fd45f8f4c657965b3a758dbda6992a271
sensitivity,world.initial_energy,1000.0,world.initial_energy=1000.0,15,3e9b9824608e1ac0,phase-zero-vm-0.2,phase-one-measurement-0.1,2000,31,22,3,31,1,4,1,3,4,3,2,2276,3,31,31,0,0.0,496,4,-1.02e-08,"{""vm_fault:division_without_complete_copy"": 1, ""vm_fault:invalid_program_address:248"": 1, ""vm_fault:invalid_program_address:8"": 1}","{""energy_captured"": 21027.9, ""energy_execution"": 113.8, ""energy_input"": 20000.0, ""energy_maintenance"": 12342.8, ""energy_released_on_death"": 27.9, ""energy_reproduction_cost"": 264.0, ""energy_transferred_to_offspring"": 176.0}",f87379af34c82efed95917bf725ab6672a4381243474bfd1ea984211fc9dd367
sensitivity,world.initial_energy,1000.0,world.initial_energy=1000.0,16,0b819d44294e1c09,phase-zero-vm-0.2,phase-one-measurement-0.1,2000,31,19,0,31,1,1,1,1,1,0,2,2100,0,31,31,0,0.0,496,4,-1.02e-08,{},"{""energy_captured"": 21000.0, ""energy_execution"": 105.0, ""energy_input"": 20000.0, ""energy_maintenance"": 12352.0, ""energy_released_on_death"": 0.0, ""energy_reproduction_cost"": 228.0, ""energy_transferred_to_offspring"": 152.0}",7b5126d968b3b34c6f16afe91d25f7989bc7b06fdf3f335d81d4906cdb316424
sensitivity,world.initial_energy,1000.0,world.initial_energy=1000.0,17,b2f5e47fcced7441,phase-zero-vm-0.2,phase-one-measurement-0.1,2000,31,20,1,31,1,2,1,1,2,1,2,3614,0,31,31,0,0.0,496,4,-1.02e-08,"{""energy_exhausted_execution"": 1}","{""energy_captured"": 21000.0, ""energy_execution"": 180.3, ""energy_input"": 20000.0, ""energy_maintenance"": 12352.0, ""energy_released_on_death"": 0.0, ""energy_reproduction_cost"": 240.0, ""energy_transferred_to_offspring"": 160.0}",937d55afa561a517599e5a665e2c6a9ae28462843656172ae9adb8e9e3cf3246
sensitivity,world.initial_energy,1000.0,world.initial_energy=1000.0,18,00503b7ec207c861,phase-zero-vm-0.2,phase-one-measurement-0.1,2000,31,19,0,31,2,2,1,1,2,1,2,2100,0,30,30,0,0.0,496,4,-1.02e-08,{},"{""energy_captured"": 21000.0, ""energy_execution"": 105.0, ""energy_input"": 20000.0, ""energy_maintenance"": 12352.0, ""energy_released_on_death"": 0.0, ""energy_reproduction_cost"": 228.0, ""energy_transferred_to_offspring"": 152.0}",25cd5755aa3db242986227e2a72f9945856ad43c22dac02d8ca34893644ab883
sensitivity,world.initial_energy,1000.0,world.initial_energy=1000.0,19,4ad7c4ce55fba492,phase-zero-vm-0.2,phase-one-measurement-0.1,2000,31,21,2,31,1,3,1,2,3,2,2,2268,2,31,31,0,0.0,496,4,-1.02e-08,"{""vm_fault:instruction_pointer_out_of_bounds:8"": 1, ""vm_fault:invalid_program_address:8"": 1}","{""energy_captured"": 21021.4, ""energy_execution"": 113.4, ""energy_input"": 20000.0, ""energy_maintenance"": 12349.6, ""energy_released_on_death"": 21.4, ""energy_reproduction_cost"": 252.0, ""energy_transferred_to_offspring"": 168.0}",dcc31d8086a1f48e17054e62dc201f354df689d5a1478ec6f24afb78bb1e260f
sensitivity,world.initial_energy,1000.0,world.initial_energy=1000.0,20,7459e1b194d0a7f9,phase-zero-vm-0.2,phase-one-measurement-0.1,2000,31,22,3,31,1,4,1,3,4,3,2,2280,3,31,31,0,0.0,496,4,-1.02e-08,"{""vm_fault:division_without_complete_copy"": 1, ""vm_fault:invalid_program_address:8"": 1, ""vm_fault:invalid_register:7"": 1}","{""energy_captured"": 21027.7, ""energy_execution"": 114.0, ""energy_input"": 20000.0, ""energy_maintenance"": 12346.2, ""energy_released_on_death"": 27.7, ""energy_reproduction_cost"": 264.0, ""energy_transferred_to_offspring"": 176.0}",e411e80f5b788490d5ca6606e1785e3183be917384af019c6806284e1fa721f7
sensitivity,world.initial_energy,1000.0,world.initial_energy=1000.0,21,6ac916025e145a5d,phase-zero-vm-0.2,phase-one-measurement-0.1,2000,31,20,1,31,1,2,1,1,2,1,2,2149,1,31,31,0,0.0,496,4,-1.02e-08,"{""vm_fault:invalid_program_address:255"": 1}","{""energy_captured"": 21008.45, ""energy_execution"": 107.45, ""energy_input"": 20000.0, ""energy_maintenance"": 12352.0, ""energy_released_on_death"": 8.45, ""energy_reproduction_cost"": 240.0, ""energy_transferred_to_offspring"": 160.0}",96e43f53317c9fa4570f56c4ba013bf722767e6ba32f41850301caf1c85fedd6
sensitivity,world.initial_energy,1000.0,world.initial_energy=1000.0,22,d502fb069a160b2a,phase-zero-vm-0.2,phase-one-measurement-0.1,2000,31,20,1,31,1,2,1,1,2,1,2,2148,1,31,31,0,0.0,496,4,-1.02e-08,"{""vm_fault:division_without_complete_copy"": 1}","{""energy_captured"": 21008.5, ""energy_execution"": 107.4, ""energy_input"": 20000.0, ""energy_maintenance"": 12348.6, ""energy_released_on_death"": 8.5, ""energy_reproduction_cost"": 240.0, ""energy_transferred_to_offspring"": 160.0}",358bb23363dc3fde4d75ec16eb806c8575e53a264fcbeb1e70a99fe0f19c887c
sensitivity,world.initial_energy,1000.0,world.initial_energy=1000.0,23,e4b38c015164d2de,phase-zero-vm-0.2,phase-one-measurement-0.1,2000,31,20,1,31,2,3,2,2,3,2,2,2183,1,31,31,0,0.0,496,4,-1.02e-08,"{""vm_fault:division_without_complete_copy"": 1}","{""energy_captured"": 21010.75, ""energy_execution"": 109.15, ""energy_input"": 20000.0, ""energy_maintenance"": 12349.6, ""energy_released_on_death"": 10.75, ""energy_reproduction_cost"": 240.0, ""energy_transferred_to_offspring"": 160.0}",0d359d45c44e0185928b8c6698c8243128d6bbfcf93ad3483554b889578b5c26
sensitivity,world.initial_energy,1000.0,world.initial_energy=1000.0,24,e00072311fde385a,phase-zero-vm-0.2,phase-one-measurement-0.1,2000,31,21,2,31,1,3,1,2,3,2,2,2233,2,31,31,0,0.0,496,4,-1.02e-08,"{""vm_fault:division_without_complete_copy"": 1, ""vm_fault:invalid_program_address:8"": 1}","{""energy_captured"": 21019.15, ""energy_execution"": 111.65, ""energy_input"": 20000.0, ""energy_maintenance"": 12349.6, ""energy_released_on_death"": 19.15, ""energy_reproduction_cost"": 252.0, ""energy_transferred_to_offspring"": 168.0}",4909f1630b3b2c5f55606b9b3506c220046910cba0043b6717101fbb40e18ff9
sensitivity,world.initial_energy,1000.0,world.initial_energy=1000.0,25,291f1f48f94d9c1a,phase-zero-vm-0.2,phase-one-measurement-0.1,2000,31,20,1,31,1,2,1,1,2,1,2,2184,1,31,31,0,0.0,496,4,-1.02e-08,"{""vm_fault:instruction_pointer_out_of_bounds:8"": 1}","{""energy_captured"": 21010.7, ""energy_execution"": 109.2, ""energy_input"": 20000.0, ""energy_maintenance"": 12352.0, ""energy_released_on_death"": 10.7, ""energy_reproduction_cost"": 240.0, ""energy_transferred_to_offspring"": 160.0}",1a283152693b78c49b29dc7684f6bc6eeb55beb5331111c4f760d714990c3c93
sensitivity,world.initial_energy,1000.0,world.initial_energy=1000.0,26,9c8bcc6c9cf24143,phase-zero-vm-0.2,phase-one-measurement-0.1,2000,31,20,1,31,2,3,2,2,3,2,2,3278,0,30,30,0,0.0,496,4,-1.02e-08,"{""energy_exhausted_execution"": 1}","{""energy_captured"": 21000.0, ""energy_execution"": 163.7, ""energy_input"": 20000.0, ""energy_maintenance"": 12351.8, ""energy_released_on_death"": 0.0, ""energy_reproduction_cost"": 240.0, ""energy_transferred_to_offspring"": 160.0}",539d68810ea9cc4966ae9b0b6a7538f0fbb01b7c0e8bd51b4037519810a6f64d
sensitivity,world.initial_energy,1000.0,world.initial_energy=1000.0,27,08f7a7d4e510f96a,phase-zero-vm-0.2,phase-one-measurement-0.1,2000,31,20,1,31,1,2,1,1,2,1,2,2168,1,31,31,0,0.0,496,4,-1.02e-08,"{""vm_fault:division_without_complete_copy"": 1}","{""energy_captured"": 21009.9, ""energy_execution"": 108.4, ""energy_input"": 20000.0, ""energy_maintenance"": 12349.2, ""energy_released_on_death"": 9.9, ""energy_reproduction_cost"": 240.0, ""energy_transferred_to_offspring"": 160.0}",800e573914a2787cbb0d7c2628c3ff0b9502844febcc074f28776428f0947bcc
sensitivity,world.initial_energy,1000.0,world.initial_energy=1000.0,28,32f27cd4cf9c699d,phase-zero-vm-0.2,phase-one-measurement-0.1,2000,31,20,1,31,1,2,1,1,2,1,2,2181,1,31,31,0,0.0,496,4,-1.02e-08,"{""vm_fault:invalid_program_address:8"": 1}","{""energy_captured"": 21010.05, ""energy_execution"": 109.05, ""energy_input"": 20000.0, ""energy_maintenance"": 12349.4, ""energy_released_on_death"": 10.05, ""energy_reproduction_cost"": 240.0, ""energy_transferred_to_offspring"": 160.0}",37f69143d05aa9dea5f4c8b0ec503881ac43f079730bf1f22542e7d3fef8a475
sensitivity,world.initial_energy,1000.0,world.initial_energy=1000.0,29,a7ca645643b0ee72,phase-zero-vm-0.2,phase-one-measurement-0.1,2000,31,21,2,31,1,3,1,2,3,2,2,2196,2,31,31,0,0.0,496,4,-1.02e-08,"{""vm_fault:division_without_complete_copy"": 1, ""vm_fault:invalid_register:7"": 1}","{""energy_captured"": 21017.0, ""energy_execution"": 109.8, ""energy_input"": 20000.0, ""energy_maintenance"": 12345.2, ""energy_released_on_death"": 17.0, ""energy_reproduction_cost"": 252.0, ""energy_transferred_to_offspring"": 168.0}",cc1c2d7d270776cb609bc07093215b72c6168453f1c91434a8dd3aa7ea2797ee
sensitivity,world.initial_energy,1000.0,world.initial_energy=1000.0,30,c0963953ad59834f,phase-zero-vm-0.2,phase-one-measurement-0.1,2000,31,21,2,31,1,3,1,2,3,2,2,3385,1,31,31,0,0.0,496,4,-1.02e-08,"{""energy_exhausted_maintenance"": 1, ""vm_fault:division_without_complete_copy"": 1}","{""energy_captured"": 21010.75, ""energy_execution"": 169.25, ""energy_input"": 20000.0, ""energy_maintenance"": 12349.4, ""energy_released_on_death"": 10.75, ""energy_reproduction_cost"": 252.0, ""energy_transferred_to_offspring"": 168.0}",8cf8badefee2b3ce61e2a39bc44d59ce93fa7826982c65eb1f92e1bebf374fcd
sensitivity,world.initial_energy,2000.0,world.initial_energy=2000.0,1,13bd9ce437395ec7,phase-zero-vm-0.2,phase-one-measurement-0.1,2000,31,22,3,31,1,4,1,3,4,3,2,2313,3,31,31,0,0.0,496,4,-1.03e-08,"{""vm_fault:division_without_complete_copy"": 1, ""vm_fault:invalid_program_address:8"": 2}","{""energy_captured"": 22030.05, ""energy_execution"": 115.65, ""energy_input"": 20000.0, ""energy_maintenance"": 12346.2, ""energy_released_on_death"": 30.05, ""energy_reproduction_cost"": 264.0, ""energy_transferred_to_offspring"": 176.0}",d8b15f0f960cdcbd45f21c440f42f1ea6b7659dddef3cf56495aa11d13494c37
sensitivity,world.initial_energy,2000.0,world.initial_energy=2000.0,2,e74d6680e5fe10c2,phase-zero-vm-0.2,phase-one-measurement-0.1,2000,31,21,2,31,2,4,1,3,4,3,2,2232,2,31,31,0,0.0,496,4,-1.04e-08,"{""vm_fault:division_without_complete_copy"": 2}","{""energy_captured"": 22019.2, ""energy_execution"": 111.6, ""energy_input"": 20000.0, ""energy_maintenance"": 12352.0, ""energy_released_on_death"": 19.2, ""energy_reproduction_cost"": 252.0, ""energy_transferred_to_offspring"": 168.0}",a73d30ed3be7ba2f06cf119efd547113072eaeb0e83a1451f52ff941bfca12be
sensitivity,world.initial_energy,2000.0,world.initial_energy=2000.0,3,618962b4d54cbe19,phase-zero-vm-0.2,phase-one-measurement-0.1,2000,31,20,1,31,1,2,1,1,2,1,2,4278,0,31,31,0,0.0,496,4,-1.03e-08,"{""energy_exhausted_execution"": 1}","{""energy_captured"": 22000.0, ""energy_execution"": 213.7, ""energy_input"": 20000.0, ""energy_maintenance"": 12352.0, ""energy_released_on_death"": 0.0, ""energy_reproduction_cost"": 240.0, ""energy_transferred_to_offspring"": 160.0}",1910162c3e82593bfbca9676030ec59674ff787147d3874541cb669c4c8b985c
sensitivity,world.initial_energy,2000.0,world.initial_energy=2000.0,4,781485efcf43c583,phase-zero-vm-0.2,phase-one-measurement-0.1,2000,31,19,0,31,1,1,1,1,1,0,2,2100,0,31,31,0,0.0,496,4,-1.04e-08,{},"{""energy_captured"": 22000.0, ""energy_execution"": 105.0, ""energy_input"": 20000.0, ""energy_maintenance"": 12352.0, ""energy_released_on_death"": 0.0, ""energy_reproduction_cost"": 228.0, ""energy_transferred_to_offspring"": 152.0}",d2c9b6ecef72303e8824b0b15f3952cb92e53f476ecdf226b4c96f3a0e0566e9
sensitivity,world.initial_energy,2000.0,world.initial_energy=2000.0,5,e832e3a264e6c4d0,phase-zero-vm-0.2,phase-one-measurement-0.1,2000,31,19,0,31,1,1,1,1,1,0,2,2100,0,31,31,0,0.0,496,4,-1.04e-08,{},"{""energy_captured"": 22000.0, ""energy_execution"": 105.0, ""energy_input"": 20000.0, ""energy_maintenance"": 12352.0, ""energy_released_on_death"": 0.0, ""energy_reproduction_cost"": 228.0, ""energy_transferred_to_offspring"": 152.0}",04cbd4aab63463a441434d915c0fd1b51b37fa148d5d8a34ed4e09c45d631e5b
sensitivity,world.initial_energy,2000.0,world.initial_energy=2000.0,6,4169b71f2eb10bf6,phase-zero-vm-0.2,phase-one-measurement-0.1,2000,31,20,1,31,1,2,1,1,2,1,2,2149,1,31,31,0,0.0,496,4,-1.04e-08,"{""vm_fault:division_without_complete_copy"": 1}","{""energy_captured"": 22008.45, ""energy_execution"": 107.45, ""energy_input"": 20000.0, ""energy_maintenance"": 12352.0, ""energy_released_on_death"": 8.45, ""energy_reproduction_cost"": 240.0, ""energy_transferred_to_offspring"": 160.0}",c97cfcabaed0b9a95aba072a0fad8c846af39c0327fefa3058cc2b9c241b84f6
sensitivity,world.initial_energy,2000.0,world.initial_energy=2000.0,7,c43cfafc9d4c2c85,phase-zero-vm-0.2,phase-one-measurement-0.1,2000,31,20,1,31,1,2,1,1,2,1,2,2149,1,31,31,0,0.0,496,4,-1.03e-08,"{""vm_fault:division_without_complete_copy"": 1}","{""energy_captured"": 22008.45, ""energy_execution"": 107.45, ""energy_input"": 20000.0, ""energy_maintenance"": 12348.6, ""energy_released_on_death"": 8.45, ""energy_reproduction_cost"": 240.0, ""energy_transferred_to_offspring"": 160.0}",c526d87061d0a4880b991e0b423703bcfe7c8a24f120e81524834202b2eebd4d
sensitivity,world.initial_energy,2000.0,world.initial_energy=2000.0,8,1289bd608991e21a,phase-zero-vm-0.2,phase-one-measurement-0.1,2000,31,20,1,31,3,4,2,3,4,3,2,4141,0,30,30,0,0.0,496,4,-1.03e-08,"{""energy_exhausted_maintenance"": 1}","{""energy_captured"": 22000.0, ""energy_execution"": 207.05, ""energy_input"": 20000.0, ""energy_maintenance"": 12351.8, ""energy_released_on_death"": 0.0, ""energy_reproduction_cost"": 240.0, ""energy_transferred_to_offspring"": 160.0}",74894d395cc44532fa92c04281de0d54f52588f7ceafcb073b5b94350e25b161
sensitivity,world.initial_energy,2000.0,world.initial_energy=2000.0,9,d5458c82e527fd24,phase-zero-vm-0.2,phase-one-measurement-0.1,2000,31,22,3,31,1,4,1,3,4,3,3,4432,2,31,31,0,0.0,496,4,-1.03e-08,"{""energy_exhausted_maintenance"": 1, ""vm_fault:division_without_complete_copy"": 1, ""vm_fault:invalid_register:7"": 1}","{""energy_captured"": 22017.3, ""energy_execution"": 221.6, ""energy_input"": 20000.0, ""energy_maintenance"": 12348.4, ""energy_released_on_death"": 17.3, ""energy_reproduction_cost"": 264.0, ""energy_transferred_to_offspring"": 176.0}",3ec23777f2f9fea0d405b2542e228638496cbd4fbf3277fdb42f006664c6d9db
sensitivity,world.initial_energy,2000.0,world.initial_energy=2000.0,10,4d0407afa77eeacb,phase-zero-vm-0.2,phase-one-measurement-0.1,2000,31,20,1,31,1,2,1,1,2,1,2,2142,1,31,31,0,0.0,496,4,-1.04e-08,"{""vm_fault:invalid_register:8"": 1}","{""energy_captured"": 22008.8, ""energy_execution"": 107.1, ""energy_input"": 20000.0, ""energy_maintenance"": 12352.0, ""energy_released_on_death"": 8.8, ""energy_reproduction_cost"": 240.0, ""energy_transferred_to_offspring"": 160.0}",5882c39fc7b1e7a2f01887755551cfeb5439a9d132e0a2bf4583682d3950330e
sensitivity,world.initial_energy,2000.0,world.initial_energy=2000.0,11,82c2d27fcfad51ea,phase-zero-vm-0.2,phase-one-measurement-0.1,2000,31,19,0,31,1,1,1,1,1,0,2,2100,0,31,31,0,0.0,496,4,-1.04e-08,{},"{""energy_captured"": 22000.0, ""energy_execution"": 105.0, ""energy_input"": 20000.0, ""energy_maintenance"": 12352.0, ""energy_released_on_death"": 0.0, ""energy_reproduction_cost"": 228.0, ""energy_transferred_to_offspring"": 152.0}",68a160b2a768a2b8c3fcd2a9c294b36c035b30213370d05e144d1f2839fe803c
sensitivity,world.initial_energy,2000.0,world.initial_energy=2000.0,12,2c0d846a613b53ec,phase-zero-vm-0.2,phase-one-measurement-0.1,2000,31,20,1,31,2,3,1,2,3,2,2,2183,1,31,31,0,0.0,496,4,-1.03e-08,"{""vm_fault:division_without_complete_copy"": 1}","{""energy_captured"": 22010.75, ""energy_execution"": 109.15, ""energy_input"": 20000.0, ""energy_maintenance"": 12349.6, ""energy_released_on_death"": 10.75, ""energy_reproduction_cost"": 240.0, ""energy_transferred_to_offspring"": 160.0}",108d59db00570544e24d6cf7801590e725770b398fdd848d8b5ba2f37d41f396
sensitivity,world.initial_energy,2000.0,world.initial_energy=2000.0,13,39d03c637865587c,phase-zero-vm-0.2,phase-one-measurement-0.1,2000,31,23,4,31,1,5,1,4,5,4,2,2343,4,31,31,0,0.0,496,4,-1.03e-08,"{""vm_fault:division_without_complete_copy"": 2, ""vm_fault:instruction_pointer_out_of_bounds:8"": 1, ""vm_fault:invalid_register:8"": 1}","{""energy_captured"": 22037.85, ""energy_execution"": 117.15, ""energy_input"": 20000.0, ""energy_maintenance"": 12342.4, ""energy_released_on_death"": 37.85, ""energy_reproduction_cost"": 276.0, ""energy_transferred_to_offspring"": 184.0}",4a67c66389c94077e367fb1b41b875fe7ccfe9ad87db78864f860da390137970
sensitivity,world.initial_energy,2000.0,world.initial_energy=2000.0,14,cdff45c0d35263ef,phase-zero-vm-0.2,phase-one-measurement-0.1,2000,31,21,2,31,1,3,1,2,3,2,2,2226,2,31,31,0,0.0,496,4,-1.03e-08,"{""vm_fault:instruction_pointer_out_of_bounds:8"": 1, ""vm_fault:invalid_memory_address:8"": 1}","{""energy_captured"": 22019.5, ""energy_execution"": 111.3, ""energy_input"": 20000.0, ""energy_maintenance"": 12346.2, ""energy_released_on_death"": 19.5, ""energy_reproduction_cost"": 252.0, ""energy_transferred_to_offspring"": 168.0}",45c03ef11a673b44215be94f61282ab008c3316d0bfbc648aee9f138303cffcc
sensitivity,world.initial_energy,2000.0,world.initial_energy=2000.0,15,85d35e60fe58b316,phase-zero-vm-0.2,phase-one-measurement-0.1,2000,31,22,3,31,1,4,1,3,4,3,2,2276,3,31,31,0,0.0,496,4,-1.03e-08,"{""vm_fault:division_without_complete_copy"": 1, ""vm_fault:invalid_program_address:248"": 1, ""vm_fault:invalid_program_address:8"": 1}","{""energy_captured"": 22027.9, ""energy_execution"": 113.8, ""energy_input"": 20000.0, ""energy_maintenance"": 12342.8, ""energy_released_on_death"": 27.9, ""energy_reproduction_cost"": 264.0, ""energy_transferred_to_offspring"": 176.0}",54689dbc822ce50db1e8566582ea04fc2519370da2fae5819ca84e9cbb5fb2d8
sensitivity,world.initial_energy,2000.0,world.initial_energy=2000.0,16,a32eb89a483ca807,phase-zero-vm-0.2,phase-one-measurement-0.1,2000,31,19,0,31,1,1,1,1,1,0,2,2100,0,31,31,0,0.0,496,4,-1.04e-08,{},"{""energy_captured"": 22000.0, ""energy_execution"": 105.0, ""energy_input"": 20000.0, ""energy_maintenance"": 12352.0, ""energy_released_on_death"": 0.0, ""energy_reproduction_cost"": 228.0, ""energy_transferred_to_offspring"": 152.0}",3213a5ea92de2560176dd4af42f8ee3d8d2e2781e00a66895a5122d2e6652b0c
sensitivity,world.initial_energy,2000.0,world.initial_energy=2000.0,17,0d2c8b67fd23ad09,phase-zero-vm-0.2,phase-one-measurement-0.1,2000,31,20,1,31,1,2,1,1,2,1,2,4294,0,31,31,0,0.0,496,4,-1.03e-08,"{""energy_exhausted_execution"": 1}","{""energy_captured"": 22000.0, ""energy_execution"": 214.3, ""energy_input"": 20000.0, ""energy_maintenance"": 12352.0, ""energy_released_on_death"": 0.0, ""energy_reproduction_cost"": 240.0, ""energy_transferred_to_offspring"": 160.0}",740b470eb35881352329c5df10f459b78673b4f3893125aa5db8293f5c8d4fc1
sensitivity,world.initial_energy,2000.0,world.initial_energy=2000.0,18,45618d6a338a31cf,phase-zero-vm-0.2,phase-one-measurement-0.1,2000,31,19,0,31,2,2,1,1,2,1,2,2100,0,30,30,0,0.0,496,4,-1.04e-08,{},"{""energy_captured"": 22000.0, ""energy_execution"": 105.0, ""energy_input"": 20000.0, ""energy_maintenance"": 12352.0, ""energy_released_on_death"": 0.0, ""energy_reproduction_cost"": 228.0, ""energy_transferred_to_offspring"": 152.0}",3c53a1bc13631961c06a8032d3df9237f39ee9786e1038282621fa0263a324dd
sensitivity,world.initial_energy,2000.0,world.initial_energy=2000.0,19,fe91ae695fa60f3d,phase-zero-vm-0.2,phase-one-measurement-0.1,2000,31,21,2,31,1,3,1,2,3,2,2,2268,2,31,31,0,0.0,496,4,-1.03e-08,"{""vm_fault:instruction_pointer_out_of_bounds:8"": 1, ""vm_fault:invalid_program_address:8"": 1}","{""energy_captured"": 22021.4, ""energy_execution"": 113.4, ""energy_input"": 20000.0, ""energy_maintenance"": 12349.6, ""energy_released_on_death"": 21.4, ""energy_reproduction_cost"": 252.0, ""energy_transferred_to_offspring"": 168.0}",44c1270f244430f10bb60f0f3ea760cf5dd12b32781c633ea817c0b2580d501d
sensitivity,world.initial_energy,2000.0,world.initial_energy=2000.0,20,d116af9d601ee68e,phase-zero-vm-0.2,phase-one-measurement-0.1,2000,31,22,3,31,1,4,1,3,4,3,2,2280,3,31,31,0,0.0,496,4,-1.03e-08,"{""vm_fault:division_without_complete_copy"": 1, ""vm_fault:invalid_program_address:8"": 1, ""vm_fault:invalid_register:7"": 1}","{""energy_captured"": 22027.7, ""energy_execution"": 114.0, ""energy_input"": 20000.0, ""energy_maintenance"": 12346.2, ""energy_released_on_death"": 27.7, ""energy_reproduction_cost"": 264.0, ""energy_transferred_to_offspring"": 176.0}",b8c4d3d7c4d107082c8be1a93a3a15fa2f26d4ca720643f4622b42b07d208cdb
sensitivity,world.initial_energy,2000.0,world.initial_energy=2000.0,21,49e2d71ccb993f67,phase-zero-vm-0.2,phase-one-measurement-0.1,2000,31,20,1,31,1,2,1,1,2,1,2,2149,1,31,31,0,0.0,496,4,-1.04e-08,"{""vm_fault:invalid_program_address:255"": 1}","{""energy_captured"": 22008.45, ""energy_execution"": 107.45, ""energy_input"": 20000.0, ""energy_maintenance"": 12352.0, ""energy_released_on_death"": 8.45, ""energy_reproduction_cost"": 240.0, ""energy_transferred_to_offspring"": 160.0}",6191b2ae64e197544ecea472b722f28216eab1f654a4228a97e7277215426f79
sensitivity,world.initial_energy,2000.0,world.initial_energy=2000.0,22,e899b6a02a29902a,phase-zero-vm-0.2,phase-one-measurement-0.1,2000,31,20,1,31,1,2,1,1,2,1,2,2148,1,31,31,0,0.0,496,4,-1.03e-08,"{""vm_fault:division_without_complete_copy"": 1}","{""energy_captured"": 22008.5, ""energy_execution"": 107.4, ""energy_input"": 20000.0, ""energy_maintenance"": 12348.6, ""energy_released_on_death"": 8.5, ""energy_reproduction_cost"": 240.0, ""energy_transferred_to_offspring"": 160.0}",b5da571970efa0b187088f5c5da134cec01c7c886538c76799c3f97686c20426
sensitivity,world.initial_energy,2000.0,world.initial_energy=2000.0,23,bbeaa53da7cde4ec,phase-zero-vm-0.2,phase-one-measurement-0.1,2000,31,20,1,31,2,3,2,2,3,2,2,2183,1,31,31,0,0.0,496,4,-1.03e-08,"{""vm_fault:division_without_complete_copy"": 1}","{""energy_captured"": 22010.75, ""energy_execution"": 109.15, ""energy_input"": 20000.0, ""energy_maintenance"": 12349.6, ""energy_released_on_death"": 10.75, ""energy_reproduction_cost"": 240.0, ""energy_transferred_to_offspring"": 160.0}",4cbedadf563454dcc674dd28c8557a309b9ac3c2213d329d2d6b448ef5a99bb5
sensitivity,world.initial_energy,2000.0,world.initial_energy=2000.0,24,059eeb7c5d4f3742,phase-zero-vm-0.2,phase-one-measurement-0.1,2000,31,21,2,31,1,3,1,2,3,2,2,2233,2,31,31,0,0.0,496,4,-1.03e-08,"{""vm_fault:division_without_complete_copy"": 1, ""vm_fault:invalid_program_address:8"": 1}","{""energy_captured"": 22019.15, ""energy_execution"": 111.65, ""energy_input"": 20000.0, ""energy_maintenance"": 12349.6, ""energy_released_on_death"": 19.15, ""energy_reproduction_cost"": 252.0, ""energy_transferred_to_offspring"": 168.0}",5ff788bcaf8d3b9a3c3c7028e8c9c46ae0a92992bbc14e16c2db7a8034d58b82
sensitivity,world.initial_energy,2000.0,world.initial_energy=2000.0,25,19ce39f6ffdf1dd6,phase-zero-vm-0.2,phase-one-measurement-0.1,2000,31,20,1,31,1,2,1,1,2,1,2,2184,1,31,31,0,0.0,496,4,-1.04e-08,"{""vm_fault:instruction_pointer_out_of_bounds:8"": 1}","{""energy_captured"": 22010.7, ""energy_execution"": 109.2, ""energy_input"": 20000.0, ""energy_maintenance"": 12352.0, ""energy_released_on_death"": 10.7, ""energy_reproduction_cost"": 240.0, ""energy_transferred_to_offspring"": 160.0}",63ba6226b9f16fe531838c8271a5ffadef4928446dd89e6d7b047134752f8c2a
sensitivity,world.initial_energy,2000.0,world.initial_energy=2000.0,26,bdb32b1fc13deaaa,phase-zero-vm-0.2,phase-one-measurement-0.1,2000,31,20,1,31,2,3,2,2,3,2,2,4142,0,30,30,0,0.0,496,4,-1.03e-08,"{""energy_exhausted_maintenance"": 1}","{""energy_captured"": 22000.0, ""energy_execution"": 207.1, ""energy_input"": 20000.0, ""energy_maintenance"": 12351.8, ""energy_released_on_death"": 0.0, ""energy_reproduction_cost"": 240.0, ""energy_transferred_to_offspring"": 160.0}",8854dc7b58bd30898c86c9bdc9145c8820b546dd30c2dfd473a984cec1c8e0e1
sensitivity,world.initial_energy,2000.0,world.initial_energy=2000.0,27,840153773465a95e,phase-zero-vm-0.2,phase-one-measurement-0.1,2000,31,20,1,31,1,2,1,1,2,1,2,2168,1,31,31,0,0.0,496,4,-1.03e-08,"{""vm_fault:division_without_complete_copy"": 1}","{""energy_captured"": 22009.9, ""energy_execution"": 108.4, ""energy_input"": 20000.0, ""energy_maintenance"": 12349.2, ""energy_released_on_death"": 9.9, ""energy_reproduction_cost"": 240.0, ""energy_transferred_to_offspring"": 160.0}",697c8b0ccfef1f10df76bfcf13b1b695296e792e737d67fe79d84fb4d4b736c5
sensitivity,world.initial_energy,2000.0,world.initial_energy=2000.0,28,a1438b2c1e0b70af,phase-zero-vm-0.2,phase-one-measurement-0.1,2000,31,20,1,31,1,2,1,1,2,1,2,2181,1,31,31,0,0.0,496,4,-1.03e-08,"{""vm_fault:invalid_program_address:8"": 1}","{""energy_captured"": 22010.05, ""energy_execution"": 109.05, ""energy_input"": 20000.0, ""energy_maintenance"": 12349.4, ""energy_released_on_death"": 10.05, ""energy_reproduction_cost"": 240.0, ""energy_transferred_to_offspring"": 160.0}",e357f1a32f5a6c789f772b14d6c625bc4fe99804d217b7be6b6eb8f5b7758b8a
sensitivity,world.initial_energy,2000.0,world.initial_energy=2000.0,29,448479317c263e0a,phase-zero-vm-0.2,phase-one-measurement-0.1,2000,31,21,2,31,1,3,1,2,3,2,2,2196,2,31,31,0,0.0,496,4,-1.03e-08,"{""vm_fault:division_without_complete_copy"": 1, ""vm_fault:invalid_register:7"": 1}","{""energy_captured"": 22017.0, ""energy_execution"": 109.8, ""energy_input"": 20000.0, ""energy_maintenance"": 12345.2, ""energy_released_on_death"": 17.0, ""energy_reproduction_cost"": 252.0, ""energy_transferred_to_offspring"": 168.0}",57dd763e3c616ff7fb9f15a4f19c86ca6ac825e7d74c50ee6953deedcf8b4715
sensitivity,world.initial_energy,2000.0,world.initial_energy=2000.0,30,ac5bd715f259708c,phase-zero-vm-0.2,phase-one-measurement-0.1,2000,31,21,2,31,1,3,1,2,3,2,2,4377,1,31,31,0,0.0,496,4,-1.03e-08,"{""energy_exhausted_execution"": 1, ""vm_fault:division_without_complete_copy"": 1}","{""energy_captured"": 22010.75, ""energy_execution"": 218.45, ""energy_input"": 20000.0, ""energy_maintenance"": 12349.6, ""energy_released_on_death"": 10.75, ""energy_reproduction_cost"": 252.0, ""energy_transferred_to_offspring"": 168.0}",63a6b1aa114d7e790d59b3ae84c940c3f3d2c7b8953c9903349f2b7bd17e508a
sensitivity,execution.instructions_per_tick,1,execution.instructions_per_tick=1,1,6788b2fdf8db6daf,phase-zero-vm-0.2,phase-one-measurement-0.1,2000,31,19,0,31,1,1,1,1,1,0,2,2100,0,31,31,0,0.0,496,4,-9.6e-09,{},"{""energy_captured"": 21000.0, ""energy_execution"": 105.0, ""energy_input"": 20000.0, ""energy_maintenance"": 12181.6, ""energy_released_on_death"": 0.0, ""energy_reproduction_cost"": 228.0, ""energy_transferred_to_offspring"": 152.0}",a81b1c1874c056968dcba47b894bd8f3a0bbede9e99109f2105b7817a6b79b40
sensitivity,execution.instructions_per_tick,1,execution.instructions_per_tick=1,2,f8366a09c7d987d6,phase-zero-vm-0.2,phase-one-measurement-0.1,2000,31,20,1,31,2,3,1,2,3,2,2,2184,1,31,31,0,0.0,496,4,-9.6e-09,"{""vm_fault:instruction_pointer_out_of_bounds:8"": 1}","{""energy_captured"": 21023.3, ""energy_execution"": 109.2, ""energy_input"": 20000.0, ""energy_maintenance"": 12181.6, ""energy_released_on_death"": 23.3, ""energy_reproduction_cost"": 240.0, ""energy_transferred_to_offspring"": 160.0}",f2d4dba119d8507f5a6105dea6f6ff41d9d0062d24cac847571276466425f985
sensitivity,execution.instructions_per_tick,1,execution.instructions_per_tick=1,3,8035f19877fabdc0,phase-zero-vm-0.2,phase-one-measurement-0.1,2000,31,19,0,31,1,1,1,1,1,0,2,2100,0,31,31,0,0.0,496,4,-9.6e-09,{},"{""energy_captured"": 21000.0, ""energy_execution"": 105.0, ""energy_input"": 20000.0, ""energy_maintenance"": 12181.6, ""energy_released_on_death"": 0.0, ""energy_reproduction_cost"": 228.0, ""energy_transferred_to_offspring"": 152.0}",50e56c9fc9f2e3a7e8264c4ee3b4708e85c6a3dcabaf4b0ffaec111bdeef32af
sensitivity,execution.instructions_per_tick,1,execution.instructions_per_tick=1,4,1ba66ff4b2b98800,phase-zero-vm-0.2,phase-one-measurement-0.1,2000,31,20,1,31,1,2,1,1,2,1,2,2163,1,31,31,0,0.0,496,4,-9.6e-09,"{""vm_fault:division_without_complete_copy"": 1}","{""energy_captured"": 21024.55, ""energy_execution"": 108.15, ""energy_input"": 20000.0, ""energy_maintenance"": 12177.6, ""energy_released_on_death"": 24.55, ""energy_reproduction_cost"": 240.0, ""energy_transferred_to_offspring"": 160.0}",d3413b01c1699dfde09755686732b6dba0dacdc72f5550c5ec089a14154b5967
sensitivity,execution.instructions_per_tick,1,execution.instructions_per_tick=1,5,19d1ad0381c74fec,phase-zero-vm-0.2,phase-one-measurement-0.1,2000,31,19,0,31,1,1,1,1,1,0,2,2100,0,31,31,0,0.0,496,4,-9.6e-09,{},"{""energy_captured"": 21000.0, ""energy_execution"": 105.0, ""energy_input"": 20000.0, ""energy_maintenance"": 12181.6, ""energy_released_on_death"": 0.0, ""energy_reproduction_cost"": 228.0, ""energy_transferred_to_offspring"": 152.0}",94aa6de21c155a292a08446c47cd471b2e3db744829c661dd17f9f92c1922386
sensitivity,execution.instructions_per_tick,1,execution.instructions_per_tick=1,6,6ad3a9b74503fd42,phase-zero-vm-0.2,phase-one-measurement-0.1,2000,31,22,3,31,2,5,2,4,5,4,2,4188,3,30,30,0,0.0,496,4,-9.6e-09,"{""vm_fault:invalid_program_address:8"": 2, ""vm_fault:invalid_register:7"": 1}","{""energy_captured"": 21093.15, ""energy_execution"": 209.4, ""energy_input"": 20000.0, ""energy_maintenance"": 12174.4, ""energy_released_on_death"": 93.15, ""energy_reproduction_cost"": 264.0, ""energy_transferred_to_offspring"": 176.0}",76955aa50f8b1eddf16e8f240e669064ad686ea3a109dbe734ee9beb4e83a803
sensitivity,execution.instructions_per_tick,1,execution.instructions_per_tick=1,7,f942f501d359da27,phase-zero-vm-0.2,phase-one-measurement-0.1,2000,31,22,3,31,1,4,1,3,4,3,2,2289,3,31,31,0,0.0,496,4,-9.6e-09,"{""vm_fault:division_without_complete_copy"": 1, ""vm_fault:invalid_program_address:8"": 1, ""vm_fault:invalid_register:8"": 1}","{""energy_captured"": 21070.65, ""energy_execution"": 114.45, ""energy_input"": 20000.0, ""energy_maintenance"": 12181.6, ""energy_released_on_death"": 70.65, ""energy_reproduction_cost"": 264.0, ""energy_transferred_to_offspring"": 176.0}",ea9c2336f9372669fe64fe161f04266dd37f8ece8e5d0a40864de64dab86433b
sensitivity,execution.instructions_per_tick,1,execution.instructions_per_tick=1,8,07ae3039ee7f1e7c,phase-zero-vm-0.2,phase-one-measurement-0.1,2000,31,19,0,31,2,2,1,1,2,1,2,4016,0,30,30,0,0.0,496,4,-9.6e-09,{},"{""energy_captured"": 21000.0, ""energy_execution"": 200.8, ""energy_input"": 20000.0, ""energy_maintenance"": 12181.6, ""energy_released_on_death"": 0.0, ""energy_reproduction_cost"": 228.0, ""energy_transferred_to_offspring"": 152.0}",faaf472293ae6d38e4f5de87492880528e0bfcc4fb24893cc98ccd59cc91ff56
sensitivity,execution.instructions_per_tick,1,execution.instructions_per_tick=1,9,05aaa0c6c0908e16,phase-zero-vm-0.2,phase-one-measurement-0.1,2000,31,19,0,31,1,1,1,1,1,0,2,2100,0,31,31,0,0.0,496,4,-9.6e-09,{},"{""energy_captured"": 21000.0, ""energy_execution"": 105.0, ""energy_input"": 20000.0, ""energy_maintenance"": 12181.6, ""energy_released_on_death"": 0.0, ""energy_reproduction_cost"": 228.0, ""energy_transferred_to_offspring"": 152.0}",741f58c5ae61d7ae70a6e4eb4a0b1dac2382cec5dfa2f10e27d180af56f5a4f6
sensitivity,execution.instructions_per_tick,1,execution.instructions_per_tick=1,10,75fec63a3b6811a6,phase-zero-vm-0.2,phase-one-measurement-0.1,2000,31,21,2,31,1,3,1,2,3,2,2,2267,2,31,31,0,0.0,496,4,-9.6e-09,"{""vm_fault:division_without_complete_copy"": 1, ""vm_fault:invalid_program_address:8"": 1}","{""energy_captured"": 21061.85, ""energy_execution"": 113.35, ""energy_input"": 20000.0, ""energy_maintenance"": 12181.6, ""energy_released_on_death"": 61.85, ""energy_reproduction_cost"": 252.0, ""energy_transferred_to_offspring"": 168.0}",c7aef2c7101d75c442394ef35d0243c9ed772c3031e87617f1b56333559a8d72
sensitivity,execution.instructions_per_tick,1,execution.instructions_per_tick=1,11,1297d4a44e7b8c83,phase-zero-vm-0.2,phase-one-measurement-0.1,2000,31,19,0,31,1,1,1,1,1,0,2,2100,0,31,31,0,0.0,496,4,-9.6e-09,{},"{""energy_captured"": 21000.0, ""energy_execution"": 105.0, ""energy_input"": 20000.0, ""energy_maintenance"": 12181.6, ""energy_released_on_death"": 0.0, ""energy_reproduction_cost"": 228.0, ""energy_transferred_to_offspring"": 152.0}",eda5c62dc60819bc97352f62d6b5cdb31b6e4d694a02cbbfb5c666e1352daf2f
sensitivity,execution.instructions_per_tick,1,execution.instructions_per_tick=1,12,337b6261496d76f2,phase-zero-vm-0.2,phase-one-measurement-0.1,2000,31,19,0,31,1,1,1,1,1,0,2,2100,0,31,31,0,0.0,496,4,-9.6e-09,{},"{""energy_captured"": 21000.0, ""energy_execution"": 105.0, ""energy_input"": 20000.0, ""energy_maintenance"": 12181.6, ""energy_released_on_death"": 0.0, ""energy_reproduction_cost"": 228.0, ""energy_transferred_to_offspring"": 152.0}",1ce53d9fc1b25d526c15a002b16a9b25ba891260c9f0b1755bbe3a4ae8596ab5
sensitivity,execution.instructions_per_tick,1,execution.instructions_per_tick=1,13,a48e00f6f2814a21,phase-zero-vm-0.2,phase-one-measurement-0.1,2000,31,21,2,31,2,4,2,3,4,3,2,2187,2,30,30,0,0.0,496,4,-9.6e-09,"{""vm_fault:division_without_complete_copy"": 2}","{""energy_captured"": 21049.1, ""energy_execution"": 109.35, ""energy_input"": 20000.0, ""energy_maintenance"": 12173.6, ""energy_released_on_death"": 49.1, ""energy_reproduction_cost"": 252.0, ""energy_transferred_to_offspring"": 168.0}",cdc96dc105003bdc837ea27b7606a6cd9cd9b45de81d1e4f2c9b01d747eabc15
sensitivity,execution.instructions_per_tick,1,execution.instructions_per_tick=1,14,d96fe4550f08faa1,phase-zero-vm-0.2,phase-one-measurement-0.1,2000,31,21,2,31,1,3,1,2,3,2,2,2194,2,31,31,0,0.0,496,4,-9.6e-09,"{""vm_fault:invalid_register:7"": 2}","{""energy_captured"": 21025.1, ""energy_execution"": 109.7, ""energy_input"": 20000.0, ""energy_maintenance"": 12174.4, ""energy_released_on_death"": 25.1, ""energy_reproduction_cost"": 252.0, ""energy_transferred_to_offspring"": 168.0}",eb3fac2b0b315a44c251aaa31fa753b026ef079bdd7ce4bd07fad8b32727ceb7
sensitivity,execution.instructions_per_tick,1,execution.instructions_per_tick=1,15,de41a9f2df784159,phase-zero-vm-0.2,phase-one-measurement-0.1,2000,31,22,3,31,1,4,1,3,4,3,2,2276,3,31,31,0,0.0,496,4,-9.6e-09,"{""vm_fault:invalid_program_address:8"": 1, ""vm_fault:invalid_register:7"": 2}","{""energy_captured"": 21046.9, ""energy_execution"": 113.8, ""energy_input"": 20000.0, ""energy_maintenance"": 12174.4, ""energy_released_on_death"": 46.9, ""energy_reproduction_cost"": 264.0, ""energy_transferred_to_offspring"": 176.0}",606e0e8811acb5e1ee7b819aa4788098c1604bbea81d82e8786a6ad9f7cb4068
sensitivity,execution.instructions_per_tick,1,execution.instructions_per_tick=1,16,5a23e41f9f981690,phase-zero-vm-0.2,phase-one-measurement-0.1,2000,31,19,0,31,2,2,1,1,2,1,2,4016,0,30,30,0,0.0,496,4,-9.6e-09,{},"{""energy_captured"": 21000.0, ""energy_execution"": 200.8, ""energy_input"": 20000.0, ""energy_maintenance"": 12181.6, ""energy_released_on_death"": 0.0, ""energy_reproduction_cost"": 228.0, ""energy_transferred_to_offspring"": 152.0}",28b9dd8c421a265b75847edd847e47a8925076c41fae85b2fec5059f8f92a12e
sensitivity,execution.instructions_per_tick,1,execution.instructions_per_tick=1,17,6f8ca3fdd1902d90,phase-zero-vm-0.2,phase-one-measurement-0.1,2000,31,20,1,31,2,3,1,2,3,2,2,2111,1,30,30,0,0.0,496,4,-9.6e-09,"{""vm_fault:division_without_complete_copy"": 1}","{""energy_captured"": 21014.05, ""energy_execution"": 105.55, ""energy_input"": 20000.0, ""energy_maintenance"": 12181.6, ""energy_released_on_death"": 14.05, ""energy_reproduction_cost"": 240.0, ""energy_transferred_to_offspring"": 160.0}",2548ba93b461a2c872e3d47141a89ac92b58713c45446628c0f5395d50babd69
sensitivity,execution.instructions_per_tick,1,execution.instructions_per_tick=1,18,1dd6af274bc1efc5,phase-zero-vm-0.2,phase-one-measurement-0.1,2000,31,19,0,31,2,2,1,1,2,1,2,2065,0,30,30,0,0.0,496,4,-9.6e-09,{},"{""energy_captured"": 21000.0, ""energy_execution"": 103.25, ""energy_input"": 20000.0, ""energy_maintenance"": 12181.6, ""energy_released_on_death"": 0.0, ""energy_reproduction_cost"": 228.0, ""energy_transferred_to_offspring"": 152.0}",db92730ed1fc5d6cb5e58ff5723583a03a393a4eccee47acd0ce1613c24df4e3
sensitivity,execution.instructions_per_tick,1,execution.instructions_per_tick=1,19,dcca590aefe8d856,phase-zero-vm-0.2,phase-one-measurement-0.1,2000,31,19,0,31,2,2,1,1,2,1,2,4016,0,30,30,0,0.0,496,4,-9.6e-09,{},"{""energy_captured"": 21000.0, ""energy_execution"": 200.8, ""energy_input"": 20000.0, ""energy_maintenance"": 12181.6, ""energy_released_on_death"": 0.0, ""energy_reproduction_cost"": 228.0, ""energy_transferred_to_offspring"": 152.0}",a586ed5646ec6a700ff6e47053cada8b2def4dda33410abe24920593cd523c0c
sensitivity,execution.instructions_per_tick,1,execution.instructions_per_tick=1,20,6e9e03a997e90f1c,phase-zero-vm-0.2,phase-one-measurement-0.1,2000,31,21,2,31,1,3,1,2,3,2,2,2233,2,31,31,0,0.0,496,4,-9.6e-09,"{""vm_fault:instruction_pointer_out_of_bounds:8"": 1, ""vm_fault:invalid_program_address:248"": 1}","{""energy_captured"": 21054.35, ""energy_execution"": 111.65, ""energy_input"": 20000.0, ""energy_maintenance"": 12174.8, ""energy_released_on_death"": 54.35, ""energy_reproduction_cost"": 252.0, ""energy_transferred_to_offspring"": 168.0}",d9fdada82adbba3056fea2d32b5a3380631c9dc62d9b9866e6fcad1cff0531cc
sensitivity,execution.instructions_per_tick,1,execution.instructions_per_tick=1,21,d55fc56344c55a9e,phase-zero-vm-0.2,phase-one-measurement-0.1,2000,31,21,2,31,3,5,3,4,5,4,2,4025,2,29,29,0,0.0,496,4,-9.6e-09,"{""vm_fault:instruction_pointer_out_of_bounds:8"": 1, ""vm_fault:invalid_register:7"": 1}","{""energy_captured"": 21027.35, ""energy_execution"": 201.25, ""energy_input"": 20000.0, ""energy_maintenance"": 12174.4, ""energy_released_on_death"": 27.35, ""energy_reproduction_cost"": 252.0, ""energy_transferred_to_offspring"": 168.0}",0cc5cecb9bcad7b8586f8b65ca8a2915d17b915110509d4ab67603bf73bd8129
sensitivity,execution.instructions_per_tick,1,execution.instructions_per_tick=1,22,68e19af8ff893e78,phase-zero-vm-0.2,phase-one-measurement-0.1,2000,31,19,0,31,1,1,1,1,1,0,2,2100,0,31,31,0,0.0,496,4,-9.6e-09,{},"{""energy_captured"": 21000.0, ""energy_execution"": 105.0, ""energy_input"": 20000.0, ""energy_maintenance"": 12181.6, ""energy_released_on_death"": 0.0, ""energy_reproduction_cost"": 228.0, ""energy_transferred_to_offspring"": 152.0}",432436965bc12f126339b169a8595b43abb314953ed5e286bd4ee6bb9d4bd3a3
sensitivity,execution.instructions_per_tick,1,execution.instructions_per_tick=1,23,d0f5cdfdc9e743c7,phase-zero-vm-0.2,phase-one-measurement-0.1,2000,31,19,0,31,2,2,1,1,2,1,2,2100,0,31,31,0,0.0,496,4,-9.6e-09,{},"{""energy_captured"": 21000.0, ""energy_execution"": 105.0, ""energy_input"": 20000.0, ""energy_maintenance"": 12181.6, ""energy_released_on_death"": 0.0, ""energy_reproduction_cost"": 228.0, ""energy_transferred_to_offspring"": 152.0}",d4c7a817578afe644df53c673fbc3394c8464cc445175a4ce989fd7ad3d61e75
sensitivity,execution.instructions_per_tick,1,execution.instructions_per_tick=1,24,c8b907ec1922addf,phase-zero-vm-0.2,phase-one-measurement-0.1,2000,31,19,0,31,1,1,1,1,1,0,2,2100,0,31,31,0,0.0,496,4,-9.6e-09,{},"{""energy_captured"": 21000.0, ""energy_execution"": 105.0, ""energy_input"": 20000.0, ""energy_maintenance"": 12181.6, ""energy_released_on_death"": 0.0, ""energy_reproduction_cost"": 228.0, ""energy_transferred_to_offspring"": 152.0}",7b8a7041cdc35f3e83e18ca00f9d48ba73fcb53179027fd9b20c1488748c165d
sensitivity,execution.instructions_per_tick,1,execution.instructions_per_tick=1,25,c348285dcdc9870c,phase-zero-vm-0.2,phase-one-measurement-0.1,2000,31,21,2,31,1,3,1,2,3,2,2,2267,2,31,31,0,0.0,496,4,-9.6e-09,"{""vm_fault:division_without_complete_copy"": 1, ""vm_fault:invalid_program_address:8"": 1}","{""energy_captured"": 21064.85, ""energy_execution"": 113.35, ""energy_input"": 20000.0, ""energy_maintenance"": 12181.6, ""energy_released_on_death"": 64.85, ""energy_reproduction_cost"": 252.0, ""energy_transferred_to_offspring"": 168.0}",d1be0767ce1f11f4c0ec8a9df2c28d34873cbf82fafe3f1bb11c236a491b0753
sensitivity,execution.instructions_per_tick,1,execution.instructions_per_tick=1,26,320f6b6f311c553a,phase-zero-vm-0.2,phase-one-measurement-0.1,2000,31,19,0,31,1,1,1,1,1,0,2,2100,0,31,31,0,0.0,496,4,-9.6e-09,{},"{""energy_captured"": 21000.0, ""energy_execution"": 105.0, ""energy_input"": 20000.0, ""energy_maintenance"": 12181.6, ""energy_released_on_death"": 0.0, ""energy_reproduction_cost"": 228.0, ""energy_transferred_to_offspring"": 152.0}",c848111100c5d56d99f62f76db2320a582b84bf25d51679a8ccce31d7a1a30e5
sensitivity,execution.instructions_per_tick,1,execution.instructions_per_tick=1,27,78f09f6cb8cb6ec0,phase-zero-vm-0.2,phase-one-measurement-0.1,2000,31,19,0,31,2,2,1,1,2,1,2,2100,0,30,30,0,0.0,496,4,-9.6e-09,{},"{""energy_captured"": 21000.0, ""energy_execution"": 105.0, ""energy_input"": 20000.0, ""energy_maintenance"": 12181.6, ""energy_released_on_death"": 0.0, ""energy_reproduction_cost"": 228.0, ""energy_transferred_to_offspring"": 152.0}",5f720e92b3f8690ab7c116b9c6c35131a1106887ce9b68ababd6fd6d2be5169a
sensitivity,execution.instructions_per_tick,1,execution.instructions_per_tick=1,28,e0daf04a57ddb8d5,phase-zero-vm-0.2,phase-one-measurement-0.1,2000,31,20,1,31,1,2,1,1,2,1,3,2183,1,31,31,0,0.0,496,4,-9.6e-09,"{""vm_fault:division_without_complete_copy"": 1}","{""energy_captured"": 21021.55, ""energy_execution"": 109.15, ""energy_input"": 20000.0, ""energy_maintenance"": 12181.6, ""energy_released_on_death"": 21.55, ""energy_reproduction_cost"": 240.0, ""energy_transferred_to_offspring"": 160.0}",fced879199e65cfc23bb9c2a172d0d280fdc110036634568e9467eba5372dff4
sensitivity,execution.instructions_per_tick,1,execution.instructions_per_tick=1,29,2e844deaf5a69519,phase-zero-vm-0.2,phase-one-measurement-0.1,2000,31,19,0,31,2,2,1,1,2,1,2,4016,0,30,30,0,0.0,496,4,-9.6e-09,{},"{""energy_captured"": 21000.0, ""energy_execution"": 200.8, ""energy_input"": 20000.0, ""energy_maintenance"": 12181.6, ""energy_released_on_death"": 0.0, ""energy_reproduction_cost"": 228.0, ""energy_transferred_to_offspring"": 152.0}",fc1c9ae717444692dde316aaf6b3982fb0823a45682d6bf8679bfd0e4c291f03
sensitivity,execution.instructions_per_tick,1,execution.instructions_per_tick=1,30,87b3021d13ae4d08,phase-zero-vm-0.2,phase-one-measurement-0.1,2000,31,19,0,31,1,1,1,1,1,0,2,2100,0,31,31,0,0.0,496,4,-9.6e-09,{},"{""energy_captured"": 21000.0, ""energy_execution"": 105.0, ""energy_input"": 20000.0, ""energy_maintenance"": 12181.6, ""energy_released_on_death"": 0.0, ""energy_reproduction_cost"": 228.0, ""energy_transferred_to_offspring"": 152.0}",a3e80ef4e24a23558799248864888d36a7cfde95bb7a0605792220f77de865d5
sensitivity,execution.instructions_per_tick,8,execution.instructions_per_tick=8,1,7d6516f717c33885,phase-zero-vm-0.2,phase-one-measurement-0.1,2000,31,22,3,31,1,4,1,3,4,3,2,2313,3,31,31,0,0.0,496,4,-1.02e-08,"{""vm_fault:division_without_complete_copy"": 1, ""vm_fault:invalid_program_address:8"": 2}","{""energy_captured"": 21030.05, ""energy_execution"": 115.65, ""energy_input"": 20000.0, ""energy_maintenance"": 12346.2, ""energy_released_on_death"": 30.05, ""energy_reproduction_cost"": 264.0, ""energy_transferred_to_offspring"": 176.0}",77ce431d1686a9cb43dd503952991a778d28213bfbd5adbe56d8b4820a3a4b02
sensitivity,execution.instructions_per_tick,8,execution.instructions_per_tick=8,2,e42bf3936a091ecc,phase-zero-vm-0.2,phase-one-measurement-0.1,2000,31,21,2,31,2,4,1,3,4,3,2,2232,2,31,31,0,0.0,496,4,-1.02e-08,"{""vm_fault:division_without_complete_copy"": 2}","{""energy_captured"": 21019.2, ""energy_execution"": 111.6, ""energy_input"": 20000.0, ""energy_maintenance"": 12352.0, ""energy_released_on_death"": 19.2, ""energy_reproduction_cost"": 252.0, ""energy_transferred_to_offspring"": 168.0}",230f21002a38935215882746819995b244746f5629c45bd4ea946b4f777eec87
sensitivity,execution.instructions_per_tick,8,execution.instructions_per_tick=8,3,0dc1464b063c732c,phase-zero-vm-0.2,phase-one-measurement-0.1,2000,31,20,1,31,1,2,1,1,2,1,2,3462,0,31,31,0,0.0,496,4,-1.02e-08,"{""energy_exhausted_maintenance"": 1}","{""energy_captured"": 21000.0, ""energy_execution"": 173.1, ""energy_input"": 20000.0, ""energy_maintenance"": 12351.8, ""energy_released_on_death"": 0.0, ""energy_reproduction_cost"": 240.0, ""energy_transferred_to_offspring"": 160.0}",5bf01132d9f6f3a1f487fc8339b262a4fab0b84e6fc07ffbb2f15c305cf9e3e2
sensitivity,execution.instructions_per_tick,8,execution.instructions_per_tick=8,4,6d37390f4cf389c3,phase-zero-vm-0.2,phase-one-measurement-0.1,2000,31,19,0,31,1,1,1,1,1,0,2,2100,0,31,31,0,0.0,496,4,-1.02e-08,{},"{""energy_captured"": 21000.0, ""energy_execution"": 105.0, ""energy_input"": 20000.0, ""energy_maintenance"": 12352.0, ""energy_released_on_death"": 0.0, ""energy_reproduction_cost"": 228.0, ""energy_transferred_to_offspring"": 152.0}",6641978f65152a7e143ab7bb3f1d624330f0164d9a831f8818ea2645bd0824aa
sensitivity,execution.instructions_per_tick,8,execution.instructions_per_tick=8,5,2f24b36eab269c10,phase-zero-vm-0.2,phase-one-measurement-0.1,2000,31,19,0,31,1,1,1,1,1,0,2,2100,0,31,31,0,0.0,496,4,-1.02e-08,{},"{""energy_captured"": 21000.0, ""energy_execution"": 105.0, ""energy_input"": 20000.0, ""energy_maintenance"": 12352.0, ""energy_released_on_death"": 0.0, ""energy_reproduction_cost"": 228.0, ""energy_transferred_to_offspring"": 152.0}",9d2ea2309aa0a7dcf06cdb3d8d8972ff98286ddb51fed5dc6e3974ce73c28af4
sensitivity,execution.instructions_per_tick,8,execution.instructions_per_tick=8,6,16a81a341d274537,phase-zero-vm-0.2,phase-one-measurement-0.1,2000,31,20,1,31,1,2,1,1,2,1,2,2149,1,31,31,0,0.0,496,4,-1.02e-08,"{""vm_fault:division_without_complete_copy"": 1}","{""energy_captured"": 21008.45, ""energy_execution"": 107.45, ""energy_input"": 20000.0, ""energy_maintenance"": 12352.0, ""energy_released_on_death"": 8.45, ""energy_reproduction_cost"": 240.0, ""energy_transferred_to_offspring"": 160.0}",b818e075ae67553041d654c3de223ee190a2aa493839f13774c03e44b5c1e710
sensitivity,execution.instructions_per_tick,8,execution.instructions_per_tick=8,7,36ad6da380056418,phase-zero-vm-0.2,phase-one-measurement-0.1,2000,31,20,1,31,1,2,1,1,2,1,2,2149,1,31,31,0,0.0,496,4,-1.02e-08,"{""vm_fault:division_without_complete_copy"": 1}","{""energy_captured"": 21008.45, ""energy_execution"": 107.45, ""energy_input"": 20000.0, ""energy_maintenance"": 12348.6, ""energy_released_on_death"": 8.45, ""energy_reproduction_cost"": 240.0, ""energy_transferred_to_offspring"": 160.0}",45e89c41fd1413a8af84b8ee9b19b0e7eec8f11e0966277af193ed93fa6217c3
sensitivity,execution.instructions_per_tick,8,execution.instructions_per_tick=8,8,e06f904adf74a3d2,phase-zero-vm-0.2,phase-one-measurement-0.1,2000,31,20,1,31,3,4,2,3,4,3,2,3157,0,30,30,0,0.0,496,4,-1.02e-08,"{""energy_exhausted_execution"": 1}","{""energy_captured"": 21000.0, ""energy_execution"": 157.65, ""energy_input"": 20000.0, ""energy_maintenance"": 12352.0, ""energy_released_on_death"": 0.0, ""energy_reproduction_cost"": 240.0, ""energy_transferred_to_offspring"": 160.0}",a4b791f7c0893a733268929c91eb581ecdd2dfd10a5b37631c9e450aba208a7e
sensitivity,execution.instructions_per_tick,8,execution.instructions_per_tick=8,9,1ae1f50134bf085d,phase-zero-vm-0.2,phase-one-measurement-0.1,2000,31,21,2,31,1,3,1,2,3,2,2,3109,1,31,31,0,0.0,496,4,-1.02e-08,"{""energy_exhausted_maintenance"": 1, ""vm_fault:invalid_register:7"": 1}","{""energy_captured"": 21008.55, ""energy_execution"": 155.45, ""energy_input"": 20000.0, ""energy_maintenance"": 12348.4, ""energy_released_on_death"": 8.55, ""energy_reproduction_cost"": 252.0, ""energy_transferred_to_offspring"": 168.0}",332b929fb15610e09b2801596ec7bfa9a3736e53460d3cc4d2a6aecbf74d52c5
sensitivity,execution.instructions_per_tick,8,execution.instructions_per_tick=8,10,a791c95105f7560e,phase-zero-vm-0.2,phase-one-measurement-0.1,2000,31,20,1,31,1,2,1,1,2,1,2,2142,1,31,31,0,0.0,496,4,-1.02e-08,"{""vm_fault:invalid_register:8"": 1}","{""energy_captured"": 21008.8, ""energy_execution"": 107.1, ""energy_input"": 20000.0, ""energy_maintenance"": 12352.0, ""energy_released_on_death"": 8.8, ""energy_reproduction_cost"": 240.0, ""energy_transferred_to_offspring"": 160.0}",d8d767ae6ef78e057a50efe8c19e3eaaf9d39a822200da62e85b463ca3d8d97f
sensitivity,execution.instructions_per_tick,8,execution.instructions_per_tick=8,11,0198bf9d5210f796,phase-zero-vm-0.2,phase-one-measurement-0.1,2000,31,19,0,31,1,1,1,1,1,0,2,2100,0,31,31,0,0.0,496,4,-1.02e-08,{},"{""energy_captured"": 21000.0, ""energy_execution"": 105.0, ""energy_input"": 20000.0, ""energy_maintenance"": 12352.0, ""energy_released_on_death"": 0.0, ""energy_reproduction_cost"": 228.0, ""energy_transferred_to_offspring"": 152.0}",62bc4ab9cf65adffd87ad89669b12756076a3bda4333b804f54209d073eda58c
sensitivity,execution.instructions_per_tick,8,execution.instructions_per_tick=8,12,2e3f6d80a2a8240a,phase-zero-vm-0.2,phase-one-measurement-0.1,2000,31,20,1,31,2,3,1,2,3,2,2,2183,1,31,31,0,0.0,496,4,-1.02e-08,"{""vm_fault:division_without_complete_copy"": 1}","{""energy_captured"": 21010.75, ""energy_execution"": 109.15, ""energy_input"": 20000.0, ""energy_maintenance"": 12349.6, ""energy_released_on_death"": 10.75, ""energy_reproduction_cost"": 240.0, ""energy_transferred_to_offspring"": 160.0}",523d7669427640fdb9ba8d8a2ca36ececc76fe731b9497d66fda54c7b8e58d35
sensitivity,execution.instructions_per_tick,8,execution.instructions_per_tick=8,13,1e7a16db551e1de5,phase-zero-vm-0.2,phase-one-measurement-0.1,2000,31,23,4,31,1,5,1,4,5,4,2,2343,4,31,31,0,0.0,496,4,-1.02e-08,"{""vm_fault:division_without_complete_copy"": 2, ""vm_fault:instruction_pointer_out_of_bounds:8"": 1, ""vm_fault:invalid_register:8"": 1}","{""energy_captured"": 21037.85, ""energy_execution"": 117.15, ""energy_input"": 20000.0, ""energy_maintenance"": 12342.4, ""energy_released_on_death"": 37.85, ""energy_reproduction_cost"": 276.0, ""energy_transferred_to_offspring"": 184.0}",4ef4da1efc78acf517e30d70996a73d3c18aabbaf40d935de799c8e13d4eabfe
sensitivity,execution.instructions_per_tick,8,execution.instructions_per_tick=8,14,3b9d67cff39b49a5,phase-zero-vm-0.2,phase-one-measurement-0.1,2000,31,21,2,31,1,3,1,2,3,2,2,2226,2,31,31,0,0.0,496,4,-1.02e-08,"{""vm_fault:instruction_pointer_out_of_bounds:8"": 1, ""vm_fault:invalid_memory_address:8"": 1}","{""energy_captured"": 21019.5, ""energy_execution"": 111.3, ""energy_input"": 20000.0, ""energy_maintenance"": 12346.2, ""energy_released_on_death"": 19.5, ""energy_reproduction_cost"": 252.0, ""energy_transferred_to_offspring"": 168.0}",250ef430f7b1772cb03f33ea1975f68fd45f8f4c657965b3a758dbda6992a271
sensitivity,execution.instructions_per_tick,8,execution.instructions_per_tick=8,15,3e9b9824608e1ac0,phase-zero-vm-0.2,phase-one-measurement-0.1,2000,31,22,3,31,1,4,1,3,4,3,2,2276,3,31,31,0,0.0,496,4,-1.02e-08,"{""vm_fault:division_without_complete_copy"": 1, ""vm_fault:invalid_program_address:248"": 1, ""vm_fault:invalid_program_address:8"": 1}","{""energy_captured"": 21027.9, ""energy_execution"": 113.8, ""energy_input"": 20000.0, ""energy_maintenance"": 12342.8, ""energy_released_on_death"": 27.9, ""energy_reproduction_cost"": 264.0, ""energy_transferred_to_offspring"": 176.0}",f87379af34c82efed95917bf725ab6672a4381243474bfd1ea984211fc9dd367
sensitivity,execution.instructions_per_tick,8,execution.instructions_per_tick=8,16,0b819d44294e1c09,phase-zero-vm-0.2,phase-one-measurement-0.1,2000,31,19,0,31,1,1,1,1,1,0,2,2100,0,31,31,0,0.0,496,4,-1.02e-08,{},"{""energy_captured"": 21000.0, ""energy_execution"": 105.0, ""energy_input"": 20000.0, ""energy_maintenance"": 12352.0, ""energy_released_on_death"": 0.0, ""energy_reproduction_cost"": 228.0, ""energy_transferred_to_offspring"": 152.0}",7b5126d968b3b34c6f16afe91d25f7989bc7b06fdf3f335d81d4906cdb316424
sensitivity,execution.instructions_per_tick,8,execution.instructions_per_tick=8,17,b2f5e47fcced7441,phase-zero-vm-0.2,phase-one-measurement-0.1,2000,31,20,1,31,1,2,1,1,2,1,2,3614,0,31,31,0,0.0,496,4,-1.02e-08,"{""energy_exhausted_execution"": 1}","{""energy_captured"": 21000.0, ""energy_execution"": 180.3, ""energy_input"": 20000.0, ""energy_maintenance"": 12352.0, ""energy_released_on_death"": 0.0, ""energy_reproduction_cost"": 240.0, ""energy_transferred_to_offspring"": 160.0}",937d55afa561a517599e5a665e2c6a9ae28462843656172ae9adb8e9e3cf3246
sensitivity,execution.instructions_per_tick,8,execution.instructions_per_tick=8,18,00503b7ec207c861,phase-zero-vm-0.2,phase-one-measurement-0.1,2000,31,19,0,31,2,2,1,1,2,1,2,2100,0,30,30,0,0.0,496,4,-1.02e-08,{},"{""energy_captured"": 21000.0, ""energy_execution"": 105.0, ""energy_input"": 20000.0, ""energy_maintenance"": 12352.0, ""energy_released_on_death"": 0.0, ""energy_reproduction_cost"": 228.0, ""energy_transferred_to_offspring"": 152.0}",25cd5755aa3db242986227e2a72f9945856ad43c22dac02d8ca34893644ab883
sensitivity,execution.instructions_per_tick,8,execution.instructions_per_tick=8,19,4ad7c4ce55fba492,phase-zero-vm-0.2,phase-one-measurement-0.1,2000,31,21,2,31,1,3,1,2,3,2,2,2268,2,31,31,0,0.0,496,4,-1.02e-08,"{""vm_fault:instruction_pointer_out_of_bounds:8"": 1, ""vm_fault:invalid_program_address:8"": 1}","{""energy_captured"": 21021.4, ""energy_execution"": 113.4, ""energy_input"": 20000.0, ""energy_maintenance"": 12349.6, ""energy_released_on_death"": 21.4, ""energy_reproduction_cost"": 252.0, ""energy_transferred_to_offspring"": 168.0}",dcc31d8086a1f48e17054e62dc201f354df689d5a1478ec6f24afb78bb1e260f
sensitivity,execution.instructions_per_tick,8,execution.instructions_per_tick=8,20,7459e1b194d0a7f9,phase-zero-vm-0.2,phase-one-measurement-0.1,2000,31,22,3,31,1,4,1,3,4,3,2,2280,3,31,31,0,0.0,496,4,-1.02e-08,"{""vm_fault:division_without_complete_copy"": 1, ""vm_fault:invalid_program_address:8"": 1, ""vm_fault:invalid_register:7"": 1}","{""energy_captured"": 21027.7, ""energy_execution"": 114.0, ""energy_input"": 20000.0, ""energy_maintenance"": 12346.2, ""energy_released_on_death"": 27.7, ""energy_reproduction_cost"": 264.0, ""energy_transferred_to_offspring"": 176.0}",e411e80f5b788490d5ca6606e1785e3183be917384af019c6806284e1fa721f7
sensitivity,execution.instructions_per_tick,8,execution.instructions_per_tick=8,21,6ac916025e145a5d,phase-zero-vm-0.2,phase-one-measurement-0.1,2000,31,20,1,31,1,2,1,1,2,1,2,2149,1,31,31,0,0.0,496,4,-1.02e-08,"{""vm_fault:invalid_program_address:255"": 1}","{""energy_captured"": 21008.45, ""energy_execution"": 107.45, ""energy_input"": 20000.0, ""energy_maintenance"": 12352.0, ""energy_released_on_death"": 8.45, ""energy_reproduction_cost"": 240.0, ""energy_transferred_to_offspring"": 160.0}",96e43f53317c9fa4570f56c4ba013bf722767e6ba32f41850301caf1c85fedd6
sensitivity,execution.instructions_per_tick,8,execution.instructions_per_tick=8,22,d502fb069a160b2a,phase-zero-vm-0.2,phase-one-measurement-0.1,2000,31,20,1,31,1,2,1,1,2,1,2,2148,1,31,31,0,0.0,496,4,-1.02e-08,"{""vm_fault:division_without_complete_copy"": 1}","{""energy_captured"": 21008.5, ""energy_execution"": 107.4, ""energy_input"": 20000.0, ""energy_maintenance"": 12348.6, ""energy_released_on_death"": 8.5, ""energy_reproduction_cost"": 240.0, ""energy_transferred_to_offspring"": 160.0}",358bb23363dc3fde4d75ec16eb806c8575e53a264fcbeb1e70a99fe0f19c887c
sensitivity,execution.instructions_per_tick,8,execution.instructions_per_tick=8,23,e4b38c015164d2de,phase-zero-vm-0.2,phase-one-measurement-0.1,2000,31,20,1,31,2,3,2,2,3,2,2,2183,1,31,31,0,0.0,496,4,-1.02e-08,"{""vm_fault:division_without_complete_copy"": 1}","{""energy_captured"": 21010.75, ""energy_execution"": 109.15, ""energy_input"": 20000.0, ""energy_maintenance"": 12349.6, ""energy_released_on_death"": 10.75, ""energy_reproduction_cost"": 240.0, ""energy_transferred_to_offspring"": 160.0}",0d359d45c44e0185928b8c6698c8243128d6bbfcf93ad3483554b889578b5c26
sensitivity,execution.instructions_per_tick,8,execution.instructions_per_tick=8,24,e00072311fde385a,phase-zero-vm-0.2,phase-one-measurement-0.1,2000,31,21,2,31,1,3,1,2,3,2,2,2233,2,31,31,0,0.0,496,4,-1.02e-08,"{""vm_fault:division_without_complete_copy"": 1, ""vm_fault:invalid_program_address:8"": 1}","{""energy_captured"": 21019.15, ""energy_execution"": 111.65, ""energy_input"": 20000.0, ""energy_maintenance"": 12349.6, ""energy_released_on_death"": 19.15, ""energy_reproduction_cost"": 252.0, ""energy_transferred_to_offspring"": 168.0}",4909f1630b3b2c5f55606b9b3506c220046910cba0043b6717101fbb40e18ff9
sensitivity,execution.instructions_per_tick,8,execution.instructions_per_tick=8,25,291f1f48f94d9c1a,phase-zero-vm-0.2,phase-one-measurement-0.1,2000,31,20,1,31,1,2,1,1,2,1,2,2184,1,31,31,0,0.0,496,4,-1.02e-08,"{""vm_fault:instruction_pointer_out_of_bounds:8"": 1}","{""energy_captured"": 21010.7, ""energy_execution"": 109.2, ""energy_input"": 20000.0, ""energy_maintenance"": 12352.0, ""energy_released_on_death"": 10.7, ""energy_reproduction_cost"": 240.0, ""energy_transferred_to_offspring"": 160.0}",1a283152693b78c49b29dc7684f6bc6eeb55beb5331111c4f760d714990c3c93
sensitivity,execution.instructions_per_tick,8,execution.instructions_per_tick=8,26,9c8bcc6c9cf24143,phase-zero-vm-0.2,phase-one-measurement-0.1,2000,31,20,1,31,2,3,2,2,3,2,2,3278,0,30,30,0,0.0,496,4,-1.02e-08,"{""energy_exhausted_execution"": 1}","{""energy_captured"": 21000.0, ""energy_execution"": 163.7, ""energy_input"": 20000.0, ""energy_maintenance"": 12351.8, ""energy_released_on_death"": 0.0, ""energy_reproduction_cost"": 240.0, ""energy_transferred_to_offspring"": 160.0}",539d68810ea9cc4966ae9b0b6a7538f0fbb01b7c0e8bd51b4037519810a6f64d
sensitivity,execution.instructions_per_tick,8,execution.instructions_per_tick=8,27,08f7a7d4e510f96a,phase-zero-vm-0.2,phase-one-measurement-0.1,2000,31,20,1,31,1,2,1,1,2,1,2,2168,1,31,31,0,0.0,496,4,-1.02e-08,"{""vm_fault:division_without_complete_copy"": 1}","{""energy_captured"": 21009.9, ""energy_execution"": 108.4, ""energy_input"": 20000.0, ""energy_maintenance"": 12349.2, ""energy_released_on_death"": 9.9, ""energy_reproduction_cost"": 240.0, ""energy_transferred_to_offspring"": 160.0}",800e573914a2787cbb0d7c2628c3ff0b9502844febcc074f28776428f0947bcc
sensitivity,execution.instructions_per_tick,8,execution.instructions_per_tick=8,28,32f27cd4cf9c699d,phase-zero-vm-0.2,phase-one-measurement-0.1,2000,31,20,1,31,1,2,1,1,2,1,2,2181,1,31,31,0,0.0,496,4,-1.02e-08,"{""vm_fault:invalid_program_address:8"": 1}","{""energy_captured"": 21010.05, ""energy_execution"": 109.05, ""energy_input"": 20000.0, ""energy_maintenance"": 12349.4, ""energy_released_on_death"": 10.05, ""energy_reproduction_cost"": 240.0, ""energy_transferred_to_offspring"": 160.0}",37f69143d05aa9dea5f4c8b0ec503881ac43f079730bf1f22542e7d3fef8a475
sensitivity,execution.instructions_per_tick,8,execution.instructions_per_tick=8,29,a7ca645643b0ee72,phase-zero-vm-0.2,phase-one-measurement-0.1,2000,31,21,2,31,1,3,1,2,3,2,2,2196,2,31,31,0,0.0,496,4,-1.02e-08,"{""vm_fault:division_without_complete_copy"": 1, ""vm_fault:invalid_register:7"": 1}","{""energy_captured"": 21017.0, ""energy_execution"": 109.8, ""energy_input"": 20000.0, ""energy_maintenance"": 12345.2, ""energy_released_on_death"": 17.0, ""energy_reproduction_cost"": 252.0, ""energy_transferred_to_offspring"": 168.0}",cc1c2d7d270776cb609bc07093215b72c6168453f1c91434a8dd3aa7ea2797ee
sensitivity,execution.instructions_per_tick,8,execution.instructions_per_tick=8,30,c0963953ad59834f,phase-zero-vm-0.2,phase-one-measurement-0.1,2000,31,21,2,31,1,3,1,2,3,2,2,3385,1,31,31,0,0.0,496,4,-1.02e-08,"{""energy_exhausted_maintenance"": 1, ""vm_fault:division_without_complete_copy"": 1}","{""energy_captured"": 21010.75, ""energy_execution"": 169.25, ""energy_input"": 20000.0, ""energy_maintenance"": 12349.4, ""energy_released_on_death"": 10.75, ""energy_reproduction_cost"": 252.0, ""energy_transferred_to_offspring"": 168.0}",8cf8badefee2b3ce61e2a39bc44d59ce93fa7826982c65eb1f92e1bebf374fcd
sensitivity,execution.instructions_per_tick,16,execution.instructions_per_tick=16,1,22ae95d03670246d,phase-zero-vm-0.2,phase-one-measurement-0.1,2000,31,19,0,31,2,2,1,1,2,1,2,2065,0,30,30,0,0.0,496,4,-1.03e-08,{},"{""energy_captured"": 21000.0, ""energy_execution"": 103.25, ""energy_input"": 20000.0, ""energy_maintenance"": 12363.4, ""energy_released_on_death"": 0.0, ""energy_reproduction_cost"": 228.0, ""energy_transferred_to_offspring"": 152.0}",53cbfde0ac4ed1d106cab22c5ad6c0f677e056bc41eee9eaf299054ce0083f7d
sensitivity,execution.instructions_per_tick,16,execution.instructions_per_tick=16,2,eef88c0f1ed9c48c,phase-zero-vm-0.2,phase-one-measurement-0.1,2000,31,21,2,31,1,3,1,2,3,2,2,2268,2,31,31,0,0.0,496,4,-1.03e-08,"{""vm_fault:instruction_pointer_out_of_bounds:8"": 1, ""vm_fault:invalid_program_address:8"": 1}","{""energy_captured"": 21016.6, ""energy_execution"": 113.4, ""energy_input"": 20000.0, ""energy_maintenance"": 12363.4, ""energy_released_on_death"": 16.6, ""energy_reproduction_cost"": 252.0, ""energy_transferred_to_offspring"": 168.0}",4c31ed8ef4e3690360d44c64d22cc7526cf469b6ec7ce6123e6aefac2ceffa4b
sensitivity,execution.instructions_per_tick,16,execution.instructions_per_tick=16,3,969128d9cef4d17f,phase-zero-vm-0.2,phase-one-measurement-0.1,2000,31,20,1,31,2,3,1,2,3,2,2,2184,1,30,30,0,0.0,496,4,-1.03e-08,"{""vm_fault:instruction_pointer_out_of_bounds:8"": 1}","{""energy_captured"": 21008.3, ""energy_execution"": 109.2, ""energy_input"": 20000.0, ""energy_maintenance"": 12363.4, ""energy_released_on_death"": 8.3, ""energy_reproduction_cost"": 240.0, ""energy_transferred_to_offspring"": 160.0}",f513bc1ced4a9f74adaa0c059c9f88e50b9076e6127161a1b98ac443f3a16652
sensitivity,execution.instructions_per_tick,16,execution.instructions_per_tick=16,4,a4a61b72bd374194,phase-zero-vm-0.2,phase-one-measurement-0.1,2000,31,19,0,31,1,1,1,1,1,0,2,2100,0,31,31,0,0.0,496,4,-1.03e-08,{},"{""energy_captured"": 21000.0, ""energy_execution"": 105.0, ""energy_input"": 20000.0, ""energy_maintenance"": 12363.4, ""energy_released_on_death"": 0.0, ""energy_reproduction_cost"": 228.0, ""energy_transferred_to_offspring"": 152.0}",2a7578ea4a124ec2b2dddec3043f2ef9be673bfee9c140cf4a06ab58d276ef4e
sensitivity,execution.instructions_per_tick,16,execution.instructions_per_tick=16,5,b4b644048318ae56,phase-zero-vm-0.2,phase-one-measurement-0.1,2000,31,19,0,31,1,1,1,1,1,0,2,2100,0,31,31,0,0.0,496,4,-1.03e-08,{},"{""energy_captured"": 21000.0, ""energy_execution"": 105.0, ""energy_input"": 20000.0, ""energy_maintenance"": 12363.4, ""energy_released_on_death"": 0.0, ""energy_reproduction_cost"": 228.0, ""energy_transferred_to_offspring"": 152.0}",0f80674234acf49aad0ae7767c2c045f60ca5804625e8ec0f5315667f7b2d9ec
sensitivity,execution.instructions_per_tick,16,execution.instructions_per_tick=16,6,8f72694de32cc2d7,phase-zero-vm-0.2,phase-one-measurement-0.1,2000,31,20,1,31,2,3,1,2,3,2,2,2183,1,31,31,0,0.0,496,4,-1.03e-08,"{""vm_fault:division_without_complete_copy"": 1}","{""energy_captured"": 21008.35, ""energy_execution"": 109.15, ""energy_input"": 20000.0, ""energy_maintenance"": 12363.4, ""energy_released_on_death"": 8.35, ""energy_reproduction_cost"": 240.0, ""energy_transferred_to_offspring"": 160.0}",1570da60303b320f4291a71e48e91f5d0eb30f7a8dc2fc4c599621734024a2bb
sensitivity,execution.instructions_per_tick,16,execution.instructions_per_tick=16,7,097657fe6a9d3aba,phase-zero-vm-0.2,phase-one-measurement-0.1,2000,31,20,1,31,1,2,1,1,2,1,2,2142,1,31,31,0,0.0,496,4,-1.03e-08,"{""vm_fault:invalid_memory_address:8"": 1}","{""energy_captured"": 21008.8, ""energy_execution"": 107.1, ""energy_input"": 20000.0, ""energy_maintenance"": 12360.0, ""energy_released_on_death"": 8.8, ""energy_reproduction_cost"": 240.0, ""energy_transferred_to_offspring"": 160.0}",1fe5050491ee5baf498f50f1b301efc92c249d18186f3e24b12863db9dbb60dd
sensitivity,execution.instructions_per_tick,16,execution.instructions_per_tick=16,8,85824551ab34fff6,phase-zero-vm-0.2,phase-one-measurement-0.1,2000,31,21,2,31,1,3,1,2,3,2,2,3325,1,31,31,0,0.0,496,4,-1.03e-08,"{""energy_exhausted_maintenance"": 1, ""vm_fault:division_without_complete_copy"": 1}","{""energy_captured"": 21008.55, ""energy_execution"": 166.25, ""energy_input"": 20000.0, ""energy_maintenance"": 12359.8, ""energy_released_on_death"": 8.55, ""energy_reproduction_cost"": 252.0, ""energy_transferred_to_offspring"": 168.0}",fa4a94682db1b24e189616a169a8f7c1e88e36686895de466fe15e4d2c5188d3
sensitivity,execution.instructions_per_tick,16,execution.instructions_per_tick=16,9,daafcd96ca93c13f,phase-zero-vm-0.2,phase-one-measurement-0.1,2000,31,20,1,31,1,2,1,1,2,1,2,3182,0,31,31,0,0.0,496,4,-1.03e-08,"{""energy_exhausted_maintenance"": 1}","{""energy_captured"": 21000.0, ""energy_execution"": 159.1, ""energy_input"": 20000.0, ""energy_maintenance"": 12363.2, ""energy_released_on_death"": 0.0, ""energy_reproduction_cost"": 240.0, ""energy_transferred_to_offspring"": 160.0}",bac127c8f0592605abf774cad276b9fbcbd85034661d1bc44b261179aa46ae52
sensitivity,execution.instructions_per_tick,16,execution.instructions_per_tick=16,10,54d2f82500dbf7ef,phase-zero-vm-0.2,phase-one-measurement-0.1,2000,31,20,1,31,2,3,1,2,3,2,2,2147,1,30,30,0,0.0,496,4,-1.03e-08,"{""vm_fault:division_without_complete_copy"": 1}","{""energy_captured"": 21008.35, ""energy_execution"": 107.35, ""energy_input"": 20000.0, ""energy_maintenance"": 12360.4, ""energy_released_on_death"": 8.35, ""energy_reproduction_cost"": 240.0, ""energy_transferred_to_offspring"": 160.0}",71fe6ebe6d9115b5e3ffbfb3eebf0a06b14403de7239915c964afae4126b886b
sensitivity,execution.instructions_per_tick,16,execution.instructions_per_tick=16,11,b1484fdefe000564,phase-zero-vm-0.2,phase-one-measurement-0.1,2000,31,21,2,31,1,3,1,2,3,2,2,3282,1,31,31,0,0.0,496,4,-1.03e-08,"{""energy_exhausted_maintenance"": 1, ""vm_fault:division_without_complete_copy"": 1}","{""energy_captured"": 21008.3, ""energy_execution"": 164.1, ""energy_input"": 20000.0, ""energy_maintenance"": 12360.0, ""energy_released_on_death"": 8.3, ""energy_reproduction_cost"": 252.0, ""energy_transferred_to_offspring"": 168.0}",7f90f5545acc7fb3a56de0a40e164cbd62445053975168ac35b7d7f8d3ccc8da
sensitivity,execution.instructions_per_tick,16,execution.instructions_per_tick=16,12,06b5b413cb627a6e,phase-zero-vm-0.2,phase-one-measurement-0.1,2000,31,21,2,31,1,3,1,2,3,2,2,2226,2,31,31,0,0.0,496,4,-1.03e-08,"{""vm_fault:invalid_program_address:8"": 1, ""vm_fault:invalid_register:8"": 1}","{""energy_captured"": 21017.1, ""energy_execution"": 111.3, ""energy_input"": 20000.0, ""energy_maintenance"": 12357.0, ""energy_released_on_death"": 17.1, ""energy_reproduction_cost"": 252.0, ""energy_transferred_to_offspring"": 168.0}",68c42f0b5105cfc312d4fca02f8bda846ba67d2427609d4aff059c9a2125a04c
sensitivity,execution.instructions_per_tick,16,execution.instructions_per_tick=16,13,8f63577db038e933,phase-zero-vm-0.2,phase-one-measurement-0.1,2000,31,22,3,31,1,4,1,3,4,3,3,3299,2,31,31,0,0.0,496,4,-1.03e-08,"{""energy_exhausted_maintenance"": 1, ""vm_fault:instruction_pointer_out_of_bounds:8"": 1, ""vm_fault:invalid_program_address:248"": 1}","{""energy_captured"": 21016.75, ""energy_execution"": 164.95, ""energy_input"": 20000.0, ""energy_maintenance"": 12359.8, ""energy_released_on_death"": 16.75, ""energy_reproduction_cost"": 264.0, ""energy_transferred_to_offspring"": 176.0}",ef7b7760640dfe0f5fbb047428e2ffdf33d659f80526b8179f4a09c81bf6a181
sensitivity,execution.instructions_per_tick,16,execution.instructions_per_tick=16,14,3964b057ef9ba262,phase-zero-vm-0.2,phase-one-measurement-0.1,2000,31,20,1,31,1,2,1,1,2,1,2,2147,1,31,31,0,0.0,496,4,-1.03e-08,"{""vm_fault:division_without_complete_copy"": 1}","{""energy_captured"": 21008.55, ""energy_execution"": 107.35, ""energy_input"": 20000.0, ""energy_maintenance"": 12363.4, ""energy_released_on_death"": 8.55, ""energy_reproduction_cost"": 240.0, ""energy_transferred_to_offspring"": 160.0}",32b6e3e1fdb7374a61011a2f40f5cf01ef7b50af79171652d6e2c925ee68ab20
sensitivity,execution.instructions_per_tick,16,execution.instructions_per_tick=16,15,860d1222e2e7de5d,phase-zero-vm-0.2,phase-one-measurement-0.1,2000,31,21,2,31,1,3,1,2,3,2,2,2231,2,31,31,0,0.0,496,4,-1.03e-08,"{""vm_fault:instruction_pointer_out_of_bounds:8"": 1, ""vm_fault:invalid_register:7"": 1}","{""energy_captured"": 21016.85, ""energy_execution"": 111.55, ""energy_input"": 20000.0, ""energy_maintenance"": 12360.0, ""energy_released_on_death"": 16.85, ""energy_reproduction_cost"": 252.0, ""energy_transferred_to_offspring"": 168.0}",cae1e76575a1562c7e40479dc70388d6a6a999be880c3323608c3c57021d30fe
sensitivity,execution.instructions_per_tick,16,execution.instructions_per_tick=16,16,9e988a967477e78b,phase-zero-vm-0.2,phase-one-measurement-0.1,2000,31,22,3,31,1,4,1,3,4,3,2,4044,1,31,31,0,0.0,496,4,-1.03e-08,"{""energy_exhausted_maintenance"": 2, ""vm_fault:division_without_complete_copy"": 1}","{""energy_captured"": 21008.3, ""energy_execution"": 202.2, ""energy_input"": 20000.0, ""energy_maintenance"": 12362.8, ""energy_released_on_death"": 8.3, ""energy_reproduction_cost"": 264.0, ""energy_transferred_to_offspring"": 176.0}",b3f9a63b4637da036a37d62ce8fd85f3d0216beea7c88138afb79d4d106b6730
sensitivity,execution.instructions_per_tick,16,execution.instructions_per_tick=16,17,5ea434910fb2dc97,phase-zero-vm-0.2,phase-one-measurement-0.1,2000,31,19,0,31,1,1,1,1,1,0,2,2100,0,31,31,0,0.0,496,4,-1.03e-08,{},"{""energy_captured"": 21000.0, ""energy_execution"": 105.0, ""energy_input"": 20000.0, ""energy_maintenance"": 12363.4, ""energy_released_on_death"": 0.0, ""energy_reproduction_cost"": 228.0, ""energy_transferred_to_offspring"": 152.0}",0b6d2494b6bea224b6f8fbd80a3773b2ed4b4fecd9e418e28a85683c8334b761
sensitivity,execution.instructions_per_tick,16,execution.instructions_per_tick=16,18,9b1a145d3549cf7d,phase-zero-vm-0.2,phase-one-measurement-0.1,2000,31,19,0,31,1,1,1,1,1,0,2,2100,0,31,31,0,0.0,496,4,-1.03e-08,{},"{""energy_captured"": 21000.0, ""energy_execution"": 105.0, ""energy_input"": 20000.0, ""energy_maintenance"": 12363.4, ""energy_released_on_death"": 0.0, ""energy_reproduction_cost"": 228.0, ""energy_transferred_to_offspring"": 152.0}",b9fd10c8e2a2b95e463fcfeea360d99e7b54ccbabf0ad336410e8d480cbd5507
sensitivity,execution.instructions_per_tick,16,execution.instructions_per_tick=16,19,7b1bc15491413782,phase-zero-vm-0.2,phase-one-measurement-0.1,2000,31,19,0,31,1,1,1,1,1,0,2,2100,0,31,31,0,0.0,496,4,-1.03e-08,{},"{""energy_captured"": 21000.0, ""energy_execution"": 105.0, ""energy_input"": 20000.0, ""energy_maintenance"": 12363.4, ""energy_released_on_death"": 0.0, ""energy_reproduction_cost"": 228.0, ""energy_transferred_to_offspring"": 152.0}",be42b328c4d5d7912c7c38e8051a7557dba855874b6ae4156554326930af7e33
sensitivity,execution.instructions_per_tick,16,execution.instructions_per_tick=16,20,c0623d12e56fe440,phase-zero-vm-0.2,phase-one-measurement-0.1,2000,31,21,2,31,1,3,1,2,3,2,2,3314,1,31,31,0,0.0,496,4,-1.03e-08,"{""energy_exhausted_maintenance"": 1, ""vm_fault:instruction_pointer_out_of_bounds:8"": 1}","{""energy_captured"": 21008.3, ""energy_execution"": 165.7, ""energy_input"": 20000.0, ""energy_maintenance"": 12360.2, ""energy_released_on_death"": 8.3, ""energy_reproduction_cost"": 252.0, ""energy_transferred_to_offspring"": 168.0}",00d2be464b63715281a528faec1de2672fb8b9c6a8d3f8460c2b4dee140b8475
sensitivity,execution.instructions_per_tick,16,execution.instructions_per_tick=16,21,49174a595d656888,phase-zero-vm-0.2,phase-one-measurement-0.1,2000,31,20,1,31,1,2,1,1,2,1,2,2181,1,31,31,0,0.0,496,4,-1.03e-08,"{""vm_fault:invalid_program_address:8"": 1}","{""energy_captured"": 21008.45, ""energy_execution"": 109.05, ""energy_input"": 20000.0, ""energy_maintenance"": 12360.4, ""energy_released_on_death"": 8.45, ""energy_reproduction_cost"": 240.0, ""energy_transferred_to_offspring"": 160.0}",0a0f64380b09a26b1f1cc81fb0a01e16c091fe6e48ad991923c40f3e18021096
sensitivity,execution.instructions_per_tick,16,execution.instructions_per_tick=16,22,38b69845c8a36cff,phase-zero-vm-0.2,phase-one-measurement-0.1,2000,31,20,1,31,2,3,1,2,3,2,2,2183,1,31,31,0,0.0,496,4,-1.03e-08,"{""vm_fault:division_without_complete_copy"": 1}","{""energy_captured"": 21008.35, ""energy_execution"": 109.15, ""energy_input"": 20000.0, ""energy_maintenance"": 12360.4, ""energy_released_on_death"": 8.35, ""energy_reproduction_cost"": 240.0, ""energy_transferred_to_offspring"": 160.0}",5d6818335aac2a9ae8bcd0558bc4efff45e1dbe91a2486f725deba05f8c8798d
sensitivity,execution.instructions_per_tick,16,execution.instructions_per_tick=16,23,da421afd22ece973,phase-zero-vm-0.2,phase-one-measurement-0.1,2000,31,20,1,31,1,2,1,1,2,1,3,2910,0,31,31,0,0.0,496,4,-1.03e-08,"{""energy_exhausted_maintenance"": 1}","{""energy_captured"": 21000.0, ""energy_execution"": 145.5, ""energy_input"": 20000.0, ""energy_maintenance"": 12363.2, ""energy_released_on_death"": 0.0, ""energy_reproduction_cost"": 240.0, ""energy_transferred_to_offspring"": 160.0}",1df6e603fef66373b419635fe8a0c7f773cb057b419694c3f7df696d0adee015
sensitivity,execution.instructions_per_tick,16,execution.instructions_per_tick=16,24,ea3381d722f0b7a6,phase-zero-vm-0.2,phase-one-measurement-0.1,2000,31,21,2,31,1,3,1,2,3,2,2,2232,2,31,31,0,0.0,496,4,-1.03e-08,"{""vm_fault:division_without_complete_copy"": 2}","{""energy_captured"": 21016.8, ""energy_execution"": 111.6, ""energy_input"": 20000.0, ""energy_maintenance"": 12363.4, ""energy_released_on_death"": 16.8, ""energy_reproduction_cost"": 252.0, ""energy_transferred_to_offspring"": 168.0}",7354da432d1ad894f771c64ad6f0a484798f4c143af4d71620d1ed6a9fa378a1
sensitivity,execution.instructions_per_tick,16,execution.instructions_per_tick=16,25,2cef33a5fd002177,phase-zero-vm-0.2,phase-one-measurement-0.1,2000,31,21,2,31,1,3,1,2,3,2,2,2233,2,31,31,0,0.0,496,4,-1.03e-08,"{""vm_fault:division_without_complete_copy"": 1, ""vm_fault:invalid_program_address:8"": 1}","{""energy_captured"": 21016.75, ""energy_execution"": 111.65, ""energy_input"": 20000.0, ""energy_maintenance"": 12360.0, ""energy_released_on_death"": 16.75, ""energy_reproduction_cost"": 252.0, ""energy_transferred_to_offspring"": 168.0}",06e5f563847a675a9258ca91a143f0e11368f4a33d5f8ee326e010a3696f3eb9
sensitivity,execution.instructions_per_tick,16,execution.instructions_per_tick=16,26,d0e6afffc398670e,phase-zero-vm-0.2,phase-one-measurement-0.1,2000,31,20,1,31,2,3,2,2,3,2,2,3126,0,30,30,0,0.0,496,4,-1.03e-08,"{""energy_exhausted_maintenance"": 1}","{""energy_captured"": 21000.0, ""energy_execution"": 156.3, ""energy_input"": 20000.0, ""energy_maintenance"": 12363.2, ""energy_released_on_death"": 0.0, ""energy_reproduction_cost"": 240.0, ""energy_transferred_to_offspring"": 160.0}",1e90c070f39db6a1944614e9dd64ab043c2ccb5bcf37dfd19cf23f04760aa9ff
sensitivity,execution.instructions_per_tick,16,execution.instructions_per_tick=16,27,309d74db719c992c,phase-zero-vm-0.2,phase-one-measurement-0.1,2000,31,20,1,31,1,2,1,1,2,1,2,2149,1,31,31,0,0.0,496,4,-1.03e-08,"{""vm_fault:division_without_complete_copy"": 1}","{""energy_captured"": 21008.45, ""energy_execution"": 107.45, ""energy_input"": 20000.0, ""energy_maintenance"": 12360.0, ""energy_released_on_death"": 8.45, ""energy_reproduction_cost"": 240.0, ""energy_transferred_to_offspring"": 160.0}",ded4f94ecf5ea3712d30c6d254c6beb71dfa48379d614b3b8bdb6d88bc098f60
sensitivity,execution.instructions_per_tick,16,execution.instructions_per_tick=16,28,43201258561aefff,phase-zero-vm-0.2,phase-one-measurement-0.1,2000,31,19,0,31,3,3,2,2,3,2,2,2100,0,30,30,0,0.0,496,4,-1.03e-08,{},"{""energy_captured"": 21000.0, ""energy_execution"": 105.0, ""energy_input"": 20000.0, ""energy_maintenance"": 12363.4, ""energy_released_on_death"": 0.0, ""energy_reproduction_cost"": 228.0, ""energy_transferred_to_offspring"": 152.0}",7d07d421416d14b9cd8e481a07aa44d8cacf3314dfbd5c4e907b36630e2357d7
sensitivity,execution.instructions_per_tick,16,execution.instructions_per_tick=16,29,1a84689de1cada0f,phase-zero-vm-0.2,phase-one-measurement-0.1,2000,31,26,7,31,1,8,1,7,8,7,3,3602,6,31,31,0,0.0,496,4,-1.02e-08,"{""energy_exhausted_maintenance"": 1, ""vm_fault:division_without_complete_copy"": 2, ""vm_fault:instruction_pointer_out_of_bounds:8"": 1, ""vm_fault:invalid_program_address:255"": 1, ""vm_fault:invalid_program_address:8"": 1, ""vm_fault:invalid_register:7"": 1}","{""energy_captured"": 21048.8, ""energy_execution"": 180.1, ""energy_input"": 20000.0, ""energy_maintenance"": 12355.6, ""energy_released_on_death"": 48.8, ""energy_reproduction_cost"": 312.0, ""energy_transferred_to_offspring"": 208.0}",fb71b21853a093f3822e667141eee1181021ef7e597bcc3dcb0906ec3d2c8494
sensitivity,execution.instructions_per_tick,16,execution.instructions_per_tick=16,30,f73e9b4794a1a9f6,phase-zero-vm-0.2,phase-one-measurement-0.1,2000,31,21,2,31,1,3,1,2,3,2,2,2196,2,31,31,0,0.0,496,4,-1.03e-08,"{""vm_fault:division_without_complete_copy"": 1, ""vm_fault:invalid_program_address:248"": 1}","{""energy_captured"": 21017.0, ""energy_execution"": 109.8, ""energy_input"": 20000.0, ""energy_maintenance"": 12360.0, ""energy_released_on_death"": 17.0, ""energy_reproduction_cost"": 252.0, ""energy_transferred_to_offspring"": 168.0}",617ef1480591ba39ea7c822e3dfe697a9554a23d992e11c00d11feb8df41cc5a
sensitivity,execution.instruction_cost,0.02,execution.instruction_cost=0.02,1,4b4214a2c70611d5,phase-zero-vm-0.2,phase-one-measurement-0.1,2000,31,21,2,31,1,3,1,2,3,2,1,2230,2,31,31,0,0.0,496,4,-1.02e-08,"{""vm_fault:division_without_complete_copy"": 1, ""vm_fault:invalid_program_address:8"": 1}","{""energy_captured"": 21020.68, ""energy_execution"": 44.6, ""energy_input"": 20000.0, ""energy_maintenance"": 12351.6, ""energy_released_on_death"": 20.68, ""energy_reproduction_cost"": 252.0, ""energy_transferred_to_offspring"": 168.0}",557eafdf4f8ad704e717d1bd32efbb3ceccc2d6b2671a243730d84e38fe6b9d4
sensitivity,execution.instruction_cost,0.02,execution.instruction_cost=0.02,2,0e8be084c717096f,phase-zero-vm-0.2,phase-one-measurement-0.1,2000,31,21,2,31,2,4,1,3,4,3,2,2232,2,31,31,0,0.0,496,4,-1.03e-08,"{""vm_fault:division_without_complete_copy"": 2}","{""energy_captured"": 21020.64, ""energy_execution"": 44.64, ""energy_input"": 20000.0, ""energy_maintenance"": 12356.2, ""energy_released_on_death"": 20.64, ""energy_reproduction_cost"": 252.0, ""energy_transferred_to_offspring"": 168.0}",cdc182ea29daa92884072a95f058fe9274f027ef44e1fbcfdde1899dd51b2817
sensitivity,execution.instruction_cost,0.02,execution.instruction_cost=0.02,3,e2eff4f9d2a4f587,phase-zero-vm-0.2,phase-one-measurement-0.1,2000,31,20,1,31,1,2,1,1,2,1,1,9478,0,31,31,0,0.0,496,4,-1.02e-08,"{""energy_exhausted_execution"": 1}","{""energy_captured"": 21000.0, ""energy_execution"": 189.44, ""energy_input"": 20000.0, ""energy_maintenance"": 12356.2, ""energy_released_on_death"": 0.0, ""energy_reproduction_cost"": 240.0, ""energy_transferred_to_offspring"": 160.0}",799872e73acfd96bbd2ee5d0742b46922b4e2e22a58568e2f3df03e70d4b9264
sensitivity,execution.instruction_cost,0.02,execution.instruction_cost=0.02,4,e6065a5fa5dc47a0,phase-zero-vm-0.2,phase-one-measurement-0.1,2000,31,19,0,31,1,1,1,1,1,0,1,2100,0,31,31,0,0.0,496,4,-1.03e-08,{},"{""energy_captured"": 21000.0, ""energy_execution"": 42.0, ""energy_input"": 20000.0, ""energy_maintenance"": 12356.2, ""energy_released_on_death"": 0.0, ""energy_reproduction_cost"": 228.0, ""energy_transferred_to_offspring"": 152.0}",240cf8364c2c7f74f48a9fa5514f2a5db76503a41625d4bc1804e5921e098133
sensitivity,execution.instruction_cost,0.02,execution.instruction_cost=0.02,5,2356416001fd41a3,phase-zero-vm-0.2,phase-one-measurement-0.1,2000,31,19,0,31,1,1,1,1,1,0,1,2100,0,31,31,0,0.0,496,4,-1.03e-08,{},"{""energy_captured"": 21000.0, ""energy_execution"": 42.0, ""energy_input"": 20000.0, ""energy_maintenance"": 12356.2, ""energy_released_on_death"": 0.0, ""energy_reproduction_cost"": 228.0, ""energy_transferred_to_offspring"": 152.0}",f750305aaff45af1a6df1cf14bf5f5002d522efc1645796fe9a49e15bd6b8305
sensitivity,execution.instruction_cost,0.02,execution.instruction_cost=0.02,6,2629afdf5643e6b1,phase-zero-vm-0.2,phase-one-measurement-0.1,2000,31,21,2,31,1,3,1,2,3,2,1,2198,2,31,31,0,0.0,496,4,-1.03e-08,"{""vm_fault:division_without_complete_copy"": 2}","{""energy_captured"": 21017.32, ""energy_execution"": 43.96, ""energy_input"": 20000.0, ""energy_maintenance"": 12356.2, ""energy_released_on_death"": 17.32, ""energy_reproduction_cost"": 252.0, ""energy_transferred_to_offspring"": 168.0}",4a937dcf3aa2f540dce683382828bbd737d25ffd3c3f4a37f29dd929e4c65b7e
sensitivity,execution.instruction_cost,0.02,execution.instruction_cost=0.02,7,73364a841f6eb62b,phase-zero-vm-0.2,phase-one-measurement-0.1,2000,31,21,2,31,1,3,1,2,3,2,1,2198,2,31,31,0,0.0,496,4,-1.03e-08,"{""vm_fault:division_without_complete_copy"": 2}","{""energy_captured"": 21017.32, ""energy_execution"": 43.96, ""energy_input"": 20000.0, ""energy_maintenance"": 12353.4, ""energy_released_on_death"": 17.32, ""energy_reproduction_cost"": 252.0, ""energy_transferred_to_offspring"": 168.0}",a3598b2574d0481360f2de0d37f4583de02b0de0a701d25a47917e2967a55163
sensitivity,execution.instruction_cost,0.02,execution.instruction_cost=0.02,8,2116cf1c9920bcdf,phase-zero-vm-0.2,phase-one-measurement-0.1,2000,31,20,1,31,2,3,1,2,3,2,2,6678,0,31,31,0,0.0,496,4,-1.03e-08,"{""energy_exhausted_execution"": 1}","{""energy_captured"": 21000.0, ""energy_execution"": 133.44, ""energy_input"": 20000.0, ""energy_maintenance"": 12356.2, ""energy_released_on_death"": 0.0, ""energy_reproduction_cost"": 240.0, ""energy_transferred_to_offspring"": 160.0}",c1438ec381aa78006d7ff53f8ebf65ba28ad640f4123dac86fcd00ac7fa22357
sensitivity,execution.instruction_cost,0.02,execution.instruction_cost=0.02,9,778de6cf3032e935,phase-zero-vm-0.2,phase-one-measurement-0.1,2000,31,20,1,31,1,2,1,1,2,1,1,2147,1,31,31,0,0.0,496,4,-1.02e-08,"{""vm_fault:invalid_register:7"": 1}","{""energy_captured"": 21008.7, ""energy_execution"": 42.94, ""energy_input"": 20000.0, ""energy_maintenance"": 12353.4, ""energy_released_on_death"": 8.7, ""energy_reproduction_cost"": 240.0, ""energy_transferred_to_offspring"": 160.0}",45d10b84f38f2c7b5ca1bc2366deb6b37faa6d4a43adaf1ee98ff0ee355ecab4
sensitivity,execution.instruction_cost,0.02,execution.instruction_cost=0.02,10,fd832c664b1a7479,phase-zero-vm-0.2,phase-one-measurement-0.1,2000,31,21,2,31,1,3,1,2,3,2,2,8879,1,31,31,0,0.0,496,4,-1.02e-08,"{""energy_exhausted_maintenance"": 1, ""vm_fault:division_without_complete_copy"": 1}","{""energy_captured"": 21008.66, ""energy_execution"": 177.58, ""energy_input"": 20000.0, ""energy_maintenance"": 12356.04, ""energy_released_on_death"": 8.66, ""energy_reproduction_cost"": 252.0, ""energy_transferred_to_offspring"": 168.0}",e4aa96f1777f2da5c3d12005aeb3a39571774e5e337e3819dbd762d920bf20fa
sensitivity,execution.instruction_cost,0.02,execution.instruction_cost=0.02,11,022698995dba453e,phase-zero-vm-0.2,phase-one-measurement-0.1,2000,31,19,0,31,1,1,1,1,1,0,1,2100,0,31,31,0,0.0,496,4,-1.03e-08,{},"{""energy_captured"": 21000.0, ""energy_execution"": 42.0, ""energy_input"": 20000.0, ""energy_maintenance"": 12356.2, ""energy_released_on_death"": 0.0, ""energy_reproduction_cost"": 228.0, ""energy_transferred_to_offspring"": 152.0}",89fed184182b1160305511194257e2a38ac2049e8f59ea3da85c732e99e3ea72
sensitivity,execution.instruction_cost,0.02,execution.instruction_cost=0.02,12,6c6af581e20db021,phase-zero-vm-0.2,phase-one-measurement-0.1,2000,31,21,2,31,2,4,1,3,4,3,1,2227,2,31,31,0,0.0,496,4,-1.03e-08,"{""vm_fault:division_without_complete_copy"": 2}","{""energy_captured"": 21020.74, ""energy_execution"": 44.54, ""energy_input"": 20000.0, ""energy_maintenance"": 12354.4, ""energy_released_on_death"": 20.74, ""energy_reproduction_cost"": 252.0, ""energy_transferred_to_offspring"": 168.0}",121ce9fc614289a345976c3662ce7cfc2b0f342a2eba5545197d41934f853c01
sensitivity,execution.instruction_cost,0.02,execution.instruction_cost=0.02,13,df0f5639bba0fd7a,phase-zero-vm-0.2,phase-one-measurement-0.1,2000,31,22,3,31,1,4,1,3,4,3,1,2259,3,31,31,0,0.0,496,4,-1.02e-08,"{""vm_fault:division_without_complete_copy"": 2, ""vm_fault:invalid_register:8"": 1}","{""energy_captured"": 21028.14, ""energy_execution"": 45.18, ""energy_input"": 20000.0, ""energy_maintenance"": 12348.4, ""energy_released_on_death"": 28.14, ""energy_reproduction_cost"": 264.0, ""energy_transferred_to_offspring"": 176.0}",3a9f86fd11bb5556f0375618afe1443e53968a720dbecc318319cb4cc75e8937
sensitivity,execution.instruction_cost,0.02,execution.instruction_cost=0.02,14,6203279b0ba551e8,phase-zero-vm-0.2,phase-one-measurement-0.1,2000,31,22,3,31,1,4,1,3,4,3,2,9292,2,31,31,0,0.0,496,4,-1.02e-08,"{""energy_exhausted_execution"": 1, ""vm_fault:instruction_pointer_out_of_bounds:8"": 1, ""vm_fault:invalid_memory_address:8"": 1}","{""energy_captured"": 21020.76, ""energy_execution"": 185.76, ""energy_input"": 20000.0, ""energy_maintenance"": 12351.6, ""energy_released_on_death"": 20.76, ""energy_reproduction_cost"": 264.0, ""energy_transferred_to_offspring"": 176.0}",f161af0cfcf2524c4088d805756f172d0443d44c1b6e4a2345cf9fcee23d1f9b
sensitivity,execution.instruction_cost,0.02,execution.instruction_cost=0.02,15,c4d1ae79d14f1023,phase-zero-vm-0.2,phase-one-measurement-0.1,2000,31,23,4,31,1,5,1,4,5,4,2,2360,4,31,31,0,0.0,496,4,-1.02e-08,"{""vm_fault:division_without_complete_copy"": 1, ""vm_fault:invalid_program_address:248"": 1, ""vm_fault:invalid_program_address:8"": 2}","{""energy_captured"": 21041.36, ""energy_execution"": 47.2, ""energy_input"": 20000.0, ""energy_maintenance"": 12348.8, ""energy_released_on_death"": 41.36, ""energy_reproduction_cost"": 276.0, ""energy_transferred_to_offspring"": 184.0}",2eb21cf3653ca0a42f79b50f82454facc41a8c9d241edbcefe6985e2e40bfea0
sensitivity,execution.instruction_cost,0.02,execution.instruction_cost=0.02,16,b8793a24276e3b5a,phase-zero-vm-0.2,phase-one-measurement-0.1,2000,31,19,0,31,1,1,1,1,1,0,1,2100,0,31,31,0,0.0,496,4,-1.03e-08,{},"{""energy_captured"": 21000.0, ""energy_execution"": 42.0, ""energy_input"": 20000.0, ""energy_maintenance"": 12356.2, ""energy_released_on_death"": 0.0, ""energy_reproduction_cost"": 228.0, ""energy_transferred_to_offspring"": 152.0}",4f474b98e5e61382d925bcf33bb8e384dc8cb75e6acb956bad8db14d41f3fcdb
sensitivity,execution.instruction_cost,0.02,execution.instruction_cost=0.02,17,17302b257677ea29,phase-zero-vm-0.2,phase-one-measurement-0.1,2000,31,19,0,31,2,2,1,1,2,1,1,18010,0,30,30,0,0.0,496,4,-1.03e-08,{},"{""energy_captured"": 21000.0, ""energy_execution"": 360.2, ""energy_input"": 20000.0, ""energy_maintenance"": 12356.2, ""energy_released_on_death"": 0.0, ""energy_reproduction_cost"": 228.0, ""energy_transferred_to_offspring"": 152.0}",93bd45bb8c042f0fe99db783ac09b743db076c14e8bb0fef386ad4843a1dd1b8
sensitivity,execution.instruction_cost,0.02,execution.instruction_cost=0.02,18,d856a14e229fa202,phase-zero-vm-0.2,phase-one-measurement-0.1,2000,31,19,0,31,1,1,1,1,1,0,1,2100,0,31,31,0,0.0,496,4,-1.03e-08,{},"{""energy_captured"": 21000.0, ""energy_execution"": 42.0, ""energy_input"": 20000.0, ""energy_maintenance"": 12356.2, ""energy_released_on_death"": 0.0, ""energy_reproduction_cost"": 228.0, ""energy_transferred_to_offspring"": 152.0}",19bc987df3fdd349926475bf400481a9a1b956ef402fc9f026a2e392187c912a
sensitivity,execution.instruction_cost,0.02,execution.instruction_cost=0.02,19,2a0d372c42146c2e,phase-zero-vm-0.2,phase-one-measurement-0.1,2000,31,20,1,31,1,2,1,1,2,1,1,2184,1,31,31,0,0.0,496,4,-1.03e-08,"{""vm_fault:instruction_pointer_out_of_bounds:8"": 1}","{""energy_captured"": 21011.96, ""energy_execution"": 43.68, ""energy_input"": 20000.0, ""energy_maintenance"": 12354.4, ""energy_released_on_death"": 11.96, ""energy_reproduction_cost"": 240.0, ""energy_transferred_to_offspring"": 160.0}",25b9d632ee4ff25da8f6f8ce6249b5f7fcd9c9dd1825696376265bde06b0045b
sensitivity,execution.instruction_cost,0.02,execution.instruction_cost=0.02,20,046343f7c5a93995,phase-zero-vm-0.2,phase-one-measurement-0.1,2000,31,22,3,31,1,4,1,3,4,3,1,2280,3,31,31,0,0.0,496,4,-1.02e-08,"{""vm_fault:division_without_complete_copy"": 1, ""vm_fault:invalid_program_address:8"": 1, ""vm_fault:invalid_register:7"": 1}","{""energy_captured"": 21029.32, ""energy_execution"": 45.6, ""energy_input"": 20000.0, ""energy_maintenance"": 12351.6, ""energy_released_on_death"": 29.32, ""energy_reproduction_cost"": 264.0, ""energy_transferred_to_offspring"": 176.0}",cfbb1e60c76c9934f9c9f7886c848220237cf231d42bb78fc6e96c959427d80a
sensitivity,execution.instruction_cost,0.02,execution.instruction_cost=0.02,21,0f1d7839c419777e,phase-zero-vm-0.2,phase-one-measurement-0.1,2000,31,21,2,31,1,3,1,2,3,2,2,2198,2,31,31,0,0.0,496,4,-1.03e-08,"{""vm_fault:division_without_complete_copy"": 1, ""vm_fault:invalid_program_address:255"": 1}","{""energy_captured"": 21017.32, ""energy_execution"": 43.96, ""energy_input"": 20000.0, ""energy_maintenance"": 12356.0, ""energy_released_on_death"": 17.32, ""energy_reproduction_cost"": 252.0, ""energy_transferred_to_offspring"": 168.0}",c5368df06b1a7ca0686152823ae3ffb13701f26caae5f08dd7c3f39bf51e77d3
sensitivity,execution.instruction_cost,0.02,execution.instruction_cost=0.02,22,5e5a627aeaf3030d,phase-zero-vm-0.2,phase-one-measurement-0.1,2000,31,20,1,31,1,2,1,1,2,1,1,2148,1,31,31,0,0.0,496,4,-1.02e-08,"{""vm_fault:division_without_complete_copy"": 1}","{""energy_captured"": 21008.68, ""energy_execution"": 42.96, ""energy_input"": 20000.0, ""energy_maintenance"": 12353.4, ""energy_released_on_death"": 8.68, ""energy_reproduction_cost"": 240.0, ""energy_transferred_to_offspring"": 160.0}",878ae39e06ec2831f9f4f07f07cc76477da80b034a3d100c35887d427daa9f98
sensitivity,execution.instruction_cost,0.02,execution.instruction_cost=0.02,23,005c98fd22744fe7,phase-zero-vm-0.2,phase-one-measurement-0.1,2000,31,20,1,31,2,3,2,2,3,2,1,2183,1,31,31,0,0.0,496,4,-1.03e-08,"{""vm_fault:division_without_complete_copy"": 1}","{""energy_captured"": 21011.98, ""energy_execution"": 43.66, ""energy_input"": 20000.0, ""energy_maintenance"": 12354.4, ""energy_released_on_death"": 11.98, ""energy_reproduction_cost"": 240.0, ""energy_transferred_to_offspring"": 160.0}",93ab7ee738d7816ec439d0bbe6ed54b6bb8b8f862898c87188936dbffd554b25
sensitivity,execution.instruction_cost,0.02,execution.instruction_cost=0.02,24,ad638456755621ae,phase-zero-vm-0.2,phase-one-measurement-0.1,2000,31,21,2,31,2,4,2,3,4,3,1,2233,2,31,31,0,0.0,496,4,-1.03e-08,"{""vm_fault:division_without_complete_copy"": 1, ""vm_fault:invalid_program_address:8"": 1}","{""energy_captured"": 21020.62, ""energy_execution"": 44.66, ""energy_input"": 20000.0, ""energy_maintenance"": 12354.4, ""energy_released_on_death"": 20.62, ""energy_reproduction_cost"": 252.0, ""energy_transferred_to_offspring"": 168.0}",8daac19577c9465a4c222c8ca18433b1e4793822e995abf7d72c041736ade9be
sensitivity,execution.instruction_cost,0.02,execution.instruction_cost=0.02,25,f30d3cc1524a79da,phase-zero-vm-0.2,phase-one-measurement-0.1,2000,31,19,0,31,1,1,1,1,1,0,1,2100,0,31,31,0,0.0,496,4,-1.03e-08,{},"{""energy_captured"": 21000.0, ""energy_execution"": 42.0, ""energy_input"": 20000.0, ""energy_maintenance"": 12356.2, ""energy_released_on_death"": 0.0, ""energy_reproduction_cost"": 228.0, ""energy_transferred_to_offspring"": 152.0}",8b301d94682a5c9cd3f15546197453adfff66014b6a692c8d203a43835bfab72
sensitivity,execution.instruction_cost,0.02,execution.instruction_cost=0.02,26,515acfd61a592f35,phase-zero-vm-0.2,phase-one-measurement-0.1,2000,31,21,2,31,2,4,2,3,4,3,2,10010,1,30,30,0,0.0,496,4,-1.02e-08,"{""energy_exhausted_execution"": 1, ""vm_fault:invalid_program_address:8"": 1}","{""energy_captured"": 21011.96, ""energy_execution"": 200.12, ""energy_input"": 20000.0, ""energy_maintenance"": 12356.0, ""energy_released_on_death"": 11.96, ""energy_reproduction_cost"": 252.0, ""energy_transferred_to_offspring"": 168.0}",2d0029327fd261d09c13fe27a55b34779b076d8b89310c9ea6d870b22043b726
sensitivity,execution.instruction_cost,0.02,execution.instruction_cost=0.02,27,d65f86ac775a9f7a,phase-zero-vm-0.2,phase-one-measurement-0.1,2000,31,20,1,31,2,3,2,2,3,2,1,2168,1,30,30,0,0.0,496,4,-1.03e-08,"{""vm_fault:division_without_complete_copy"": 1}","{""energy_captured"": 21010.68, ""energy_execution"": 43.36, ""energy_input"": 20000.0, ""energy_maintenance"": 12354.0, ""energy_released_on_death"": 10.68, ""energy_reproduction_cost"": 240.0, ""energy_transferred_to_offspring"": 160.0}",d71c9e0bb42ac14ff1aaf143e3f24873a4709b5cc93919c9d64aa4130e97a042
sensitivity,execution.instruction_cost,0.02,execution.instruction_cost=0.02,28,917b73d5ad3c5448,phase-zero-vm-0.2,phase-one-measurement-0.1,2000,31,20,1,31,1,2,1,1,2,1,1,2181,1,31,31,0,0.0,496,4,-1.03e-08,"{""vm_fault:invalid_program_address:8"": 1}","{""energy_captured"": 21011.22, ""energy_execution"": 43.62, ""energy_input"": 20000.0, ""energy_maintenance"": 12354.2, ""energy_released_on_death"": 11.22, ""energy_reproduction_cost"": 240.0, ""energy_transferred_to_offspring"": 160.0}",9acf5c28994ac5497b5f2b21f3dc2216f599497c7d6efb7bfbb87d879d03ac94
sensitivity,execution.instruction_cost,0.02,execution.instruction_cost=0.02,29,2c7124397c08a84f,phase-zero-vm-0.2,phase-one-measurement-0.1,2000,31,21,2,31,1,3,1,2,3,2,1,2196,2,31,31,0,0.0,496,4,-1.02e-08,"{""vm_fault:division_without_complete_copy"": 1, ""vm_fault:invalid_register:7"": 1}","{""energy_captured"": 21017.36, ""energy_execution"": 43.92, ""energy_input"": 20000.0, ""energy_maintenance"": 12350.6, ""energy_released_on_death"": 17.36, ""energy_reproduction_cost"": 252.0, ""energy_transferred_to_offspring"": 168.0}",45beae13ec7610b7bb180b44c2de6723795e00fb8420ae71e397ceb42c794a2f
sensitivity,execution.instruction_cost,0.02,execution.instruction_cost=0.02,30,4da91c9abc8b668f,phase-zero-vm-0.2,phase-one-measurement-0.1,2000,31,21,2,31,1,3,1,2,3,2,1,7425,1,31,31,0,0.0,496,4,-1.02e-08,"{""energy_exhausted_maintenance"": 1, ""vm_fault:division_without_complete_copy"": 1}","{""energy_captured"": 21011.98, ""energy_execution"": 148.5, ""energy_input"": 20000.0, ""energy_maintenance"": 12354.2, ""energy_released_on_death"": 11.98, ""energy_reproduction_cost"": 252.0, ""energy_transferred_to_offspring"": 168.0}",d59b04a56e800c38a430bf132b510028f0fc6b39812d31b1161d61bced9ddebc
sensitivity,execution.instruction_cost,0.05,execution.instruction_cost=0.05,1,7d6516f717c33885,phase-zero-vm-0.2,phase-one-measurement-0.1,2000,31,22,3,31,1,4,1,3,4,3,2,2313,3,31,31,0,0.0,496,4,-1.02e-08,"{""vm_fault:division_without_complete_copy"": 1, ""vm_fault:invalid_program_address:8"": 2}","{""energy_captured"": 21030.05, ""energy_execution"": 115.65, ""energy_input"": 20000.0, ""energy_maintenance"": 12346.2, ""energy_released_on_death"": 30.05, ""energy_reproduction_cost"": 264.0, ""energy_transferred_to_offspring"": 176.0}",77ce431d1686a9cb43dd503952991a778d28213bfbd5adbe56d8b4820a3a4b02
sensitivity,execution.instruction_cost,0.05,execution.instruction_cost=0.05,2,e42bf3936a091ecc,phase-zero-vm-0.2,phase-one-measurement-0.1,2000,31,21,2,31,2,4,1,3,4,3,2,2232,2,31,31,0,0.0,496,4,-1.02e-08,"{""vm_fault:division_without_complete_copy"": 2}","{""energy_captured"": 21019.2, ""energy_execution"": 111.6, ""energy_input"": 20000.0, ""energy_maintenance"": 12352.0, ""energy_released_on_death"": 19.2, ""energy_reproduction_cost"": 252.0, ""energy_transferred_to_offspring"": 168.0}",230f21002a38935215882746819995b244746f5629c45bd4ea946b4f777eec87
sensitivity,execution.instruction_cost,0.05,execution.instruction_cost=0.05,3,0dc1464b063c732c,phase-zero-vm-0.2,phase-one-measurement-0.1,2000,31,20,1,31,1,2,1,1,2,1,2,3462,0,31,31,0,0.0,496,4,-1.02e-08,"{""energy_exhausted_maintenance"": 1}","{""energy_captured"": 21000.0, ""energy_execution"": 173.1, ""energy_input"": 20000.0, ""energy_maintenance"": 12351.8, ""energy_released_on_death"": 0.0, ""energy_reproduction_cost"": 240.0, ""energy_transferred_to_offspring"": 160.0}",5bf01132d9f6f3a1f487fc8339b262a4fab0b84e6fc07ffbb2f15c305cf9e3e2
sensitivity,execution.instruction_cost,0.05,execution.instruction_cost=0.05,4,6d37390f4cf389c3,phase-zero-vm-0.2,phase-one-measurement-0.1,2000,31,19,0,31,1,1,1,1,1,0,2,2100,0,31,31,0,0.0,496,4,-1.02e-08,{},"{""energy_captured"": 21000.0, ""energy_execution"": 105.0, ""energy_input"": 20000.0, ""energy_maintenance"": 12352.0, ""energy_released_on_death"": 0.0, ""energy_reproduction_cost"": 228.0, ""energy_transferred_to_offspring"": 152.0}",6641978f65152a7e143ab7bb3f1d624330f0164d9a831f8818ea2645bd0824aa
sensitivity,execution.instruction_cost,0.05,execution.instruction_cost=0.05,5,2f24b36eab269c10,phase-zero-vm-0.2,phase-one-measurement-0.1,2000,31,19,0,31,1,1,1,1,1,0,2,2100,0,31,31,0,0.0,496,4,-1.02e-08,{},"{""energy_captured"": 21000.0, ""energy_execution"": 105.0, ""energy_input"": 20000.0, ""energy_maintenance"": 12352.0, ""energy_released_on_death"": 0.0, ""energy_reproduction_cost"": 228.0, ""energy_transferred_to_offspring"": 152.0}",9d2ea2309aa0a7dcf06cdb3d8d8972ff98286ddb51fed5dc6e3974ce73c28af4
sensitivity,execution.instruction_cost,0.05,execution.instruction_cost=0.05,6,16a81a341d274537,phase-zero-vm-0.2,phase-one-measurement-0.1,2000,31,20,1,31,1,2,1,1,2,1,2,2149,1,31,31,0,0.0,496,4,-1.02e-08,"{""vm_fault:division_without_complete_copy"": 1}","{""energy_captured"": 21008.45, ""energy_execution"": 107.45, ""energy_input"": 20000.0, ""energy_maintenance"": 12352.0, ""energy_released_on_death"": 8.45, ""energy_reproduction_cost"": 240.0, ""energy_transferred_to_offspring"": 160.0}",b818e075ae67553041d654c3de223ee190a2aa493839f13774c03e44b5c1e710
sensitivity,execution.instruction_cost,0.05,execution.instruction_cost=0.05,7,36ad6da380056418,phase-zero-vm-0.2,phase-one-measurement-0.1,2000,31,20,1,31,1,2,1,1,2,1,2,2149,1,31,31,0,0.0,496,4,-1.02e-08,"{""vm_fault:division_without_complete_copy"": 1}","{""energy_captured"": 21008.45, ""energy_execution"": 107.45, ""energy_input"": 20000.0, ""energy_maintenance"": 12348.6, ""energy_released_on_death"": 8.45, ""energy_reproduction_cost"": 240.0, ""energy_transferred_to_offspring"": 160.0}",45e89c41fd1413a8af84b8ee9b19b0e7eec8f11e0966277af193ed93fa6217c3
sensitivity,execution.instruction_cost,0.05,execution.instruction_cost=0.05,8,e06f904adf74a3d2,phase-zero-vm-0.2,phase-one-measurement-0.1,2000,31,20,1,31,3,4,2,3,4,3,2,3157,0,30,30,0,0.0,496,4,-1.02e-08,"{""energy_exhausted_execution"": 1}","{""energy_captured"": 21000.0, ""energy_execution"": 157.65, ""energy_input"": 20000.0, ""energy_maintenance"": 12352.0, ""energy_released_on_death"": 0.0, ""energy_reproduction_cost"": 240.0, ""energy_transferred_to_offspring"": 160.0}",a4b791f7c0893a733268929c91eb581ecdd2dfd10a5b37631c9e450aba208a7e
sensitivity,execution.instruction_cost,0.05,execution.instruction_cost=0.05,9,1ae1f50134bf085d,phase-zero-vm-0.2,phase-one-measurement-0.1,2000,31,21,2,31,1,3,1,2,3,2,2,3109,1,31,31,0,0.0,496,4,-1.02e-08,"{""energy_exhausted_maintenance"": 1, ""vm_fault:invalid_register:7"": 1}","{""energy_captured"": 21008.55, ""energy_execution"": 155.45, ""energy_input"": 20000.0, ""energy_maintenance"": 12348.4, ""energy_released_on_death"": 8.55, ""energy_reproduction_cost"": 252.0, ""energy_transferred_to_offspring"": 168.0}",332b929fb15610e09b2801596ec7bfa9a3736e53460d3cc4d2a6aecbf74d52c5
sensitivity,execution.instruction_cost,0.05,execution.instruction_cost=0.05,10,a791c95105f7560e,phase-zero-vm-0.2,phase-one-measurement-0.1,2000,31,20,1,31,1,2,1,1,2,1,2,2142,1,31,31,0,0.0,496,4,-1.02e-08,"{""vm_fault:invalid_register:8"": 1}","{""energy_captured"": 21008.8, ""energy_execution"": 107.1, ""energy_input"": 20000.0, ""energy_maintenance"": 12352.0, ""energy_released_on_death"": 8.8, ""energy_reproduction_cost"": 240.0, ""energy_transferred_to_offspring"": 160.0}",d8d767ae6ef78e057a50efe8c19e3eaaf9d39a822200da62e85b463ca3d8d97f
sensitivity,execution.instruction_cost,0.05,execution.instruction_cost=0.05,11,0198bf9d5210f796,phase-zero-vm-0.2,phase-one-measurement-0.1,2000,31,19,0,31,1,1,1,1,1,0,2,2100,0,31,31,0,0.0,496,4,-1.02e-08,{},"{""energy_captured"": 21000.0, ""energy_execution"": 105.0, ""energy_input"": 20000.0, ""energy_maintenance"": 12352.0, ""energy_released_on_death"": 0.0, ""energy_reproduction_cost"": 228.0, ""energy_transferred_to_offspring"": 152.0}",62bc4ab9cf65adffd87ad89669b12756076a3bda4333b804f54209d073eda58c
sensitivity,execution.instruction_cost,0.05,execution.instruction_cost=0.05,12,2e3f6d80a2a8240a,phase-zero-vm-0.2,phase-one-measurement-0.1,2000,31,20,1,31,2,3,1,2,3,2,2,2183,1,31,31,0,0.0,496,4,-1.02e-08,"{""vm_fault:division_without_complete_copy"": 1}","{""energy_captured"": 21010.75, ""energy_execution"": 109.15, ""energy_input"": 20000.0, ""energy_maintenance"": 12349.6, ""energy_released_on_death"": 10.75, ""energy_reproduction_cost"": 240.0, ""energy_transferred_to_offspring"": 160.0}",523d7669427640fdb9ba8d8a2ca36ececc76fe731b9497d66fda54c7b8e58d35
sensitivity,execution.instruction_cost,0.05,execution.instruction_cost=0.05,13,1e7a16db551e1de5,phase-zero-vm-0.2,phase-one-measurement-0.1,2000,31,23,4,31,1,5,1,4,5,4,2,2343,4,31,31,0,0.0,496,4,-1.02e-08,"{""vm_fault:division_without_complete_copy"": 2, ""vm_fault:instruction_pointer_out_of_bounds:8"": 1, ""vm_fault:invalid_register:8"": 1}","{""energy_captured"": 21037.85, ""energy_execution"": 117.15, ""energy_input"": 20000.0, ""energy_maintenance"": 12342.4, ""energy_released_on_death"": 37.85, ""energy_reproduction_cost"": 276.0, ""energy_transferred_to_offspring"": 184.0}",4ef4da1efc78acf517e30d70996a73d3c18aabbaf40d935de799c8e13d4eabfe
sensitivity,execution.instruction_cost,0.05,execution.instruction_cost=0.05,14,3b9d67cff39b49a5,phase-zero-vm-0.2,phase-one-measurement-0.1,2000,31,21,2,31,1,3,1,2,3,2,2,2226,2,31,31,0,0.0,496,4,-1.02e-08,"{""vm_fault:instruction_pointer_out_of_bounds:8"": 1, ""vm_fault:invalid_memory_address:8"": 1}","{""energy_captured"": 21019.5, ""energy_execution"": 111.3, ""energy_input"": 20000.0, ""energy_maintenance"": 12346.2, ""energy_released_on_death"": 19.5, ""energy_reproduction_cost"": 252.0, ""energy_transferred_to_offspring"": 168.0}",250ef430f7b1772cb03f33ea1975f68fd45f8f4c657965b3a758dbda6992a271
sensitivity,execution.instruction_cost,0.05,execution.instruction_cost=0.05,15,3e9b9824608e1ac0,phase-zero-vm-0.2,phase-one-measurement-0.1,2000,31,22,3,31,1,4,1,3,4,3,2,2276,3,31,31,0,0.0,496,4,-1.02e-08,"{""vm_fault:division_without_complete_copy"": 1, ""vm_fault:invalid_program_address:248"": 1, ""vm_fault:invalid_program_address:8"": 1}","{""energy_captured"": 21027.9, ""energy_execution"": 113.8, ""energy_input"": 20000.0, ""energy_maintenance"": 12342.8, ""energy_released_on_death"": 27.9, ""energy_reproduction_cost"": 264.0, ""energy_transferred_to_offspring"": 176.0}",f87379af34c82efed95917bf725ab6672a4381243474bfd1ea984211fc9dd367
sensitivity,execution.instruction_cost,0.05,execution.instruction_cost=0.05,16,0b819d44294e1c09,phase-zero-vm-0.2,phase-one-measurement-0.1,2000,31,19,0,31,1,1,1,1,1,0,2,2100,0,31,31,0,0.0,496,4,-1.02e-08,{},"{""energy_captured"": 21000.0, ""energy_execution"": 105.0, ""energy_input"": 20000.0, ""energy_maintenance"": 12352.0, ""energy_released_on_death"": 0.0, ""energy_reproduction_cost"": 228.0, ""energy_transferred_to_offspring"": 152.0}",7b5126d968b3b34c6f16afe91d25f7989bc7b06fdf3f335d81d4906cdb316424
sensitivity,execution.instruction_cost,0.05,execution.instruction_cost=0.05,17,b2f5e47fcced7441,phase-zero-vm-0.2,phase-one-measurement-0.1,2000,31,20,1,31,1,2,1,1,2,1,2,3614,0,31,31,0,0.0,496,4,-1.02e-08,"{""energy_exhausted_execution"": 1}","{""energy_captured"": 21000.0, ""energy_execution"": 180.3, ""energy_input"": 20000.0, ""energy_maintenance"": 12352.0, ""energy_released_on_death"": 0.0, ""energy_reproduction_cost"": 240.0, ""energy_transferred_to_offspring"": 160.0}",937d55afa561a517599e5a665e2c6a9ae28462843656172ae9adb8e9e3cf3246
sensitivity,execution.instruction_cost,0.05,execution.instruction_cost=0.05,18,00503b7ec207c861,phase-zero-vm-0.2,phase-one-measurement-0.1,2000,31,19,0,31,2,2,1,1,2,1,2,2100,0,30,30,0,0.0,496,4,-1.02e-08,{},"{""energy_captured"": 21000.0, ""energy_execution"": 105.0, ""energy_input"": 20000.0, ""energy_maintenance"": 12352.0, ""energy_released_on_death"": 0.0, ""energy_reproduction_cost"": 228.0, ""energy_transferred_to_offspring"": 152.0}",25cd5755aa3db242986227e2a72f9945856ad43c22dac02d8ca34893644ab883
sensitivity,execution.instruction_cost,0.05,execution.instruction_cost=0.05,19,4ad7c4ce55fba492,phase-zero-vm-0.2,phase-one-measurement-0.1,2000,31,21,2,31,1,3,1,2,3,2,2,2268,2,31,31,0,0.0,496,4,-1.02e-08,"{""vm_fault:instruction_pointer_out_of_bounds:8"": 1, ""vm_fault:invalid_program_address:8"": 1}","{""energy_captured"": 21021.4, ""energy_execution"": 113.4, ""energy_input"": 20000.0, ""energy_maintenance"": 12349.6, ""energy_released_on_death"": 21.4, ""energy_reproduction_cost"": 252.0, ""energy_transferred_to_offspring"": 168.0}",dcc31d8086a1f48e17054e62dc201f354df689d5a1478ec6f24afb78bb1e260f
sensitivity,execution.instruction_cost,0.05,execution.instruction_cost=0.05,20,7459e1b194d0a7f9,phase-zero-vm-0.2,phase-one-measurement-0.1,2000,31,22,3,31,1,4,1,3,4,3,2,2280,3,31,31,0,0.0,496,4,-1.02e-08,"{""vm_fault:division_without_complete_copy"": 1, ""vm_fault:invalid_program_address:8"": 1, ""vm_fault:invalid_register:7"": 1}","{""energy_captured"": 21027.7, ""energy_execution"": 114.0, ""energy_input"": 20000.0, ""energy_maintenance"": 12346.2, ""energy_released_on_death"": 27.7, ""energy_reproduction_cost"": 264.0, ""energy_transferred_to_offspring"": 176.0}",e411e80f5b788490d5ca6606e1785e3183be917384af019c6806284e1fa721f7
sensitivity,execution.instruction_cost,0.05,execution.instruction_cost=0.05,21,6ac916025e145a5d,phase-zero-vm-0.2,phase-one-measurement-0.1,2000,31,20,1,31,1,2,1,1,2,1,2,2149,1,31,31,0,0.0,496,4,-1.02e-08,"{""vm_fault:invalid_program_address:255"": 1}","{""energy_captured"": 21008.45, ""energy_execution"": 107.45, ""energy_input"": 20000.0, ""energy_maintenance"": 12352.0, ""energy_released_on_death"": 8.45, ""energy_reproduction_cost"": 240.0, ""energy_transferred_to_offspring"": 160.0}",96e43f53317c9fa4570f56c4ba013bf722767e6ba32f41850301caf1c85fedd6
sensitivity,execution.instruction_cost,0.05,execution.instruction_cost=0.05,22,d502fb069a160b2a,phase-zero-vm-0.2,phase-one-measurement-0.1,2000,31,20,1,31,1,2,1,1,2,1,2,2148,1,31,31,0,0.0,496,4,-1.02e-08,"{""vm_fault:division_without_complete_copy"": 1}","{""energy_captured"": 21008.5, ""energy_execution"": 107.4, ""energy_input"": 20000.0, ""energy_maintenance"": 12348.6, ""energy_released_on_death"": 8.5, ""energy_reproduction_cost"": 240.0, ""energy_transferred_to_offspring"": 160.0}",358bb23363dc3fde4d75ec16eb806c8575e53a264fcbeb1e70a99fe0f19c887c
sensitivity,execution.instruction_cost,0.05,execution.instruction_cost=0.05,23,e4b38c015164d2de,phase-zero-vm-0.2,phase-one-measurement-0.1,2000,31,20,1,31,2,3,2,2,3,2,2,2183,1,31,31,0,0.0,496,4,-1.02e-08,"{""vm_fault:division_without_complete_copy"": 1}","{""energy_captured"": 21010.75, ""energy_execution"": 109.15, ""energy_input"": 20000.0, ""energy_maintenance"": 12349.6, ""energy_released_on_death"": 10.75, ""energy_reproduction_cost"": 240.0, ""energy_transferred_to_offspring"": 160.0}",0d359d45c44e0185928b8c6698c8243128d6bbfcf93ad3483554b889578b5c26
sensitivity,execution.instruction_cost,0.05,execution.instruction_cost=0.05,24,e00072311fde385a,phase-zero-vm-0.2,phase-one-measurement-0.1,2000,31,21,2,31,1,3,1,2,3,2,2,2233,2,31,31,0,0.0,496,4,-1.02e-08,"{""vm_fault:division_without_complete_copy"": 1, ""vm_fault:invalid_program_address:8"": 1}","{""energy_captured"": 21019.15, ""energy_execution"": 111.65, ""energy_input"": 20000.0, ""energy_maintenance"": 12349.6, ""energy_released_on_death"": 19.15, ""energy_reproduction_cost"": 252.0, ""energy_transferred_to_offspring"": 168.0}",4909f1630b3b2c5f55606b9b3506c220046910cba0043b6717101fbb40e18ff9
sensitivity,execution.instruction_cost,0.05,execution.instruction_cost=0.05,25,291f1f48f94d9c1a,phase-zero-vm-0.2,phase-one-measurement-0.1,2000,31,20,1,31,1,2,1,1,2,1,2,2184,1,31,31,0,0.0,496,4,-1.02e-08,"{""vm_fault:instruction_pointer_out_of_bounds:8"": 1}","{""energy_captured"": 21010.7, ""energy_execution"": 109.2, ""energy_input"": 20000.0, ""energy_maintenance"": 12352.0, ""energy_released_on_death"": 10.7, ""energy_reproduction_cost"": 240.0, ""energy_transferred_to_offspring"": 160.0}",1a283152693b78c49b29dc7684f6bc6eeb55beb5331111c4f760d714990c3c93
sensitivity,execution.instruction_cost,0.05,execution.instruction_cost=0.05,26,9c8bcc6c9cf24143,phase-zero-vm-0.2,phase-one-measurement-0.1,2000,31,20,1,31,2,3,2,2,3,2,2,3278,0,30,30,0,0.0,496,4,-1.02e-08,"{""energy_exhausted_execution"": 1}","{""energy_captured"": 21000.0, ""energy_execution"": 163.7, ""energy_input"": 20000.0, ""energy_maintenance"": 12351.8, ""energy_released_on_death"": 0.0, ""energy_reproduction_cost"": 240.0, ""energy_transferred_to_offspring"": 160.0}",539d68810ea9cc4966ae9b0b6a7538f0fbb01b7c0e8bd51b4037519810a6f64d
sensitivity,execution.instruction_cost,0.05,execution.instruction_cost=0.05,27,08f7a7d4e510f96a,phase-zero-vm-0.2,phase-one-measurement-0.1,2000,31,20,1,31,1,2,1,1,2,1,2,2168,1,31,31,0,0.0,496,4,-1.02e-08,"{""vm_fault:division_without_complete_copy"": 1}","{""energy_captured"": 21009.9, ""energy_execution"": 108.4, ""energy_input"": 20000.0, ""energy_maintenance"": 12349.2, ""energy_released_on_death"": 9.9, ""energy_reproduction_cost"": 240.0, ""energy_transferred_to_offspring"": 160.0}",800e573914a2787cbb0d7c2628c3ff0b9502844febcc074f28776428f0947bcc
sensitivity,execution.instruction_cost,0.05,execution.instruction_cost=0.05,28,32f27cd4cf9c699d,phase-zero-vm-0.2,phase-one-measurement-0.1,2000,31,20,1,31,1,2,1,1,2,1,2,2181,1,31,31,0,0.0,496,4,-1.02e-08,"{""vm_fault:invalid_program_address:8"": 1}","{""energy_captured"": 21010.05, ""energy_execution"": 109.05, ""energy_input"": 20000.0, ""energy_maintenance"": 12349.4, ""energy_released_on_death"": 10.05, ""energy_reproduction_cost"": 240.0, ""energy_transferred_to_offspring"": 160.0}",37f69143d05aa9dea5f4c8b0ec503881ac43f079730bf1f22542e7d3fef8a475
sensitivity,execution.instruction_cost,0.05,execution.instruction_cost=0.05,29,a7ca645643b0ee72,phase-zero-vm-0.2,phase-one-measurement-0.1,2000,31,21,2,31,1,3,1,2,3,2,2,2196,2,31,31,0,0.0,496,4,-1.02e-08,"{""vm_fault:division_without_complete_copy"": 1, ""vm_fault:invalid_register:7"": 1}","{""energy_captured"": 21017.0, ""energy_execution"": 109.8, ""energy_input"": 20000.0, ""energy_maintenance"": 12345.2, ""energy_released_on_death"": 17.0, ""energy_reproduction_cost"": 252.0, ""energy_transferred_to_offspring"": 168.0}",cc1c2d7d270776cb609bc07093215b72c6168453f1c91434a8dd3aa7ea2797ee
sensitivity,execution.instruction_cost,0.05,execution.instruction_cost=0.05,30,c0963953ad59834f,phase-zero-vm-0.2,phase-one-measurement-0.1,2000,31,21,2,31,1,3,1,2,3,2,2,3385,1,31,31,0,0.0,496,4,-1.02e-08,"{""energy_exhausted_maintenance"": 1, ""vm_fault:division_without_complete_copy"": 1}","{""energy_captured"": 21010.75, ""energy_execution"": 169.25, ""energy_input"": 20000.0, ""energy_maintenance"": 12349.4, ""energy_released_on_death"": 10.75, ""energy_reproduction_cost"": 252.0, ""energy_transferred_to_offspring"": 168.0}",8cf8badefee2b3ce61e2a39bc44d59ce93fa7826982c65eb1f92e1bebf374fcd
sensitivity,execution.instruction_cost,0.1,execution.instruction_cost=0.1,1,5edbce5a300db5f7,phase-zero-vm-0.2,phase-one-measurement-0.1,2000,31,22,3,31,1,4,1,3,4,3,2,2313,3,31,31,0,0.0,496,4,-1.02e-08,"{""vm_fault:division_without_complete_copy"": 1, ""vm_fault:invalid_program_address:8"": 2}","{""energy_captured"": 21025.7, ""energy_execution"": 231.3, ""energy_input"": 20000.0, ""energy_maintenance"": 12340.8, ""energy_released_on_death"": 25.7, ""energy_reproduction_cost"": 264.0, ""energy_transferred_to_offspring"": 176.0}",6f1f95644d6c2da092bdf324796701bcc6c4bfccc20501e140113a2fad2f2e3b
sensitivity,execution.instruction_cost,0.1,execution.instruction_cost=0.1,2,5acc980d5917c478,phase-zero-vm-0.2,phase-one-measurement-0.1,2000,31,19,0,31,2,2,1,1,2,1,2,2100,0,31,31,0,0.0,496,4,-1.02e-08,{},"{""energy_captured"": 21000.0, ""energy_execution"": 210.0, ""energy_input"": 20000.0, ""energy_maintenance"": 12347.8, ""energy_released_on_death"": 0.0, ""energy_reproduction_cost"": 228.0, ""energy_transferred_to_offspring"": 152.0}",01ee94ac53d73619cbd3645c1e1eed761473289257adb12eaceb68017b00f2ca
sensitivity,execution.instruction_cost,0.1,execution.instruction_cost=0.1,3,358ead8e12c4b582,phase-zero-vm-0.2,phase-one-measurement-0.1,2000,31,20,1,31,1,2,1,1,2,1,2,2710,0,31,31,0,0.0,496,4,-1.02e-08,"{""energy_exhausted_maintenance"": 1}","{""energy_captured"": 21000.0, ""energy_execution"": 271.0, ""energy_input"": 20000.0, ""energy_maintenance"": 12347.6, ""energy_released_on_death"": 0.0, ""energy_reproduction_cost"": 240.0, ""energy_transferred_to_offspring"": 160.0}",2d5cdb67209770a8f6644713d26271be01acd7858a809759fef3cfebaa926932
sensitivity,execution.instruction_cost,0.1,execution.instruction_cost=0.1,4,952fe265f074e03a,phase-zero-vm-0.2,phase-one-measurement-0.1,2000,31,20,1,31,1,2,1,1,2,1,2,2149,1,31,31,0,0.0,496,4,-1.02e-08,"{""vm_fault:division_without_complete_copy"": 1}","{""energy_captured"": 21008.1, ""energy_execution"": 214.9, ""energy_input"": 20000.0, ""energy_maintenance"": 12347.8, ""energy_released_on_death"": 8.1, ""energy_reproduction_cost"": 240.0, ""energy_transferred_to_offspring"": 160.0}",f302c911af746cdf9cf620224d54c432d3d75d391b3aa1eb579352dc92c53205
sensitivity,execution.instruction_cost,0.1,execution.instruction_cost=0.1,5,eb91ee5522844c73,phase-zero-vm-0.2,phase-one-measurement-0.1,2000,31,19,0,31,1,1,1,1,1,0,2,2100,0,31,31,0,0.0,496,4,-1.02e-08,{},"{""energy_captured"": 21000.0, ""energy_execution"": 210.0, ""energy_input"": 20000.0, ""energy_maintenance"": 12347.8, ""energy_released_on_death"": 0.0, ""energy_reproduction_cost"": 228.0, ""energy_transferred_to_offspring"": 152.0}",0d0645272d8a147f0fc5fb6cccf64bc4226dbbb820f98911a7b6aace2ab273fb
sensitivity,execution.instruction_cost,0.1,execution.instruction_cost=0.1,6,7e98c0109184a684,phase-zero-vm-0.2,phase-one-measurement-0.1,2000,31,19,0,31,1,1,1,1,1,0,2,2100,0,31,31,0,0.0,496,4,-1.02e-08,{},"{""energy_captured"": 21000.0, ""energy_execution"": 210.0, ""energy_input"": 20000.0, ""energy_maintenance"": 12347.8, ""energy_released_on_death"": 0.0, ""energy_reproduction_cost"": 228.0, ""energy_transferred_to_offspring"": 152.0}",e027ee2589a5b524db71dceb3d6fe580e75a6c66dacc2b8664ee1f594849e963
sensitivity,execution.instruction_cost,0.1,execution.instruction_cost=0.1,7,f19e0e2ac2b4e057,phase-zero-vm-0.2,phase-one-measurement-0.1,2000,31,20,1,31,1,2,1,1,2,1,2,2149,1,31,31,0,0.0,496,4,-1.02e-08,"{""vm_fault:division_without_complete_copy"": 1}","{""energy_captured"": 21008.1, ""energy_execution"": 214.9, ""energy_input"": 20000.0, ""energy_maintenance"": 12343.8, ""energy_released_on_death"": 8.1, ""energy_reproduction_cost"": 240.0, ""energy_transferred_to_offspring"": 160.0}",96bcb6dffa1f35aae3ca46e6c2bcf89609b225eaec0ac858ef22e8c3744e0015
sensitivity,execution.instruction_cost,0.1,execution.instruction_cost=0.1,8,054a90a14bc77169,phase-zero-vm-0.2,phase-one-measurement-0.1,2000,31,20,1,31,2,3,1,2,3,2,2,2662,0,31,31,0,0.0,496,4,-1.02e-08,"{""energy_exhausted_maintenance"": 1}","{""energy_captured"": 21000.0, ""energy_execution"": 266.2, ""energy_input"": 20000.0, ""energy_maintenance"": 12347.6, ""energy_released_on_death"": 0.0, ""energy_reproduction_cost"": 240.0, ""energy_transferred_to_offspring"": 160.0}",d38df1e5cccddf6bf7615f0df3e88c9afc5af4b7b96a8b7084a70e1c7b8537e7
sensitivity,execution.instruction_cost,0.1,execution.instruction_cost=0.1,9,de98ea89901c503a,phase-zero-vm-0.2,phase-one-measurement-0.1,2000,31,20,1,31,1,2,1,1,2,1,2,2147,1,31,31,0,0.0,496,4,-1.02e-08,"{""vm_fault:invalid_register:7"": 1}","{""energy_captured"": 21008.3, ""energy_execution"": 214.7, ""energy_input"": 20000.0, ""energy_maintenance"": 12343.8, ""energy_released_on_death"": 8.3, ""energy_reproduction_cost"": 240.0, ""energy_transferred_to_offspring"": 160.0}",79d700ed6c07c3a613516e74a0d8d20c8f5cdb2476a2ffa75b8f17f9a1acc256
sensitivity,execution.instruction_cost,0.1,execution.instruction_cost=0.1,10,3b18df4c18b46de2,phase-zero-vm-0.2,phase-one-measurement-0.1,2000,31,20,1,31,1,2,1,1,2,1,2,2142,1,31,31,0,0.0,496,4,-1.02e-08,"{""vm_fault:invalid_register:8"": 1}","{""energy_captured"": 21008.8, ""energy_execution"": 214.2, ""energy_input"": 20000.0, ""energy_maintenance"": 12347.8, ""energy_released_on_death"": 8.8, ""energy_reproduction_cost"": 240.0, ""energy_transferred_to_offspring"": 160.0}",84013bbfb6e63c62d963ab313b582bb49e82ee36c9ff6f0b1bf9e73ada515d3b
sensitivity,execution.instruction_cost,0.1,execution.instruction_cost=0.1,11,aa19ae282b6226f0,phase-zero-vm-0.2,phase-one-measurement-0.1,2000,31,19,0,31,1,1,1,1,1,0,2,2100,0,31,31,0,0.0,496,4,-1.02e-08,{},"{""energy_captured"": 21000.0, ""energy_execution"": 210.0, ""energy_input"": 20000.0, ""energy_maintenance"": 12347.8, ""energy_released_on_death"": 0.0, ""energy_reproduction_cost"": 228.0, ""energy_transferred_to_offspring"": 152.0}",05fa23d239e8a3c9161e6933592718bebaff287190751633a76680c55785787c
sensitivity,execution.instruction_cost,0.1,execution.instruction_cost=0.1,12,695fc9bf688bf741,phase-zero-vm-0.2,phase-one-measurement-0.1,2000,31,20,1,31,2,3,1,2,3,2,2,2183,1,31,31,0,0.0,496,4,-1.02e-08,"{""vm_fault:division_without_complete_copy"": 1}","{""energy_captured"": 21008.7, ""energy_execution"": 218.3, ""energy_input"": 20000.0, ""energy_maintenance"": 12344.8, ""energy_released_on_death"": 8.7, ""energy_reproduction_cost"": 240.0, ""energy_transferred_to_offspring"": 160.0}",246b035d485e226f4bd6df0be38119911b6280c922d706620a9b5e0b8864114d
sensitivity,execution.instruction_cost,0.1,execution.instruction_cost=0.1,13,c8e270eea9819618,phase-zero-vm-0.2,phase-one-measurement-0.1,2000,31,24,5,31,1,6,1,5,6,5,2,2426,5,31,31,0,0.0,496,4,-1.02e-08,"{""vm_fault:division_without_complete_copy"": 2, ""vm_fault:instruction_pointer_out_of_bounds:8"": 1, ""vm_fault:invalid_program_address:8"": 1, ""vm_fault:invalid_register:8"": 1}","{""energy_captured"": 21042.8, ""energy_execution"": 242.6, ""energy_input"": 20000.0, ""energy_maintenance"": 12335.8, ""energy_released_on_death"": 42.8, ""energy_reproduction_cost"": 288.0, ""energy_transferred_to_offspring"": 192.0}",09be0d855fc5f6528cdc96059a3f4221b3686b3faea800063ebbd21ed6696f4a
sensitivity,execution.instruction_cost,0.1,execution.instruction_cost=0.1,14,c1620699c00dacaf,phase-zero-vm-0.2,phase-one-measurement-0.1,2000,31,21,2,31,1,3,1,2,3,2,2,2226,2,31,31,0,0.0,496,4,-1.02e-08,"{""vm_fault:instruction_pointer_out_of_bounds:8"": 1, ""vm_fault:invalid_memory_address:8"": 1}","{""energy_captured"": 21017.4, ""energy_execution"": 222.6, ""energy_input"": 20000.0, ""energy_maintenance"": 12340.8, ""energy_released_on_death"": 17.4, ""energy_reproduction_cost"": 252.0, ""energy_transferred_to_offspring"": 168.0}",b7a0952eac8e14eb39418e7fcac12ddeaab4d204cd8671a2cb8ac63096a8f513
sensitivity,execution.instruction_cost,0.1,execution.instruction_cost=0.1,15,e7835606e664f7a1,phase-zero-vm-0.2,phase-one-measurement-0.1,2000,31,22,3,31,1,4,1,3,4,3,2,2276,3,31,31,0,0.0,496,4,-1.02e-08,"{""vm_fault:division_without_complete_copy"": 1, ""vm_fault:invalid_program_address:248"": 1, ""vm_fault:invalid_program_address:8"": 1}","{""energy_captured"": 21025.4, ""energy_execution"": 227.6, ""energy_input"": 20000.0, ""energy_maintenance"": 12336.2, ""energy_released_on_death"": 25.4, ""energy_reproduction_cost"": 264.0, ""energy_transferred_to_offspring"": 176.0}",79b673053a1c9bfd8952df7c4d8bf02fbbae5f7d22f7369d826db0e22fe9d8a5
sensitivity,execution.instruction_cost,0.1,execution.instruction_cost=0.1,16,86a1dbaf2fdd8219,phase-zero-vm-0.2,phase-one-measurement-0.1,2000,31,20,1,31,1,2,1,1,2,1,2,2149,1,31,31,0,0.0,496,4,-1.02e-08,"{""vm_fault:invalid_program_address:8"": 1}","{""energy_captured"": 21008.1, ""energy_execution"": 214.9, ""energy_input"": 20000.0, ""energy_maintenance"": 12347.8, ""energy_released_on_death"": 8.1, ""energy_reproduction_cost"": 240.0, ""energy_transferred_to_offspring"": 160.0}",7cfc0bb8bb9e28f2d79b0e792b53d24bceecb0bb287ab833648f6d0a898ea624
sensitivity,execution.instruction_cost,0.1,execution.instruction_cost=0.1,17,5e9596ec86724238,phase-zero-vm-0.2,phase-one-measurement-0.1,2000,31,20,1,31,1,2,1,1,2,1,3,2662,0,31,31,0,0.0,496,4,-1.02e-08,"{""energy_exhausted_maintenance"": 1}","{""energy_captured"": 21000.0, ""energy_execution"": 266.2, ""energy_input"": 20000.0, ""energy_maintenance"": 12347.6, ""energy_released_on_death"": 0.0, ""energy_reproduction_cost"": 240.0, ""energy_transferred_to_offspring"": 160.0}",ebc5b1b9ea4a68342bf5cda3a06591b61757f98e1b86b1aff835e45401c999b2
sensitivity,execution.instruction_cost,0.1,execution.instruction_cost=0.1,18,9ed63a5c1f89972f,phase-zero-vm-0.2,phase-one-measurement-0.1,2000,31,20,1,31,2,3,2,2,3,2,2,2149,1,30,30,0,0.0,496,4,-1.02e-08,"{""vm_fault:invalid_program_address:255"": 1}","{""energy_captured"": 21008.1, ""energy_execution"": 214.9, ""energy_input"": 20000.0, ""energy_maintenance"": 12347.8, ""energy_released_on_death"": 8.1, ""energy_reproduction_cost"": 240.0, ""energy_transferred_to_offspring"": 160.0}",95c66b40e88c7450f1286958788e416494468e68ee81b987991da99151a23cc9
sensitivity,execution.instruction_cost,0.1,execution.instruction_cost=0.1,19,0acfc823570d7fbb,phase-zero-vm-0.2,phase-one-measurement-0.1,2000,31,21,2,31,1,3,1,2,3,2,2,2268,2,31,31,0,0.0,496,4,-1.02e-08,"{""vm_fault:instruction_pointer_out_of_bounds:8"": 1, ""vm_fault:invalid_program_address:8"": 1}","{""energy_captured"": 21017.2, ""energy_execution"": 226.8, ""energy_input"": 20000.0, ""energy_maintenance"": 12344.8, ""energy_released_on_death"": 17.2, ""energy_reproduction_cost"": 252.0, ""energy_transferred_to_offspring"": 168.0}",3c66c649828fd117e9e04f645c4c252e2630d1419267ac93ca0800eb09259982
sensitivity,execution.instruction_cost,0.1,execution.instruction_cost=0.1,20,2068c76a5828a6b2,phase-zero-vm-0.2,phase-one-measurement-0.1,2000,31,22,3,31,1,4,1,3,4,3,2,2280,3,31,31,0,0.0,496,4,-1.02e-08,"{""vm_fault:division_without_complete_copy"": 1, ""vm_fault:invalid_program_address:8"": 1, ""vm_fault:invalid_register:7"": 1}","{""energy_captured"": 21025.0, ""energy_execution"": 228.0, ""energy_input"": 20000.0, ""energy_maintenance"": 12340.8, ""energy_released_on_death"": 25.0, ""energy_reproduction_cost"": 264.0, ""energy_transferred_to_offspring"": 176.0}",90a4731a702a045949de027df9a4bee0de497ddf1d320d548315769038a26692
sensitivity,execution.instruction_cost,0.1,execution.instruction_cost=0.1,21,f5f76f92cac5d2b2,phase-zero-vm-0.2,phase-one-measurement-0.1,2000,31,19,0,31,1,1,1,1,1,0,2,2100,0,31,31,0,0.0,496,4,-1.02e-08,{},"{""energy_captured"": 21000.0, ""energy_execution"": 210.0, ""energy_input"": 20000.0, ""energy_maintenance"": 12347.8, ""energy_released_on_death"": 0.0, ""energy_reproduction_cost"": 228.0, ""energy_transferred_to_offspring"": 152.0}",2cb68609447d49b3793446cccc4c08858d633d86bb417027630d7053387d14b2
sensitivity,execution.instruction_cost,0.1,execution.instruction_cost=0.1,22,6328c42c54a6f78e,phase-zero-vm-0.2,phase-one-measurement-0.1,2000,31,21,2,31,1,3,1,2,3,2,2,2191,2,31,31,0,0.0,496,4,-1.02e-08,"{""vm_fault:division_without_complete_copy"": 2}","{""energy_captured"": 21016.9, ""energy_execution"": 219.1, ""energy_input"": 20000.0, ""energy_maintenance"": 12343.8, ""energy_released_on_death"": 16.9, ""energy_reproduction_cost"": 252.0, ""energy_transferred_to_offspring"": 168.0}",a57cab0a586dc5d142abc78841c6f3d8b37d5bf2841db3d27936b758121684e0
sensitivity,execution.instruction_cost,0.1,execution.instruction_cost=0.1,23,fe9fbc658884921a,phase-zero-vm-0.2,phase-one-measurement-0.1,2000,31,20,1,31,2,3,2,2,3,2,2,2183,1,31,31,0,0.0,496,4,-1.02e-08,"{""vm_fault:division_without_complete_copy"": 1}","{""energy_captured"": 21008.7, ""energy_execution"": 218.3, ""energy_input"": 20000.0, ""energy_maintenance"": 12344.8, ""energy_released_on_death"": 8.7, ""energy_reproduction_cost"": 240.0, ""energy_transferred_to_offspring"": 160.0}",76237419df5fafffdae1bf2247d338b6af4db4f9a479515ae709c275421fc865
sensitivity,execution.instruction_cost,0.1,execution.instruction_cost=0.1,24,2221e83b388a8c48,phase-zero-vm-0.2,phase-one-measurement-0.1,2000,31,20,1,31,1,2,1,1,2,1,2,2184,1,31,31,0,0.0,496,4,-1.02e-08,"{""vm_fault:invalid_program_address:8"": 1}","{""energy_captured"": 21008.6, ""energy_execution"": 218.4, ""energy_input"": 20000.0, ""energy_maintenance"": 12344.8, ""energy_released_on_death"": 8.6, ""energy_reproduction_cost"": 240.0, ""energy_transferred_to_offspring"": 160.0}",f6cb06f51136dff55828fbb530618c3265b724bbc5128a7a376ccd563867f17e
sensitivity,execution.instruction_cost,0.1,execution.instruction_cost=0.1,25,b1d5352e59d4699a,phase-zero-vm-0.2,phase-one-measurement-0.1,2000,31,19,0,31,1,1,1,1,1,0,2,2100,0,31,31,0,0.0,496,4,-1.02e-08,{},"{""energy_captured"": 21000.0, ""energy_execution"": 210.0, ""energy_input"": 20000.0, ""energy_maintenance"": 12347.8, ""energy_released_on_death"": 0.0, ""energy_reproduction_cost"": 228.0, ""energy_transferred_to_offspring"": 152.0}",8c53a3064743ae5a19a4a78b4874db4ab334900842643998a7fae614ce32679c
sensitivity,execution.instruction_cost,0.1,execution.instruction_cost=0.1,26,68892a7dde48d9d8,phase-zero-vm-0.2,phase-one-measurement-0.1,2000,31,20,1,31,2,3,2,2,3,2,2,2630,0,30,30,0,0.0,496,4,-1.02e-08,"{""energy_exhausted_maintenance"": 1}","{""energy_captured"": 21000.0, ""energy_execution"": 263.0, ""energy_input"": 20000.0, ""energy_maintenance"": 12347.6, ""energy_released_on_death"": 0.0, ""energy_reproduction_cost"": 240.0, ""energy_transferred_to_offspring"": 160.0}",facf083f339f8f388e5146afb4dd478e04db00406f555902eb526335cd80214e
sensitivity,execution.instruction_cost,0.1,execution.instruction_cost=0.1,27,2434b24a556a3f30,phase-zero-vm-0.2,phase-one-measurement-0.1,2000,31,20,1,31,1,2,1,1,2,1,2,2168,1,31,31,0,0.0,496,4,-1.02e-08,"{""vm_fault:division_without_complete_copy"": 1}","{""energy_captured"": 21008.6, ""energy_execution"": 216.8, ""energy_input"": 20000.0, ""energy_maintenance"": 12344.4, ""energy_released_on_death"": 8.6, ""energy_reproduction_cost"": 240.0, ""energy_transferred_to_offspring"": 160.0}",d931c77de17e427de16c5c41d134672e6eb4abf9ca9f2073648c514e220d0698
sensitivity,execution.instruction_cost,0.1,execution.instruction_cost=0.1,28,f6624819418e9c9e,phase-zero-vm-0.2,phase-one-measurement-0.1,2000,31,20,1,31,1,2,1,1,2,1,2,2181,1,31,31,0,0.0,496,4,-1.02e-08,"{""vm_fault:invalid_program_address:8"": 1}","{""energy_captured"": 21008.1, ""energy_execution"": 218.1, ""energy_input"": 20000.0, ""energy_maintenance"": 12344.6, ""energy_released_on_death"": 8.1, ""energy_reproduction_cost"": 240.0, ""energy_transferred_to_offspring"": 160.0}",28af5e0d35da0f371b1efe6dcebc85a9c6a1ae6f1552168866919d43e713d36a
sensitivity,execution.instruction_cost,0.1,execution.instruction_cost=0.1,29,d5560b13c5f0cb41,phase-zero-vm-0.2,phase-one-measurement-0.1,2000,31,22,3,31,1,4,1,3,4,3,2,2598,2,31,31,0,0.0,496,4,-1.02e-08,"{""energy_exhausted_maintenance"": 1, ""vm_fault:division_without_complete_copy"": 1, ""vm_fault:invalid_register:7"": 1}","{""energy_captured"": 21016.4, ""energy_execution"": 259.8, ""energy_input"": 20000.0, ""energy_maintenance"": 12339.6, ""energy_released_on_death"": 16.4, ""energy_reproduction_cost"": 264.0, ""energy_transferred_to_offspring"": 176.0}",1a50e0a9845e1a66d3bdec6090d09ba9c8289d1adc4cbcf8141042ba96b6cd3a
sensitivity,execution.instruction_cost,0.1,execution.instruction_cost=0.1,30,39227fa134d3b1f2,phase-zero-vm-0.2,phase-one-measurement-0.1,2000,31,21,2,31,1,3,1,2,3,2,3,2753,1,31,31,0,0.0,496,4,-1.02e-08,"{""energy_exhausted_maintenance"": 1, ""vm_fault:division_without_complete_copy"": 1}","{""energy_captured"": 21008.7, ""energy_execution"": 275.3, ""energy_input"": 20000.0, ""energy_maintenance"": 12344.6, ""energy_released_on_death"": 8.7, ""energy_reproduction_cost"": 252.0, ""energy_transferred_to_offspring"": 168.0}",1e0fd69f5bd9bc7d02f255b14efb6276428033f0f4368fc52e9197fe03594c9c
sensitivity,execution.maintenance_cost,0.1,execution.maintenance_cost=0.1,1,f389bf5b5204dd6b,phase-zero-vm-0.2,phase-one-measurement-0.1,2000,31,22,3,31,1,4,1,3,4,3,2,2313,3,31,31,0,0.0,496,4,-4.4e-09,"{""vm_fault:division_without_complete_copy"": 1, ""vm_fault:invalid_program_address:8"": 2}","{""energy_captured"": 21031.35, ""energy_execution"": 115.65, ""energy_input"": 20000.0, ""energy_maintenance"": 6174.9, ""energy_released_on_death"": 31.35, ""energy_reproduction_cost"": 264.0, ""energy_transferred_to_offspring"": 176.0}",c8d11e78c500cb9a1be6faae39a34fd90649697e97d33f6b653cd0f595a26bde
sensitivity,execution.maintenance_cost,0.1,execution.maintenance_cost=0.1,2,e2fea3b0a31345dd,phase-zero-vm-0.2,phase-one-measurement-0.1,2000,31,20,1,31,2,3,1,2,3,2,2,2183,1,31,31,0,0.0,496,4,-4.4e-09,"{""vm_fault:division_without_complete_copy"": 1}","{""energy_captured"": 21011.35, ""energy_execution"": 109.15, ""energy_input"": 20000.0, ""energy_maintenance"": 6177.4, ""energy_released_on_death"": 11.35, ""energy_reproduction_cost"": 240.0, ""energy_transferred_to_offspring"": 160.0}",9641335a20a5c099d1e2db03fe69166eab02b7891391d21c9f24c7bc91e4f969
sensitivity,execution.maintenance_cost,0.1,execution.maintenance_cost=0.1,3,0f9125cebaeec44f,phase-zero-vm-0.2,phase-one-measurement-0.1,2000,31,20,1,31,1,2,1,1,2,1,2,4174,0,31,31,0,0.0,496,4,-4.4e-09,"{""energy_exhausted_maintenance"": 1}","{""energy_captured"": 21000.0, ""energy_execution"": 208.7, ""energy_input"": 20000.0, ""energy_maintenance"": 6177.3, ""energy_released_on_death"": 0.0, ""energy_reproduction_cost"": 240.0, ""energy_transferred_to_offspring"": 160.0}",bbfea3564e21d3a85641efddca075741a1011a7d7054665d10da8dc4248d8d70
sensitivity,execution.maintenance_cost,0.1,execution.maintenance_cost=0.1,4,a8f00870c3644e9f,phase-zero-vm-0.2,phase-one-measurement-0.1,2000,31,19,0,31,1,1,1,1,1,0,2,2100,0,31,31,0,0.0,496,4,-4.4e-09,{},"{""energy_captured"": 21000.0, ""energy_execution"": 105.0, ""energy_input"": 20000.0, ""energy_maintenance"": 6177.4, ""energy_released_on_death"": 0.0, ""energy_reproduction_cost"": 228.0, ""energy_transferred_to_offspring"": 152.0}",9c90e109747e001c12caddd7317413bf890b54b0c4a98ec328b4c828076dbd16
sensitivity,execution.maintenance_cost,0.1,execution.maintenance_cost=0.1,5,d4e5ae15182d04dc,phase-zero-vm-0.2,phase-one-measurement-0.1,2000,31,19,0,31,1,1,1,1,1,0,2,2100,0,31,31,0,0.0,496,4,-4.4e-09,{},"{""energy_captured"": 21000.0, ""energy_execution"": 105.0, ""energy_input"": 20000.0, ""energy_maintenance"": 6177.4, ""energy_released_on_death"": 0.0, ""energy_reproduction_cost"": 228.0, ""energy_transferred_to_offspring"": 152.0}",3368310f886c96e85f54b897f07f4b8aa94cc31a38ff3259a4d5043b50de49aa
sensitivity,execution.maintenance_cost,0.1,execution.maintenance_cost=0.1,6,45887a1d7076f415,phase-zero-vm-0.2,phase-one-measurement-0.1,2000,31,21,2,31,1,3,1,2,3,2,2,2193,2,31,31,0,0.0,496,4,-4.4e-09,"{""vm_fault:division_without_complete_copy"": 1, ""vm_fault:invalid_program_address:255"": 1}","{""energy_captured"": 21017.35, ""energy_execution"": 109.65, ""energy_input"": 20000.0, ""energy_maintenance"": 6177.4, ""energy_released_on_death"": 17.35, ""energy_reproduction_cost"": 252.0, ""energy_transferred_to_offspring"": 168.0}",109756aca7c4d23879db328ba223c081bf6ade1c32c44ba51d7cbda97f4656bc
sensitivity,execution.maintenance_cost,0.1,execution.maintenance_cost=0.1,7,1047f476b87739b8,phase-zero-vm-0.2,phase-one-measurement-0.1,2000,31,20,1,31,1,2,1,1,2,1,2,2149,1,31,31,0,0.0,496,4,-4.4e-09,"{""vm_fault:division_without_complete_copy"": 1}","{""energy_captured"": 21008.55, ""energy_execution"": 107.45, ""energy_input"": 20000.0, ""energy_maintenance"": 6175.9, ""energy_released_on_death"": 8.55, ""energy_reproduction_cost"": 240.0, ""energy_transferred_to_offspring"": 160.0}",91e5d02fc0dd7bdd5075d21dc8651e413720b729508f52601de8f945d5b31d68
sensitivity,execution.maintenance_cost,0.1,execution.maintenance_cost=0.1,8,bb135fd8cbfb98b6,phase-zero-vm-0.2,phase-one-measurement-0.1,2000,31,20,1,31,2,3,1,2,3,2,2,3822,0,31,31,0,0.0,496,4,-4.4e-09,"{""energy_exhausted_maintenance"": 1}","{""energy_captured"": 21000.0, ""energy_execution"": 191.1, ""energy_input"": 20000.0, ""energy_maintenance"": 6177.3, ""energy_released_on_death"": 0.0, ""energy_reproduction_cost"": 240.0, ""energy_transferred_to_offspring"": 160.0}",dce95d67584c5a3b99578c7f5329362c172ea7faebd7ddf1f31a2e3b4ff1e96b
sensitivity,execution.maintenance_cost,0.1,execution.maintenance_cost=0.1,9,eff3ff0d6e29f5e2,phase-zero-vm-0.2,phase-one-measurement-0.1,2000,31,21,2,31,1,3,1,2,3,2,2,3693,1,31,31,0,0.0,496,4,-4.4e-09,"{""energy_exhausted_maintenance"": 1, ""vm_fault:invalid_register:7"": 1}","{""energy_captured"": 21008.65, ""energy_execution"": 184.65, ""energy_input"": 20000.0, ""energy_maintenance"": 6175.8, ""energy_released_on_death"": 8.65, ""energy_reproduction_cost"": 252.0, ""energy_transferred_to_offspring"": 168.0}",9cd1c891e1c0f4086e4b9b446e5122aa43b0fd5696a9d8aa18f82e7e94065b6b
sensitivity,execution.maintenance_cost,0.1,execution.maintenance_cost=0.1,10,782d0c1dd9aa5238,phase-zero-vm-0.2,phase-one-measurement-0.1,2000,31,20,1,31,1,2,1,1,2,1,2,2142,1,31,31,0,0.0,496,4,-4.4e-09,"{""vm_fault:invalid_register:8"": 1}","{""energy_captured"": 21008.9, ""energy_execution"": 107.1, ""energy_input"": 20000.0, ""energy_maintenance"": 6177.4, ""energy_released_on_death"": 8.9, ""energy_reproduction_cost"": 240.0, ""energy_transferred_to_offspring"": 160.0}",bce0ae8110d11bb1b95a143325a804af4abc51b690782fd7aab9be5f2d4cbb8e
sensitivity,execution.maintenance_cost,0.1,execution.maintenance_cost=0.1,11,28f32776fa847e2f,phase-zero-vm-0.2,phase-one-measurement-0.1,2000,31,19,0,31,1,1,1,1,1,0,2,2100,0,31,31,0,0.0,496,4,-4.4e-09,{},"{""energy_captured"": 21000.0, ""energy_execution"": 105.0, ""energy_input"": 20000.0, ""energy_maintenance"": 6177.4, ""energy_released_on_death"": 0.0, ""energy_reproduction_cost"": 228.0, ""energy_transferred_to_offspring"": 152.0}",679f6ee74442c68cedc37a8a5e16bb53bca04f9666dae2e5f33ea728b6800871
sensitivity,execution.maintenance_cost,0.1,execution.maintenance_cost=0.1,12,33ff5720649a3737,phase-zero-vm-0.2,phase-one-measurement-0.1,2000,31,20,1,31,2,3,1,2,3,2,2,2183,1,31,31,0,0.0,496,4,-4.4e-09,"{""vm_fault:division_without_complete_copy"": 1}","{""energy_captured"": 21011.35, ""energy_execution"": 109.15, ""energy_input"": 20000.0, ""energy_maintenance"": 6176.4, ""energy_released_on_death"": 11.35, ""energy_reproduction_cost"": 240.0, ""energy_transferred_to_offspring"": 160.0}",8f9e5a9930baab898f42fad894318359acde41b8ef30db8cf5542f4f84a3129a
sensitivity,execution.maintenance_cost,0.1,execution.maintenance_cost=0.1,13,f5d39e7aa9d5113d,phase-zero-vm-0.2,phase-one-measurement-0.1,2000,31,23,4,31,1,5,1,4,5,4,2,2342,4,31,31,0,0.0,496,4,-4.4e-09,"{""vm_fault:division_without_complete_copy"": 2, ""vm_fault:invalid_program_address:8"": 1, ""vm_fault:invalid_register:8"": 1}","{""energy_captured"": 21039.1, ""energy_execution"": 117.1, ""energy_input"": 20000.0, ""energy_maintenance"": 6173.2, ""energy_released_on_death"": 39.1, ""energy_reproduction_cost"": 276.0, ""energy_transferred_to_offspring"": 184.0}",c522ab7219e50deffa9d7e2a18236658aad6b564a8d5de0e297af1339e157208
sensitivity,execution.maintenance_cost,0.1,execution.maintenance_cost=0.1,14,e99b880ea7d727c1,phase-zero-vm-0.2,phase-one-measurement-0.1,2000,31,21,2,31,1,3,1,2,3,2,2,2226,2,31,31,0,0.0,496,4,-4.4e-09,"{""vm_fault:instruction_pointer_out_of_bounds:8"": 1, ""vm_fault:invalid_memory_address:8"": 1}","{""energy_captured"": 21020.2, ""energy_execution"": 111.3, ""energy_input"": 20000.0, ""energy_maintenance"": 6174.9, ""energy_released_on_death"": 20.2, ""energy_reproduction_cost"": 252.0, ""energy_transferred_to_offspring"": 168.0}",59334fc82a5345b7ffa5d72d3767d2ab099d535201691be420bb6eec31dbc74c
sensitivity,execution.maintenance_cost,0.1,execution.maintenance_cost=0.1,15,d044d5286c6ca376,phase-zero-vm-0.2,phase-one-measurement-0.1,2000,31,22,3,31,1,4,1,3,4,3,2,2276,3,31,31,0,0.0,496,4,-4.4e-09,"{""vm_fault:division_without_complete_copy"": 1, ""vm_fault:invalid_program_address:248"": 1, ""vm_fault:invalid_program_address:8"": 1}","{""energy_captured"": 21028.7, ""energy_execution"": 113.8, ""energy_input"": 20000.0, ""energy_maintenance"": 6173.4, ""energy_released_on_death"": 28.7, ""energy_reproduction_cost"": 264.0, ""energy_transferred_to_offspring"": 176.0}",87a7fe4104d5e9ec7151e30bd4d7f5c92959d679c0602ed4bfd3872146519178
sensitivity,execution.maintenance_cost,0.1,execution.maintenance_cost=0.1,16,bd079141cd1f51c6,phase-zero-vm-0.2,phase-one-measurement-0.1,2000,31,19,0,31,1,1,1,1,1,0,2,2100,0,31,31,0,0.0,496,4,-4.4e-09,{},"{""energy_captured"": 21000.0, ""energy_execution"": 105.0, ""energy_input"": 20000.0, ""energy_maintenance"": 6177.4, ""energy_released_on_death"": 0.0, ""energy_reproduction_cost"": 228.0, ""energy_transferred_to_offspring"": 152.0}",f80e552722164603a1267fd5c30d707f5f8745a6be7646083f3d583a5b7cf1a4
sensitivity,execution.maintenance_cost,0.1,execution.maintenance_cost=0.1,17,88c0eac865fc0c67,phase-zero-vm-0.2,phase-one-measurement-0.1,2000,31,20,1,31,1,2,1,1,2,1,2,4190,0,31,31,0,0.0,496,4,-4.4e-09,"{""energy_exhausted_maintenance"": 1}","{""energy_captured"": 21000.0, ""energy_execution"": 209.5, ""energy_input"": 20000.0, ""energy_maintenance"": 6177.3, ""energy_released_on_death"": 0.0, ""energy_reproduction_cost"": 240.0, ""energy_transferred_to_offspring"": 160.0}",6ce8eb003d1f7f2e2b93960ca3edc346be9fa148c79a8977dfcf5b8018cc7c51
sensitivity,execution.maintenance_cost,0.1,execution.maintenance_cost=0.1,18,236aea94c9c879b8,phase-zero-vm-0.2,phase-one-measurement-0.1,2000,31,19,0,31,1,1,1,1,1,0,2,2100,0,31,31,0,0.0,496,4,-4.4e-09,{},"{""energy_captured"": 21000.0, ""energy_execution"": 105.0, ""energy_input"": 20000.0, ""energy_maintenance"": 6177.4, ""energy_released_on_death"": 0.0, ""energy_reproduction_cost"": 228.0, ""energy_transferred_to_offspring"": 152.0}",36eb5b1d97a022db926644bb777763aab792285580877a45eda1a22a4147ab08
sensitivity,execution.maintenance_cost,0.1,execution.maintenance_cost=0.1,19,4b904b368ffbd160,phase-zero-vm-0.2,phase-one-measurement-0.1,2000,31,20,1,31,1,2,1,1,2,1,2,2184,1,31,31,0,0.0,496,4,-4.4e-09,"{""vm_fault:instruction_pointer_out_of_bounds:8"": 1}","{""energy_captured"": 21011.3, ""energy_execution"": 109.2, ""energy_input"": 20000.0, ""energy_maintenance"": 6176.4, ""energy_released_on_death"": 11.3, ""energy_reproduction_cost"": 240.0, ""energy_transferred_to_offspring"": 160.0}",dba335858f07c05a19b8ff48a5f657c8e60af816440613440573198fe62c3f47
sensitivity,execution.maintenance_cost,0.1,execution.maintenance_cost=0.1,20,14e6d480a02a6d3f,phase-zero-vm-0.2,phase-one-measurement-0.1,2000,31,22,3,31,1,4,1,3,4,3,2,2282,3,31,31,0,0.0,496,4,-4.4e-09,"{""vm_fault:division_without_complete_copy"": 1, ""vm_fault:invalid_program_address:248"": 1, ""vm_fault:invalid_program_address:8"": 1}","{""energy_captured"": 21028.4, ""energy_execution"": 114.1, ""energy_input"": 20000.0, ""energy_maintenance"": 6174.9, ""energy_released_on_death"": 28.4, ""energy_reproduction_cost"": 264.0, ""energy_transferred_to_offspring"": 176.0}",2345c6369b442fce2b4278ae39cb0c1057935b7330e878ec5e81981abdcd29b5
sensitivity,execution.maintenance_cost,0.1,execution.maintenance_cost=0.1,21,8fae5c4b19341222,phase-zero-vm-0.2,phase-one-measurement-0.1,2000,31,19,0,31,1,1,1,1,1,0,2,2100,0,31,31,0,0.0,496,4,-4.4e-09,{},"{""energy_captured"": 21000.0, ""energy_execution"": 105.0, ""energy_input"": 20000.0, ""energy_maintenance"": 6177.4, ""energy_released_on_death"": 0.0, ""energy_reproduction_cost"": 228.0, ""energy_transferred_to_offspring"": 152.0}",a4ab0a42cd6cb14fb0635da1309245be7e0491a5228e084c56d6dcca52a50123
sensitivity,execution.maintenance_cost,0.1,execution.maintenance_cost=0.1,22,9e1c53acae15eaf1,phase-zero-vm-0.2,phase-one-measurement-0.1,2000,31,21,2,31,2,4,2,3,4,3,2,2150,2,30,30,0,0.0,496,4,-4.4e-09,"{""vm_fault:division_without_complete_copy"": 2}","{""energy_captured"": 21017.45, ""energy_execution"": 107.5, ""energy_input"": 20000.0, ""energy_maintenance"": 6175.9, ""energy_released_on_death"": 17.45, ""energy_reproduction_cost"": 252.0, ""energy_transferred_to_offspring"": 168.0}",4066f40435f0419e7a4b83ecf341d01d7edb87c6f240eb3558a737161b30e76b
sensitivity,execution.maintenance_cost,0.1,execution.maintenance_cost=0.1,23,ff14c915289891e2,phase-zero-vm-0.2,phase-one-measurement-0.1,2000,31,20,1,31,2,3,2,2,3,2,2,2183,1,31,31,0,0.0,496,4,-4.4e-09,"{""vm_fault:division_without_complete_copy"": 1}","{""energy_captured"": 21011.35, ""energy_execution"": 109.15, ""energy_input"": 20000.0, ""energy_maintenance"": 6176.4, ""energy_released_on_death"": 11.35, ""energy_reproduction_cost"": 240.0, ""energy_transferred_to_offspring"": 160.0}",428a48f5d2f4cf32a81fa564a462c435b54e421cf23ffced950bd00b9560cf70
sensitivity,execution.maintenance_cost,0.1,execution.maintenance_cost=0.1,24,a63b0102c6e1b892,phase-zero-vm-0.2,phase-one-measurement-0.1,2000,31,21,2,31,1,3,1,2,3,2,2,2233,2,31,31,0,0.0,496,4,-4.4e-09,"{""vm_fault:division_without_complete_copy"": 1, ""vm_fault:invalid_program_address:8"": 1}","{""energy_captured"": 21019.85, ""energy_execution"": 111.65, ""energy_input"": 20000.0, ""energy_maintenance"": 6176.4, ""energy_released_on_death"": 19.85, ""energy_reproduction_cost"": 252.0, ""energy_transferred_to_offspring"": 168.0}",cbdd8da90d24db81280b18e44dfeeb4ec8ff9fe608162a47b3bb7dfcd650fed8
sensitivity,execution.maintenance_cost,0.1,execution.maintenance_cost=0.1,25,21170e1ded84b9fa,phase-zero-vm-0.2,phase-one-measurement-0.1,2000,31,19,0,31,1,1,1,1,1,0,2,2100,0,31,31,0,0.0,496,4,-4.4e-09,{},"{""energy_captured"": 21000.0, ""energy_execution"": 105.0, ""energy_input"": 20000.0, ""energy_maintenance"": 6177.4, ""energy_released_on_death"": 0.0, ""energy_reproduction_cost"": 228.0, ""energy_transferred_to_offspring"": 152.0}",99ff3fa689e5cf58f52a8cf32c6240e73926579cdaff21ccc1b674cb87c8b14b
sensitivity,execution.maintenance_cost,0.1,execution.maintenance_cost=0.1,26,68d6fb172c8ded1a,phase-zero-vm-0.2,phase-one-measurement-0.1,2000,31,21,2,31,2,4,2,3,4,3,2,3866,1,30,30,0,0.0,496,4,-4.4e-09,"{""energy_exhausted_maintenance"": 1, ""vm_fault:invalid_program_address:8"": 1}","{""energy_captured"": 21011.3, ""energy_execution"": 193.3, ""energy_input"": 20000.0, ""energy_maintenance"": 6177.3, ""energy_released_on_death"": 11.3, ""energy_reproduction_cost"": 252.0, ""energy_transferred_to_offspring"": 168.0}",d5719af78e02ff8e5cc227ea7adf4e521f499a9f955d4c3497b0838bd7e13e47
sensitivity,execution.maintenance_cost,0.1,execution.maintenance_cost=0.1,27,e0bc314435846229,phase-zero-vm-0.2,phase-one-measurement-0.1,2000,31,20,1,31,2,3,2,2,3,2,2,2168,1,30,30,0,0.0,496,4,-4.4e-09,"{""vm_fault:division_without_complete_copy"": 1}","{""energy_captured"": 21010.3, ""energy_execution"": 108.4, ""energy_input"": 20000.0, ""energy_maintenance"": 6176.2, ""energy_released_on_death"": 10.3, ""energy_reproduction_cost"": 240.0, ""energy_transferred_to_offspring"": 160.0}",a20147b0efe50d2dc8871532906a86e43f9aeced7c2f766b554085d112da4d1f
sensitivity,execution.maintenance_cost,0.1,execution.maintenance_cost=0.1,28,0b24cca3d958f166,phase-zero-vm-0.2,phase-one-measurement-0.1,2000,31,20,1,31,1,2,1,1,2,1,2,2181,1,31,31,0,0.0,496,4,-4.4e-09,"{""vm_fault:invalid_program_address:8"": 1}","{""energy_captured"": 21010.55, ""energy_execution"": 109.05, ""energy_input"": 20000.0, ""energy_maintenance"": 6176.3, ""energy_released_on_death"": 10.55, ""energy_reproduction_cost"": 240.0, ""energy_transferred_to_offspring"": 160.0}",8f213ce0b8608d60098b2a22a38d683a3730f2d55377bf5a7b56bc3e600a947a
sensitivity,execution.maintenance_cost,0.1,execution.maintenance_cost=0.1,29,d8eea5b099824763,phase-zero-vm-0.2,phase-one-measurement-0.1,2000,31,22,3,31,1,4,1,3,4,3,2,4558,2,31,31,0,0.0,496,4,-4.4e-09,"{""energy_exhausted_maintenance"": 1, ""vm_fault:division_without_complete_copy"": 1, ""vm_fault:invalid_register:7"": 1}","{""energy_captured"": 21017.2, ""energy_execution"": 227.9, ""energy_input"": 20000.0, ""energy_maintenance"": 6174.3, ""energy_released_on_death"": 17.2, ""energy_reproduction_cost"": 264.0, ""energy_transferred_to_offspring"": 176.0}",2444d58782ca1c799c85f9b5ce4e92bbb89df247bcfcf40b7849efbf0cd1a814
sensitivity,execution.maintenance_cost,0.1,execution.maintenance_cost=0.1,30,b4f1d87096bc3256,phase-zero-vm-0.2,phase-one-measurement-0.1,2000,31,21,2,31,1,3,1,2,3,2,2,4001,1,31,31,0,0.0,496,4,-4.4e-09,"{""energy_exhausted_maintenance"": 1, ""vm_fault:division_without_complete_copy"": 1}","{""energy_captured"": 21011.35, ""energy_execution"": 200.05, ""energy_input"": 20000.0, ""energy_maintenance"": 6176.3, ""energy_released_on_death"": 11.35, ""energy_reproduction_cost"": 252.0, ""energy_transferred_to_offspring"": 168.0}",1e950d7f8d8df2c058b4ebe83a104295ac76feca7624039bdcb748420b9e7bc6
sensitivity,execution.maintenance_cost,0.2,execution.maintenance_cost=0.2,1,7d6516f717c33885,phase-zero-vm-0.2,phase-one-measurement-0.1,2000,31,22,3,31,1,4,1,3,4,3,2,2313,3,31,31,0,0.0,496,4,-1.02e-08,"{""vm_fault:division_without_complete_copy"": 1, ""vm_fault:invalid_program_address:8"": 2}","{""energy_captured"": 21030.05, ""energy_execution"": 115.65, ""energy_input"": 20000.0, ""energy_maintenance"": 12346.2, ""energy_released_on_death"": 30.05, ""energy_reproduction_cost"": 264.0, ""energy_transferred_to_offspring"": 176.0}",77ce431d1686a9cb43dd503952991a778d28213bfbd5adbe56d8b4820a3a4b02
sensitivity,execution.maintenance_cost,0.2,execution.maintenance_cost=0.2,2,e42bf3936a091ecc,phase-zero-vm-0.2,phase-one-measurement-0.1,2000,31,21,2,31,2,4,1,3,4,3,2,2232,2,31,31,0,0.0,496,4,-1.02e-08,"{""vm_fault:division_without_complete_copy"": 2}","{""energy_captured"": 21019.2, ""energy_execution"": 111.6, ""energy_input"": 20000.0, ""energy_maintenance"": 12352.0, ""energy_released_on_death"": 19.2, ""energy_reproduction_cost"": 252.0, ""energy_transferred_to_offspring"": 168.0}",230f21002a38935215882746819995b244746f5629c45bd4ea946b4f777eec87
sensitivity,execution.maintenance_cost,0.2,execution.maintenance_cost=0.2,3,0dc1464b063c732c,phase-zero-vm-0.2,phase-one-measurement-0.1,2000,31,20,1,31,1,2,1,1,2,1,2,3462,0,31,31,0,0.0,496,4,-1.02e-08,"{""energy_exhausted_maintenance"": 1}","{""energy_captured"": 21000.0, ""energy_execution"": 173.1, ""energy_input"": 20000.0, ""energy_maintenance"": 12351.8, ""energy_released_on_death"": 0.0, ""energy_reproduction_cost"": 240.0, ""energy_transferred_to_offspring"": 160.0}",5bf01132d9f6f3a1f487fc8339b262a4fab0b84e6fc07ffbb2f15c305cf9e3e2
sensitivity,execution.maintenance_cost,0.2,execution.maintenance_cost=0.2,4,6d37390f4cf389c3,phase-zero-vm-0.2,phase-one-measurement-0.1,2000,31,19,0,31,1,1,1,1,1,0,2,2100,0,31,31,0,0.0,496,4,-1.02e-08,{},"{""energy_captured"": 21000.0, ""energy_execution"": 105.0, ""energy_input"": 20000.0, ""energy_maintenance"": 12352.0, ""energy_released_on_death"": 0.0, ""energy_reproduction_cost"": 228.0, ""energy_transferred_to_offspring"": 152.0}",6641978f65152a7e143ab7bb3f1d624330f0164d9a831f8818ea2645bd0824aa
sensitivity,execution.maintenance_cost,0.2,execution.maintenance_cost=0.2,5,2f24b36eab269c10,phase-zero-vm-0.2,phase-one-measurement-0.1,2000,31,19,0,31,1,1,1,1,1,0,2,2100,0,31,31,0,0.0,496,4,-1.02e-08,{},"{""energy_captured"": 21000.0, ""energy_execution"": 105.0, ""energy_input"": 20000.0, ""energy_maintenance"": 12352.0, ""energy_released_on_death"": 0.0, ""energy_reproduction_cost"": 228.0, ""energy_transferred_to_offspring"": 152.0}",9d2ea2309aa0a7dcf06cdb3d8d8972ff98286ddb51fed5dc6e3974ce73c28af4
sensitivity,execution.maintenance_cost,0.2,execution.maintenance_cost=0.2,6,16a81a341d274537,phase-zero-vm-0.2,phase-one-measurement-0.1,2000,31,20,1,31,1,2,1,1,2,1,2,2149,1,31,31,0,0.0,496,4,-1.02e-08,"{""vm_fault:division_without_complete_copy"": 1}","{""energy_captured"": 21008.45, ""energy_execution"": 107.45, ""energy_input"": 20000.0, ""energy_maintenance"": 12352.0, ""energy_released_on_death"": 8.45, ""energy_reproduction_cost"": 240.0, ""energy_transferred_to_offspring"": 160.0}",b818e075ae67553041d654c3de223ee190a2aa493839f13774c03e44b5c1e710
sensitivity,execution.maintenance_cost,0.2,execution.maintenance_cost=0.2,7,36ad6da380056418,phase-zero-vm-0.2,phase-one-measurement-0.1,2000,31,20,1,31,1,2,1,1,2,1,2,2149,1,31,31,0,0.0,496,4,-1.02e-08,"{""vm_fault:division_without_complete_copy"": 1}","{""energy_captured"": 21008.45, ""energy_execution"": 107.45, ""energy_input"": 20000.0, ""energy_maintenance"": 12348.6, ""energy_released_on_death"": 8.45, ""energy_reproduction_cost"": 240.0, ""energy_transferred_to_offspring"": 160.0}",45e89c41fd1413a8af84b8ee9b19b0e7eec8f11e0966277af193ed93fa6217c3
sensitivity,execution.maintenance_cost,0.2,execution.maintenance_cost=0.2,8,e06f904adf74a3d2,phase-zero-vm-0.2,phase-one-measurement-0.1,2000,31,20,1,31,3,4,2,3,4,3,2,3157,0,30,30,0,0.0,496,4,-1.02e-08,"{""energy_exhausted_execution"": 1}","{""energy_captured"": 21000.0, ""energy_execution"": 157.65, ""energy_input"": 20000.0, ""energy_maintenance"": 12352.0, ""energy_released_on_death"": 0.0, ""energy_reproduction_cost"": 240.0, ""energy_transferred_to_offspring"": 160.0}",a4b791f7c0893a733268929c91eb581ecdd2dfd10a5b37631c9e450aba208a7e
sensitivity,execution.maintenance_cost,0.2,execution.maintenance_cost=0.2,9,1ae1f50134bf085d,phase-zero-vm-0.2,phase-one-measurement-0.1,2000,31,21,2,31,1,3,1,2,3,2,2,3109,1,31,31,0,0.0,496,4,-1.02e-08,"{""energy_exhausted_maintenance"": 1, ""vm_fault:invalid_register:7"": 1}","{""energy_captured"": 21008.55, ""energy_execution"": 155.45, ""energy_input"": 20000.0, ""energy_maintenance"": 12348.4, ""energy_released_on_death"": 8.55, ""energy_reproduction_cost"": 252.0, ""energy_transferred_to_offspring"": 168.0}",332b929fb15610e09b2801596ec7bfa9a3736e53460d3cc4d2a6aecbf74d52c5
sensitivity,execution.maintenance_cost,0.2,execution.maintenance_cost=0.2,10,a791c95105f7560e,phase-zero-vm-0.2,phase-one-measurement-0.1,2000,31,20,1,31,1,2,1,1,2,1,2,2142,1,31,31,0,0.0,496,4,-1.02e-08,"{""vm_fault:invalid_register:8"": 1}","{""energy_captured"": 21008.8, ""energy_execution"": 107.1, ""energy_input"": 20000.0, ""energy_maintenance"": 12352.0, ""energy_released_on_death"": 8.8, ""energy_reproduction_cost"": 240.0, ""energy_transferred_to_offspring"": 160.0}",d8d767ae6ef78e057a50efe8c19e3eaaf9d39a822200da62e85b463ca3d8d97f
sensitivity,execution.maintenance_cost,0.2,execution.maintenance_cost=0.2,11,0198bf9d5210f796,phase-zero-vm-0.2,phase-one-measurement-0.1,2000,31,19,0,31,1,1,1,1,1,0,2,2100,0,31,31,0,0.0,496,4,-1.02e-08,{},"{""energy_captured"": 21000.0, ""energy_execution"": 105.0, ""energy_input"": 20000.0, ""energy_maintenance"": 12352.0, ""energy_released_on_death"": 0.0, ""energy_reproduction_cost"": 228.0, ""energy_transferred_to_offspring"": 152.0}",62bc4ab9cf65adffd87ad89669b12756076a3bda4333b804f54209d073eda58c
sensitivity,execution.maintenance_cost,0.2,execution.maintenance_cost=0.2,12,2e3f6d80a2a8240a,phase-zero-vm-0.2,phase-one-measurement-0.1,2000,31,20,1,31,2,3,1,2,3,2,2,2183,1,31,31,0,0.0,496,4,-1.02e-08,"{""vm_fault:division_without_complete_copy"": 1}","{""energy_captured"": 21010.75, ""energy_execution"": 109.15, ""energy_input"": 20000.0, ""energy_maintenance"": 12349.6, ""energy_released_on_death"": 10.75, ""energy_reproduction_cost"": 240.0, ""energy_transferred_to_offspring"": 160.0}",523d7669427640fdb9ba8d8a2ca36ececc76fe731b9497d66fda54c7b8e58d35
sensitivity,execution.maintenance_cost,0.2,execution.maintenance_cost=0.2,13,1e7a16db551e1de5,phase-zero-vm-0.2,phase-one-measurement-0.1,2000,31,23,4,31,1,5,1,4,5,4,2,2343,4,31,31,0,0.0,496,4,-1.02e-08,"{""vm_fault:division_without_complete_copy"": 2, ""vm_fault:instruction_pointer_out_of_bounds:8"": 1, ""vm_fault:invalid_register:8"": 1}","{""energy_captured"": 21037.85, ""energy_execution"": 117.15, ""energy_input"": 20000.0, ""energy_maintenance"": 12342.4, ""energy_released_on_death"": 37.85, ""energy_reproduction_cost"": 276.0, ""energy_transferred_to_offspring"": 184.0}",4ef4da1efc78acf517e30d70996a73d3c18aabbaf40d935de799c8e13d4eabfe
sensitivity,execution.maintenance_cost,0.2,execution.maintenance_cost=0.2,14,3b9d67cff39b49a5,phase-zero-vm-0.2,phase-one-measurement-0.1,2000,31,21,2,31,1,3,1,2,3,2,2,2226,2,31,31,0,0.0,496,4,-1.02e-08,"{""vm_fault:instruction_pointer_out_of_bounds:8"": 1, ""vm_fault:invalid_memory_address:8"": 1}","{""energy_captured"": 21019.5, ""energy_execution"": 111.3, ""energy_input"": 20000.0, ""energy_maintenance"": 12346.2, ""energy_released_on_death"": 19.5, ""energy_reproduction_cost"": 252.0, ""energy_transferred_to_offspring"": 168.0}",250ef430f7b1772cb03f33ea1975f68fd45f8f4c657965b3a758dbda6992a271
sensitivity,execution.maintenance_cost,0.2,execution.maintenance_cost=0.2,15,3e9b9824608e1ac0,phase-zero-vm-0.2,phase-one-measurement-0.1,2000,31,22,3,31,1,4,1,3,4,3,2,2276,3,31,31,0,0.0,496,4,-1.02e-08,"{""vm_fault:division_without_complete_copy"": 1, ""vm_fault:invalid_program_address:248"": 1, ""vm_fault:invalid_program_address:8"": 1}","{""energy_captured"": 21027.9, ""energy_execution"": 113.8, ""energy_input"": 20000.0, ""energy_maintenance"": 12342.8, ""energy_released_on_death"": 27.9, ""energy_reproduction_cost"": 264.0, ""energy_transferred_to_offspring"": 176.0}",f87379af34c82efed95917bf725ab6672a4381243474bfd1ea984211fc9dd367
sensitivity,execution.maintenance_cost,0.2,execution.maintenance_cost=0.2,16,0b819d44294e1c09,phase-zero-vm-0.2,phase-one-measurement-0.1,2000,31,19,0,31,1,1,1,1,1,0,2,2100,0,31,31,0,0.0,496,4,-1.02e-08,{},"{""energy_captured"": 21000.0, ""energy_execution"": 105.0, ""energy_input"": 20000.0, ""energy_maintenance"": 12352.0, ""energy_released_on_death"": 0.0, ""energy_reproduction_cost"": 228.0, ""energy_transferred_to_offspring"": 152.0}",7b5126d968b3b34c6f16afe91d25f7989bc7b06fdf3f335d81d4906cdb316424
sensitivity,execution.maintenance_cost,0.2,execution.maintenance_cost=0.2,17,b2f5e47fcced7441,phase-zero-vm-0.2,phase-one-measurement-0.1,2000,31,20,1,31,1,2,1,1,2,1,2,3614,0,31,31,0,0.0,496,4,-1.02e-08,"{""energy_exhausted_execution"": 1}","{""energy_captured"": 21000.0, ""energy_execution"": 180.3, ""energy_input"": 20000.0, ""energy_maintenance"": 12352.0, ""energy_released_on_death"": 0.0, ""energy_reproduction_cost"": 240.0, ""energy_transferred_to_offspring"": 160.0}",937d55afa561a517599e5a665e2c6a9ae28462843656172ae9adb8e9e3cf3246
sensitivity,execution.maintenance_cost,0.2,execution.maintenance_cost=0.2,18,00503b7ec207c861,phase-zero-vm-0.2,phase-one-measurement-0.1,2000,31,19,0,31,2,2,1,1,2,1,2,2100,0,30,30,0,0.0,496,4,-1.02e-08,{},"{""energy_captured"": 21000.0, ""energy_execution"": 105.0, ""energy_input"": 20000.0, ""energy_maintenance"": 12352.0, ""energy_released_on_death"": 0.0, ""energy_reproduction_cost"": 228.0, ""energy_transferred_to_offspring"": 152.0}",25cd5755aa3db242986227e2a72f9945856ad43c22dac02d8ca34893644ab883
sensitivity,execution.maintenance_cost,0.2,execution.maintenance_cost=0.2,19,4ad7c4ce55fba492,phase-zero-vm-0.2,phase-one-measurement-0.1,2000,31,21,2,31,1,3,1,2,3,2,2,2268,2,31,31,0,0.0,496,4,-1.02e-08,"{""vm_fault:instruction_pointer_out_of_bounds:8"": 1, ""vm_fault:invalid_program_address:8"": 1}","{""energy_captured"": 21021.4, ""energy_execution"": 113.4, ""energy_input"": 20000.0, ""energy_maintenance"": 12349.6, ""energy_released_on_death"": 21.4, ""energy_reproduction_cost"": 252.0, ""energy_transferred_to_offspring"": 168.0}",dcc31d8086a1f48e17054e62dc201f354df689d5a1478ec6f24afb78bb1e260f
sensitivity,execution.maintenance_cost,0.2,execution.maintenance_cost=0.2,20,7459e1b194d0a7f9,phase-zero-vm-0.2,phase-one-measurement-0.1,2000,31,22,3,31,1,4,1,3,4,3,2,2280,3,31,31,0,0.0,496,4,-1.02e-08,"{""vm_fault:division_without_complete_copy"": 1, ""vm_fault:invalid_program_address:8"": 1, ""vm_fault:invalid_register:7"": 1}","{""energy_captured"": 21027.7, ""energy_execution"": 114.0, ""energy_input"": 20000.0, ""energy_maintenance"": 12346.2, ""energy_released_on_death"": 27.7, ""energy_reproduction_cost"": 264.0, ""energy_transferred_to_offspring"": 176.0}",e411e80f5b788490d5ca6606e1785e3183be917384af019c6806284e1fa721f7
sensitivity,execution.maintenance_cost,0.2,execution.maintenance_cost=0.2,21,6ac916025e145a5d,phase-zero-vm-0.2,phase-one-measurement-0.1,2000,31,20,1,31,1,2,1,1,2,1,2,2149,1,31,31,0,0.0,496,4,-1.02e-08,"{""vm_fault:invalid_program_address:255"": 1}","{""energy_captured"": 21008.45, ""energy_execution"": 107.45, ""energy_input"": 20000.0, ""energy_maintenance"": 12352.0, ""energy_released_on_death"": 8.45, ""energy_reproduction_cost"": 240.0, ""energy_transferred_to_offspring"": 160.0}",96e43f53317c9fa4570f56c4ba013bf722767e6ba32f41850301caf1c85fedd6
sensitivity,execution.maintenance_cost,0.2,execution.maintenance_cost=0.2,22,d502fb069a160b2a,phase-zero-vm-0.2,phase-one-measurement-0.1,2000,31,20,1,31,1,2,1,1,2,1,2,2148,1,31,31,0,0.0,496,4,-1.02e-08,"{""vm_fault:division_without_complete_copy"": 1}","{""energy_captured"": 21008.5, ""energy_execution"": 107.4, ""energy_input"": 20000.0, ""energy_maintenance"": 12348.6, ""energy_released_on_death"": 8.5, ""energy_reproduction_cost"": 240.0, ""energy_transferred_to_offspring"": 160.0}",358bb23363dc3fde4d75ec16eb806c8575e53a264fcbeb1e70a99fe0f19c887c
sensitivity,execution.maintenance_cost,0.2,execution.maintenance_cost=0.2,23,e4b38c015164d2de,phase-zero-vm-0.2,phase-one-measurement-0.1,2000,31,20,1,31,2,3,2,2,3,2,2,2183,1,31,31,0,0.0,496,4,-1.02e-08,"{""vm_fault:division_without_complete_copy"": 1}","{""energy_captured"": 21010.75, ""energy_execution"": 109.15, ""energy_input"": 20000.0, ""energy_maintenance"": 12349.6, ""energy_released_on_death"": 10.75, ""energy_reproduction_cost"": 240.0, ""energy_transferred_to_offspring"": 160.0}",0d359d45c44e0185928b8c6698c8243128d6bbfcf93ad3483554b889578b5c26
sensitivity,execution.maintenance_cost,0.2,execution.maintenance_cost=0.2,24,e00072311fde385a,phase-zero-vm-0.2,phase-one-measurement-0.1,2000,31,21,2,31,1,3,1,2,3,2,2,2233,2,31,31,0,0.0,496,4,-1.02e-08,"{""vm_fault:division_without_complete_copy"": 1, ""vm_fault:invalid_program_address:8"": 1}","{""energy_captured"": 21019.15, ""energy_execution"": 111.65, ""energy_input"": 20000.0, ""energy_maintenance"": 12349.6, ""energy_released_on_death"": 19.15, ""energy_reproduction_cost"": 252.0, ""energy_transferred_to_offspring"": 168.0}",4909f1630b3b2c5f55606b9b3506c220046910cba0043b6717101fbb40e18ff9
sensitivity,execution.maintenance_cost,0.2,execution.maintenance_cost=0.2,25,291f1f48f94d9c1a,phase-zero-vm-0.2,phase-one-measurement-0.1,2000,31,20,1,31,1,2,1,1,2,1,2,2184,1,31,31,0,0.0,496,4,-1.02e-08,"{""vm_fault:instruction_pointer_out_of_bounds:8"": 1}","{""energy_captured"": 21010.7, ""energy_execution"": 109.2, ""energy_input"": 20000.0, ""energy_maintenance"": 12352.0, ""energy_released_on_death"": 10.7, ""energy_reproduction_cost"": 240.0, ""energy_transferred_to_offspring"": 160.0}",1a283152693b78c49b29dc7684f6bc6eeb55beb5331111c4f760d714990c3c93
sensitivity,execution.maintenance_cost,0.2,execution.maintenance_cost=0.2,26,9c8bcc6c9cf24143,phase-zero-vm-0.2,phase-one-measurement-0.1,2000,31,20,1,31,2,3,2,2,3,2,2,3278,0,30,30,0,0.0,496,4,-1.02e-08,"{""energy_exhausted_execution"": 1}","{""energy_captured"": 21000.0, ""energy_execution"": 163.7, ""energy_input"": 20000.0, ""energy_maintenance"": 12351.8, ""energy_released_on_death"": 0.0, ""energy_reproduction_cost"": 240.0, ""energy_transferred_to_offspring"": 160.0}",539d68810ea9cc4966ae9b0b6a7538f0fbb01b7c0e8bd51b4037519810a6f64d
sensitivity,execution.maintenance_cost,0.2,execution.maintenance_cost=0.2,27,08f7a7d4e510f96a,phase-zero-vm-0.2,phase-one-measurement-0.1,2000,31,20,1,31,1,2,1,1,2,1,2,2168,1,31,31,0,0.0,496,4,-1.02e-08,"{""vm_fault:division_without_complete_copy"": 1}","{""energy_captured"": 21009.9, ""energy_execution"": 108.4, ""energy_input"": 20000.0, ""energy_maintenance"": 12349.2, ""energy_released_on_death"": 9.9, ""energy_reproduction_cost"": 240.0, ""energy_transferred_to_offspring"": 160.0}",800e573914a2787cbb0d7c2628c3ff0b9502844febcc074f28776428f0947bcc
sensitivity,execution.maintenance_cost,0.2,execution.maintenance_cost=0.2,28,32f27cd4cf9c699d,phase-zero-vm-0.2,phase-one-measurement-0.1,2000,31,20,1,31,1,2,1,1,2,1,2,2181,1,31,31,0,0.0,496,4,-1.02e-08,"{""vm_fault:invalid_program_address:8"": 1}","{""energy_captured"": 21010.05, ""energy_execution"": 109.05, ""energy_input"": 20000.0, ""energy_maintenance"": 12349.4, ""energy_released_on_death"": 10.05, ""energy_reproduction_cost"": 240.0, ""energy_transferred_to_offspring"": 160.0}",37f69143d05aa9dea5f4c8b0ec503881ac43f079730bf1f22542e7d3fef8a475
sensitivity,execution.maintenance_cost,0.2,execution.maintenance_cost=0.2,29,a7ca645643b0ee72,phase-zero-vm-0.2,phase-one-measurement-0.1,2000,31,21,2,31,1,3,1,2,3,2,2,2196,2,31,31,0,0.0,496,4,-1.02e-08,"{""vm_fault:division_without_complete_copy"": 1, ""vm_fault:invalid_register:7"": 1}","{""energy_captured"": 21017.0, ""energy_execution"": 109.8, ""energy_input"": 20000.0, ""energy_maintenance"": 12345.2, ""energy_released_on_death"": 17.0, ""energy_reproduction_cost"": 252.0, ""energy_transferred_to_offspring"": 168.0}",cc1c2d7d270776cb609bc07093215b72c6168453f1c91434a8dd3aa7ea2797ee
sensitivity,execution.maintenance_cost,0.2,execution.maintenance_cost=0.2,30,c0963953ad59834f,phase-zero-vm-0.2,phase-one-measurement-0.1,2000,31,21,2,31,1,3,1,2,3,2,2,3385,1,31,31,0,0.0,496,4,-1.02e-08,"{""energy_exhausted_maintenance"": 1, ""vm_fault:division_without_complete_copy"": 1}","{""energy_captured"": 21010.75, ""energy_execution"": 169.25, ""energy_input"": 20000.0, ""energy_maintenance"": 12349.4, ""energy_released_on_death"": 10.75, ""energy_reproduction_cost"": 252.0, ""energy_transferred_to_offspring"": 168.0}",8cf8badefee2b3ce61e2a39bc44d59ce93fa7826982c65eb1f92e1bebf374fcd
sensitivity,execution.maintenance_cost,0.4,execution.maintenance_cost=0.4,1,f5ce06242f245299,phase-zero-vm-0.2,phase-one-measurement-0.1,2000,18,297,291,31,2,25,2,27,25,27,20,18176,24,17,0,17,0.0,288,212,1.03e-08,"{""energy_exhausted_execution"": 101, ""energy_exhausted_maintenance"": 166, ""vm_fault:division_without_complete_copy"": 16, ""vm_fault:invalid_program_address:8"": 7, ""vm_fault:invalid_register:7"": 1}","{""energy_captured"": 21178.6, ""energy_execution"": 883.35, ""energy_input"": 20000.0, ""energy_maintenance"": 16435.35, ""energy_released_on_death"": 178.6, ""energy_reproduction_cost"": 3564.0, ""energy_transferred_to_offspring"": 2376.0}",1a25d56c0a24a03f61ece168a8d46514c7b1a90d5dbc57fb5b275e2fd06e6061
sensitivity,execution.maintenance_cost,0.4,execution.maintenance_cost=0.4,2,8441685b89af81da,phase-zero-vm-0.2,phase-one-measurement-0.1,2000,20,223,215,31,4,14,4,14,14,14,13,13848,7,16,0,16,0.0,320,180,6.9e-09,"{""energy_exhausted_execution"": 74, ""energy_exhausted_maintenance"": 134, ""vm_fault:division_without_complete_copy"": 5, ""vm_fault:invalid_register:7"": 1, ""vm_fault:invalid_register:8"": 1}","{""energy_captured"": 21048.8, ""energy_execution"": 674.95, ""energy_input"": 20000.0, ""energy_maintenance"": 17372.95, ""energy_released_on_death"": 48.8, ""energy_reproduction_cost"": 2676.0, ""energy_transferred_to_offspring"": 1784.0}",ff8409a5de2b9c251bd55fb86dd2716cd41ca1f999be2a655f68eecfb6216066
sensitivity,execution.maintenance_cost,0.4,execution.maintenance_cost=0.4,3,4271ba8be5e56abf,phase-zero-vm-0.2,phase-one-measurement-0.1,2000,19,282,275,31,3,22,3,23,22,23,18,17535,17,14,0,14,0.0,304,196,9.8e-09,"{""energy_exhausted_execution"": 102, ""energy_exhausted_maintenance"": 156, ""vm_fault:division_without_complete_copy"": 9, ""vm_fault:instruction_pointer_out_of_bounds:8"": 2, ""vm_fault:invalid_program_address:8"": 1, ""vm_fault:invalid_register:7"": 2, ""vm_fault:invalid_register:8"": 3}","{""energy_captured"": 21123.7, ""energy_execution"": 850.9, ""energy_input"": 20000.0, ""energy_maintenance"": 16591.35, ""energy_released_on_death"": 123.7, ""energy_reproduction_cost"": 3384.0, ""energy_transferred_to_offspring"": 2256.0}",9236383b688416b197f6cab0c406ddd5603f963648f0799f9c7cbe1060c68526
sensitivity,execution.maintenance_cost,0.4,execution.maintenance_cost=0.4,4,dc5d78abf45a6f57,phase-zero-vm-0.2,phase-one-measurement-0.1,2000,17,305,300,31,5,23,5,25,23,25,21,18171,19,12,0,12,0.0,272,228,1.03e-08,"{""energy_exhausted_execution"": 108, ""energy_exhausted_maintenance"": 173, ""vm_fault:division_without_complete_copy"": 11, ""vm_fault:instruction_pointer_out_of_bounds:8"": 1, ""vm_fault:invalid_memory_address:8"": 2, ""vm_fault:invalid_program_address:248"": 2, ""vm_fault:invalid_program_address:8"": 3}","{""energy_captured"": 21147.0, ""energy_execution"": 882.8, ""energy_input"": 20000.0, ""energy_maintenance"": 16102.3, ""energy_released_on_death"": 147.0, ""energy_reproduction_cost"": 3660.0, ""energy_transferred_to_offspring"": 2440.0}",3724e56686fbd1fa67b42ea64a181649790a48fe5e63831bad7295731bf0073e
sensitivity,execution.maintenance_cost,0.4,execution.maintenance_cost=0.4,5,65b9da8a00e5c202,phase-zero-vm-0.2,phase-one-measurement-0.1,2000,20,285,277,31,4,23,4,22,23,22,17,17545,16,18,0,18,0.0,320,180,9.7e-09,"{""energy_exhausted_execution"": 111, ""energy_exhausted_maintenance"": 150, ""vm_fault:division_without_complete_copy"": 7, ""vm_fault:instruction_pointer_out_of_bounds:8"": 2, ""vm_fault:invalid_memory_address:8"": 1, ""vm_fault:invalid_program_address:255"": 1, ""vm_fault:invalid_program_address:8"": 3, ""vm_fault:invalid_register:7"": 2}","{""energy_captured"": 21110.75, ""energy_execution"": 851.3, ""energy_input"": 20000.0, ""energy_maintenance"": 16620.8, ""energy_released_on_death"": 110.75, ""energy_reproduction_cost"": 3420.0, ""energy_transferred_to_offspring"": 2280.0}",49b8bfbbc9a92aa01fc21c7e2779e921b9dcc948bf19602b4ef3b75f3095da95
sensitivity,execution.maintenance_cost,0.4,execution.maintenance_cost=0.4,6,9b4303b369ffa164,phase-zero-vm-0.2,phase-one-measurement-0.1,2000,16,300,296,31,3,22,3,24,22,24,19,17967,19,12,0,12,0.0,256,244,1.03e-08,"{""energy_exhausted_execution"": 117, ""energy_exhausted_maintenance"": 160, ""vm_fault:division_without_complete_copy"": 14, ""vm_fault:invalid_memory_address:8"": 1, ""vm_fault:invalid_program_address:248"": 1, ""vm_fault:invalid_program_address:255"": 1, ""vm_fault:invalid_program_address:8"": 1, ""vm_fault:invalid_register:7"": 1}","{""energy_captured"": 21146.15, ""energy_execution"": 871.0, ""energy_input"": 20000.0, ""energy_maintenance"": 16454.55, ""energy_released_on_death"": 146.15, ""energy_reproduction_cost"": 3600.0, ""energy_transferred_to_offspring"": 2400.0}",b2183ddbce857248d84bfd1744265374ab9938648f386cc7eb99718c1f57f328
sensitivity,execution.maintenance_cost,0.4,execution.maintenance_cost=0.4,7,9d8c8d1e9ed7a491,phase-zero-vm-0.2,phase-one-measurement-0.1,2000,20,289,281,31,4,18,6,23,18,23,19,17456,16,17,0,17,0.0,320,180,1.05e-08,"{""energy_exhausted_execution"": 102, ""energy_exhausted_maintenance"": 163, ""vm_fault:division_without_complete_copy"": 9, ""vm_fault:invalid_program_address:248"": 1, ""vm_fault:invalid_program_address:8"": 2, ""vm_fault:invalid_register:7"": 4}","{""energy_captured"": 21124.65, ""energy_execution"": 848.25, ""energy_input"": 20000.0, ""energy_maintenance"": 16394.4, ""energy_released_on_death"": 124.65, ""energy_reproduction_cost"": 3468.0, ""energy_transferred_to_offspring"": 2312.0}",1baa19df63f97991c849527b97415f2b2146ec25413c9e5e5a7eb4ccb56af31c
sensitivity,execution.maintenance_cost,0.4,execution.maintenance_cost=0.4,8,ffc1c35c934048eb,phase-zero-vm-0.2,phase-one-measurement-0.1,2000,16,329,325,31,4,25,3,25,25,25,21,21284,16,9,0,9,0.0,256,244,1.02e-08,"{""energy_exhausted_execution"": 127, ""energy_exhausted_maintenance"": 182, ""vm_fault:division_without_complete_copy"": 11, ""vm_fault:invalid_program_address:248"": 1, ""vm_fault:invalid_program_address:8"": 1, ""vm_fault:invalid_register:7"": 3}","{""energy_captured"": 21124.8, ""energy_execution"": 1033.15, ""energy_input"": 20000.0, ""energy_maintenance"": 16032.55, ""energy_released_on_death"": 124.8, ""energy_reproduction_cost"": 3948.0, ""energy_transferred_to_offspring"": 2632.0}",b94eed9fe4f97b1f8605f1a5f80ab4ed13ef8d07bbb3d3011f22f7b07f7b2da0
sensitivity,execution.maintenance_cost,0.4,execution.maintenance_cost=0.4,9,1d08aed90921c587,phase-zero-vm-0.2,phase-one-measurement-0.1,2000,19,254,247,31,3,15,3,14,15,14,17,16086,8,17,0,17,0.0,304,196,7.4e-09,"{""energy_exhausted_execution"": 93, ""energy_exhausted_maintenance"": 146, ""vm_fault:division_without_complete_copy"": 5, ""vm_fault:invalid_program_address:8"": 2, ""vm_fault:invalid_register:7"": 1}","{""energy_captured"": 21058.05, ""energy_execution"": 782.4, ""energy_input"": 20000.0, ""energy_maintenance"": 17240.75, ""energy_released_on_death"": 58.05, ""energy_reproduction_cost"": 3048.0, ""energy_transferred_to_offspring"": 2032.0}",759c71b3a015f9d42f1163a08ec9e52362481d63b6845ec27d0a3b8939e84b5e
sensitivity,execution.maintenance_cost,0.4,execution.maintenance_cost=0.4,10,cac6e807b0b49ed9,phase-zero-vm-0.2,phase-one-measurement-0.1,2000,19,322,315,31,3,26,3,29,26,29,19,19468,21,18,0,18,0.0,304,196,1.04e-08,"{""energy_exhausted_execution"": 105, ""energy_exhausted_maintenance"": 189, ""vm_fault:division_without_complete_copy"": 10, ""vm_fault:instruction_pointer_out_of_bounds:8"": 1, ""vm_fault:invalid_memory_address:8"": 1, ""vm_fault:invalid_program_address:248"": 2, ""vm_fault:invalid_program_address:8"": 6, ""vm_fault:invalid_register:8"": 1}","{""energy_captured"": 21159.7, ""energy_execution"": 947.65, ""energy_input"": 20000.0, ""energy_maintenance"": 16282.85, ""energy_released_on_death"": 159.7, ""energy_reproduction_cost"": 3864.0, ""energy_transferred_to_offspring"": 2576.0}",cbb9d3b75b55ed86ba738222bb83fe42f55a6004b285ef7ed531be9fa871a049
sensitivity,execution.maintenance_cost,0.4,execution.maintenance_cost=0.4,11,fc11991ca8cfd152,phase-zero-vm-0.2,phase-one-measurement-0.1,2000,18,316,310,31,3,22,3,23,22,23,20,18674,19,18,0,18,0.0,288,212,1.05e-08,"{""energy_exhausted_execution"": 119, ""energy_exhausted_maintenance"": 172, ""vm_fault:division_without_complete_copy"": 10, ""vm_fault:instruction_pointer_out_of_bounds:8"": 2, ""vm_fault:invalid_program_address:255"": 3, ""vm_fault:invalid_program_address:8"": 2, ""vm_fault:invalid_register:7"": 1, ""vm_fault:invalid_register:8"": 1}","{""energy_captured"": 21140.5, ""energy_execution"": 904.85, ""energy_input"": 20000.0, ""energy_maintenance"": 16392.55, ""energy_released_on_death"": 140.5, ""energy_reproduction_cost"": 3792.0, ""energy_transferred_to_offspring"": 2528.0}",d35e021914586aaba5c0768dc84e1b87ec31168a8a8c9d2da9bd4b4c863c090f
sensitivity,execution.maintenance_cost,0.4,execution.maintenance_cost=0.4,12,ee2e1be9d64dd4c9,phase-zero-vm-0.2,phase-one-measurement-0.1,2000,17,288,283,31,3,22,3,24,22,24,17,17776,17,15,0,15,0.0,272,228,9.8e-09,"{""energy_exhausted_execution"": 99, ""energy_exhausted_maintenance"": 167, ""vm_fault:division_without_complete_copy"": 7, ""vm_fault:instruction_pointer_out_of_bounds:8"": 1, ""vm_fault:invalid_program_address:8"": 4, ""vm_fault:invalid_register:7"": 4, ""vm_fault:invalid_register:8"": 1}","{""energy_captured"": 21125.4, ""energy_execution"": 864.8, ""energy_input"": 20000.0, ""energy_maintenance"": 16594.3, ""energy_released_on_death"": 125.4, ""energy_reproduction_cost"": 3456.0, ""energy_transferred_to_offspring"": 2304.0}",759adb9ae9ebf033038c933add8ea28f1e13044c451abbad16aea3fdefd0f39e
sensitivity,execution.maintenance_cost,0.4,execution.maintenance_cost=0.4,13,b6498773eca930a2,phase-zero-vm-0.2,phase-one-measurement-0.1,2000,19,267,260,31,6,24,7,27,24,27,18,15914,20,13,0,13,0.0,304,196,1.04e-08,"{""energy_exhausted_execution"": 108, ""energy_exhausted_maintenance"": 132, ""vm_fault:division_without_complete_copy"": 9, ""vm_fault:instruction_pointer_out_of_bounds:8"": 2, ""vm_fault:invalid_memory_address:8"": 1, ""vm_fault:invalid_program_address:8"": 4, ""vm_fault:invalid_register:7"": 2, ""vm_fault:invalid_register:8"": 2}","{""energy_captured"": 21157.25, ""energy_execution"": 769.3, ""energy_input"": 20000.0, ""energy_maintenance"": 16431.05, ""energy_released_on_death"": 157.25, ""energy_reproduction_cost"": 3204.0, ""energy_transferred_to_offspring"": 2136.0}",fddcd442004ffef748cacdcd5a23768991d9cc90f1f7e96d805579ab2f788dd2
sensitivity,execution.maintenance_cost,0.4,execution.maintenance_cost=0.4,14,5dc1c0ed7b2fca1b,phase-zero-vm-0.2,phase-one-measurement-0.1,2000,19,279,272,31,5,19,5,20,19,20,17,16462,15,16,0,16,0.0,304,196,9e-09,"{""energy_exhausted_execution"": 97, ""energy_exhausted_maintenance"": 160, ""vm_fault:division_without_complete_copy"": 6, ""vm_fault:instruction_pointer_out_of_bounds:8"": 3, ""vm_fault:invalid_memory_address:8"": 2, ""vm_fault:invalid_program_address:248"": 1, ""vm_fault:invalid_program_address:8"": 2, ""vm_fault:invalid_register:7"": 1}","{""energy_captured"": 21115.55, ""energy_execution"": 799.05, ""energy_input"": 20000.0, ""energy_maintenance"": 16792.3, ""energy_released_on_death"": 115.55, ""energy_reproduction_cost"": 3348.0, ""energy_transferred_to_offspring"": 2232.0}",66cfe11b59c82b9d372c2e1e5e044600dded188f82c5211b6eb817e9a8fc09f1
sensitivity,execution.maintenance_cost,0.4,execution.maintenance_cost=0.4,15,2a17a2fad3152e7e,phase-zero-vm-0.2,phase-one-measurement-0.1,2000,19,304,297,31,2,20,2,20,20,20,18,18436,17,19,0,19,0.0,304,196,1e-08,"{""energy_exhausted_execution"": 113, ""energy_exhausted_maintenance"": 167, ""vm_fault:division_without_complete_copy"": 6, ""vm_fault:instruction_pointer_out_of_bounds:8"": 1, ""vm_fault:invalid_memory_address:8"": 1, ""vm_fault:invalid_program_address:248"": 1, ""vm_fault:invalid_program_address:8"": 5, ""vm_fault:invalid_register:7"": 3}","{""energy_captured"": 21129.4, ""energy_execution"": 895.05, ""energy_input"": 20000.0, ""energy_maintenance"": 16518.05, ""energy_released_on_death"": 129.4, ""energy_reproduction_cost"": 3648.0, ""energy_transferred_to_offspring"": 2432.0}",b3b71c64b7ce29107f821a5bc7f963666595c5c65468ae06e917201887be363c
sensitivity,execution.maintenance_cost,0.4,execution.maintenance_cost=0.4,16,48182817be28f0d7,phase-zero-vm-0.2,phase-one-measurement-0.1,2000,19,259,252,31,2,17,3,17,17,17,17,16115,12,17,0,17,0.0,304,196,8.1e-09,"{""energy_exhausted_execution"": 92, ""energy_exhausted_maintenance"": 148, ""vm_fault:division_without_complete_copy"": 6, ""vm_fault:instruction_pointer_out_of_bounds:8"": 2, ""vm_fault:invalid_memory_address:8"": 1, ""vm_fault:invalid_program_address:8"": 3}","{""energy_captured"": 21083.05, ""energy_execution"": 783.6, ""energy_input"": 20000.0, ""energy_maintenance"": 17057.6, ""energy_released_on_death"": 83.05, ""energy_reproduction_cost"": 3108.0, ""energy_transferred_to_offspring"": 2072.0}",11687db579d9009fe9244a3030baa8c7944a04039ba96c4cbcecfa9b8e3a7b2b
sensitivity,execution.maintenance_cost,0.4,execution.maintenance_cost=0.4,17,a6d30430de6e4f1c,phase-zero-vm-0.2,phase-one-measurement-0.1,2000,22,279,269,31,3,23,5,25,23,25,17,18829,13,17,0,17,0.0,352,148,1.02e-08,"{""energy_exhausted_execution"": 97, ""energy_exhausted_maintenance"": 159, ""vm_fault:division_without_complete_copy"": 3, ""vm_fault:instruction_pointer_out_of_bounds:8"": 2, ""vm_fault:invalid_memory_address:8"": 2, ""vm_fault:invalid_program_address:248"": 2, ""vm_fault:invalid_program_address:8"": 2, ""vm_fault:invalid_register:7"": 2}","{""energy_captured"": 21103.95, ""energy_execution"": 917.55, ""energy_input"": 20000.0, ""energy_maintenance"": 16467.65, ""energy_released_on_death"": 103.95, ""energy_reproduction_cost"": 3348.0, ""energy_transferred_to_offspring"": 2232.0}",8f770c782e4d0e7fa1efcfbd13f8171c83d3ea8d4fd0c35c63ba19813203590b
sensitivity,execution.maintenance_cost,0.4,execution.maintenance_cost=0.4,18,3ba67b66350830d8,phase-zero-vm-0.2,phase-one-measurement-0.1,2000,17,259,254,31,5,19,4,19,19,19,16,15315,13,14,0,14,0.0,272,228,8.5e-09,"{""energy_exhausted_execution"": 90, ""energy_exhausted_maintenance"": 151, ""vm_fault:division_without_complete_copy"": 8, ""vm_fault:instruction_pointer_out_of_bounds:8"": 1, ""vm_fault:invalid_program_address:255"": 2, ""vm_fault:invalid_program_address:8"": 2}","{""energy_captured"": 21097.3, ""energy_execution"": 744.0, ""energy_input"": 20000.0, ""energy_maintenance"": 16951.55, ""energy_released_on_death"": 97.3, ""energy_reproduction_cost"": 3108.0, ""energy_transferred_to_offspring"": 2072.0}",5ffe9d4aeb36d67d95a20ec507ab77f542f506628cc14546fa66e0fbc3d011a5
sensitivity,execution.maintenance_cost,0.4,execution.maintenance_cost=0.4,19,0a09297b187aec28,phase-zero-vm-0.2,phase-one-measurement-0.1,2000,18,279,273,31,3,14,3,15,14,15,19,17402,9,17,0,17,0.0,288,212,9.4e-09,"{""energy_exhausted_execution"": 93, ""energy_exhausted_maintenance"": 171, ""vm_fault:division_without_complete_copy"": 5, ""vm_fault:instruction_pointer_out_of_bounds:8"": 2, ""vm_fault:invalid_program_address:8"": 2}","{""energy_captured"": 21065.75, ""energy_execution"": 847.1, ""energy_input"": 20000.0, ""energy_maintenance"": 16695.95, ""energy_released_on_death"": 65.75, ""energy_reproduction_cost"": 3348.0, ""energy_transferred_to_offspring"": 2232.0}",a21870e5eb3e100e5bf87084f6556dd024c4df437941d26f70f6db399742e0d7
sensitivity,execution.maintenance_cost,0.4,execution.maintenance_cost=0.4,20,07fa33f85dfa40ba,phase-zero-vm-0.2,phase-one-measurement-0.1,2000,19,263,256,31,5,20,5,20,20,20,19,15691,15,13,0,13,0.0,304,196,8.8e-09,"{""energy_exhausted_execution"": 94, ""energy_exhausted_maintenance"": 147, ""vm_fault:division_without_complete_copy"": 6, ""vm_fault:invalid_program_address:248"": 1, ""vm_fault:invalid_program_address:8"": 4, ""vm_fault:invalid_register:7"": 3, ""vm_fault:invalid_register:8"": 1}","{""energy_captured"": 21116.2, ""energy_execution"": 761.15, ""energy_input"": 20000.0, ""energy_maintenance"": 16853.0, ""energy_released_on_death"": 116.2, ""energy_reproduction_cost"": 3156.0, ""energy_transferred_to_offspring"": 2104.0}",b8c60013783b2b2693e6a56b68e45102f67db73c214f55a1dfc8870097df96b4
sensitivity,execution.maintenance_cost,0.4,execution.maintenance_cost=0.4,21,d337363620c4fceb,phase-zero-vm-0.2,phase-one-measurement-0.1,2000,19,271,264,31,2,20,2,21,20,21,16,16331,17,18,0,18,0.0,304,196,8.1e-09,"{""energy_exhausted_execution"": 101, ""energy_exhausted_maintenance"": 146, ""vm_fault:division_without_complete_copy"": 8, ""vm_fault:instruction_pointer_out_of_bounds:8"": 2, ""vm_fault:invalid_program_address:255"": 1, ""vm_fault:invalid_program_address:8"": 3, ""vm_fault:invalid_register:7"": 3}","{""energy_captured"": 21124.55, ""energy_execution"": 791.7, ""energy_input"": 20000.0, ""energy_maintenance"": 17042.25, ""energy_released_on_death"": 124.55, ""energy_reproduction_cost"": 3252.0, ""energy_transferred_to_offspring"": 2168.0}",685ce569db8e2d6589bce09e103a9589ed4d64b59d496ee579f9357587e22824
sensitivity,execution.maintenance_cost,0.4,execution.maintenance_cost=0.4,22,b980be9a6cc20897,phase-zero-vm-0.2,phase-one-measurement-0.1,2000,18,269,263,31,3,21,4,22,21,22,19,15745,18,15,0,15,0.0,288,212,9.4e-09,"{""energy_exhausted_execution"": 90, ""energy_exhausted_maintenance"": 155, ""vm_fault:division_without_complete_copy"": 8, ""vm_fault:instruction_pointer_out_of_bounds:8"": 4, ""vm_fault:invalid_memory_address:8"": 1, ""vm_fault:invalid_program_address:8"": 3, ""vm_fault:invalid_register:7"": 1, ""vm_fault:invalid_register:8"": 1}","{""energy_captured"": 21134.9, ""energy_execution"": 763.85, ""energy_input"": 20000.0, ""energy_maintenance"": 16692.3, ""energy_released_on_death"": 134.9, ""energy_reproduction_cost"": 3228.0, ""energy_transferred_to_offspring"": 2152.0}",942d6ace975616c4ba7da745d00b0fe54feaa6164cd5f03bc1d0e054d3851a3e
sensitivity,execution.maintenance_cost,0.4,execution.maintenance_cost=0.4,23,9c5a4f3fa58592e8,phase-zero-vm-0.2,phase-one-measurement-0.1,2000,19,292,285,31,3,19,3,19,19,19,20,17093,15,18,0,18,0.0,304,196,9.8e-09,"{""energy_exhausted_execution"": 102, ""energy_exhausted_maintenance"": 168, ""vm_fault:division_without_complete_copy"": 7, ""vm_fault:instruction_pointer_out_of_bounds:8"": 1, ""vm_fault:invalid_program_address:8"": 4, ""vm_fault:invalid_register:7"": 3}","{""energy_captured"": 21115.85, ""energy_execution"": 830.65, ""energy_input"": 20000.0, ""energy_maintenance"": 16590.25, ""energy_released_on_death"": 115.85, ""energy_reproduction_cost"": 3504.0, ""energy_transferred_to_offspring"": 2336.0}",5413e70ca32f5f08abe04b945341e879db0f78325f5037a02abbedc0066cff2d
sensitivity,execution.maintenance_cost,0.4,execution.maintenance_cost=0.4,24,4d566a3b0bfd803b,phase-zero-vm-0.2,phase-one-measurement-0.1,2000,20,294,286,31,3,21,3,21,21,21,17,17614,15,18,0,18,0.0,320,180,9.9e-09,"{""energy_exhausted_execution"": 107, ""energy_exhausted_maintenance"": 164, ""vm_fault:division_without_complete_copy"": 9, ""vm_fault:instruction_pointer_out_of_bounds:8"": 1, ""vm_fault:invalid_program_address:8"": 4, ""vm_fault:invalid_register:7"": 1}","{""energy_captured"": 21111.3, ""energy_execution"": 855.3, ""energy_input"": 20000.0, ""energy_maintenance"": 16550.5, ""energy_released_on_death"": 111.3, ""energy_reproduction_cost"": 3528.0, ""energy_transferred_to_offspring"": 2352.0}",355fe6bee641fa928eed22d5d3df228d7e0de989aec9acbf777f312539cc8136
sensitivity,execution.maintenance_cost,0.4,execution.maintenance_cost=0.4,25,d83fd56910507e47,phase-zero-vm-0.2,phase-one-measurement-0.1,2000,16,328,324,31,3,25,3,27,25,27,18,19260,23,12,0,12,0.0,256,244,1.03e-08,"{""energy_exhausted_execution"": 124, ""energy_exhausted_maintenance"": 177, ""vm_fault:division_without_complete_copy"": 9, ""vm_fault:instruction_pointer_out_of_bounds:8"": 3, ""vm_fault:invalid_program_address:248"": 1, ""vm_fault:invalid_program_address:8"": 8, ""vm_fault:invalid_register:7"": 2}","{""energy_captured"": 21176.05, ""energy_execution"": 933.75, ""energy_input"": 20000.0, ""energy_maintenance"": 16168.9, ""energy_released_on_death"": 176.05, ""energy_reproduction_cost"": 3936.0, ""energy_transferred_to_offspring"": 2624.0}",8453a5f9f111624d985edb98d096547532b491cdad35a8f7222ce5de517d824d
sensitivity,execution.maintenance_cost,0.4,execution.maintenance_cost=0.4,26,e482af8241334396,phase-zero-vm-0.2,phase-one-measurement-0.1,2000,17,320,315,31,3,23,3,22,23,22,19,19802,15,15,0,15,0.0,272,228,1.02e-08,"{""energy_exhausted_execution"": 131, ""energy_exhausted_maintenance"": 169, ""vm_fault:division_without_complete_copy"": 6, ""vm_fault:instruction_pointer_out_of_bounds:8"": 1, ""vm_fault:invalid_memory_address:8"": 1, ""vm_fault:invalid_program_address:8"": 6, ""vm_fault:invalid_register:8"": 1}","{""energy_captured"": 21104.0, ""energy_execution"": 959.35, ""energy_input"": 20000.0, ""energy_maintenance"": 16022.5, ""energy_released_on_death"": 104.0, ""energy_reproduction_cost"": 3840.0, ""energy_transferred_to_offspring"": 2560.0}",13e26773aa6b40624153ca0212ee04b4223866d9eb1f6ed0053f2c4a75540d51
sensitivity,execution.maintenance_cost,0.4,execution.maintenance_cost=0.4,27,c0e6c03893bf2dd0,phase-zero-vm-0.2,phase-one-measurement-0.1,2000,17,285,280,31,3,21,3,22,21,22,19,18259,16,13,0,13,0.0,272,228,1.03e-08,"{""energy_exhausted_execution"": 108, ""energy_exhausted_maintenance"": 156, ""vm_fault:division_without_complete_copy"": 6, ""vm_fault:instruction_pointer_out_of_bounds:8"": 2, ""vm_fault:invalid_program_address:248"": 2, ""vm_fault:invalid_program_address:8"": 6}","{""energy_captured"": 21117.3, ""energy_execution"": 887.5, ""energy_input"": 20000.0, ""energy_maintenance"": 16454.85, ""energy_released_on_death"": 117.3, ""energy_reproduction_cost"": 3420.0, ""energy_transferred_to_offspring"": 2280.0}",45c3b8843da5cb9c539f146f74e2ede36552b6e7d20383de5ee9ebb17a330442
sensitivity,execution.maintenance_cost,0.4,execution.maintenance_cost=0.4,28,ac4fa3296b5f9440,phase-zero-vm-0.2,phase-one-measurement-0.1,2000,20,286,278,31,3,21,3,21,21,21,18,17557,16,17,0,17,0.0,320,180,9.1e-09,"{""energy_exhausted_execution"": 97, ""energy_exhausted_maintenance"": 165, ""vm_fault:division_without_complete_copy"": 8, ""vm_fault:instruction_pointer_out_of_bounds:8"": 2, ""vm_fault:invalid_program_address:255"": 1, ""vm_fault:invalid_program_address:8"": 3, ""vm_fault:invalid_register:7"": 1, ""vm_fault:invalid_register:8"": 1}","{""energy_captured"": 21125.3, ""energy_execution"": 853.65, ""energy_input"": 20000.0, ""energy_maintenance"": 16772.4, ""energy_released_on_death"": 125.3, ""energy_reproduction_cost"": 3432.0, ""energy_transferred_to_offspring"": 2288.0}",4e09606b1cd463b54f3ebee2bfdd2cc5aed70636ceee5337e774ef4b0b7b4037
sensitivity,execution.maintenance_cost,0.4,execution.maintenance_cost=0.4,29,43e83b635264f217,phase-zero-vm-0.2,phase-one-measurement-0.1,2000,17,263,258,31,4,22,4,24,22,24,17,17188,17,13,0,13,0.0,272,228,8.7e-09,"{""energy_exhausted_execution"": 86, ""energy_exhausted_maintenance"": 155, ""vm_fault:division_without_complete_copy"": 8, ""vm_fault:instruction_pointer_out_of_bounds:8"": 1, ""vm_fault:invalid_memory_address:8"": 1, ""vm_fault:invalid_program_address:8"": 2, ""vm_fault:invalid_register:7"": 3, ""vm_fault:invalid_register:8"": 2}","{""energy_captured"": 21129.75, ""energy_execution"": 838.55, ""energy_input"": 20000.0, ""energy_maintenance"": 16892.6, ""energy_released_on_death"": 129.75, ""energy_reproduction_cost"": 3156.0, ""energy_transferred_to_offspring"": 2104.0}",5e33072f47451cc81c0f7969efc439dce7652ebc5ab72d952b792c7003676a4e
sensitivity,execution.maintenance_cost,0.4,execution.maintenance_cost=0.4,30,4dc6a8947424b588,phase-zero-vm-0.2,phase-one-measurement-0.1,2000,19,311,304,31,2,21,2,20,21,20,19,19347,15,16,0,16,0.0,304,196,1.04e-08,"{""energy_exhausted_execution"": 112, ""energy_exhausted_maintenance"": 177, ""vm_fault:division_without_complete_copy"": 10, ""vm_fault:instruction_pointer_out_of_bounds:8"": 1, ""vm_fault:invalid_program_address:255"": 1, ""vm_fault:invalid_program_address:8"": 1, ""vm_fault:invalid_register:7"": 2}","{""energy_captured"": 21112.9, ""energy_execution"": 941.05, ""energy_input"": 20000.0, ""energy_maintenance"": 16222.85, ""energy_released_on_death"": 112.9, ""energy_reproduction_cost"": 3732.0, ""energy_transferred_to_offspring"": 2488.0}",58abd45b52f4d5e542d188c1fd4b8ba8a6bd894e5c7ff66d80505be8e37c4d9f
sensitivity,reproduction.cost,6.0,reproduction.cost=6.0,1,8765dc40f9780236,phase-zero-vm-0.2,phase-one-measurement-0.1,2000,31,22,3,31,1,4,1,3,4,3,2,2312,3,31,31,0,0.0,496,4,-1.03e-08,"{""vm_fault:division_without_complete_copy"": 1, ""vm_fault:invalid_program_address:8"": 2}","{""energy_captured"": 21030.1, ""energy_execution"": 115.6, ""energy_input"": 20000.0, ""energy_maintenance"": 12367.8, ""energy_released_on_death"": 30.1, ""energy_reproduction_cost"": 132.0, ""energy_transferred_to_offspring"": 176.0}",d945770ddfdc6f5d49507d2533e589147aec1c184dfe1ee822eceb4b85d7797d
sensitivity,reproduction.cost,6.0,reproduction.cost=6.0,2,343b8ed634f9fe4f,phase-zero-vm-0.2,phase-one-measurement-0.1,2000,31,19,0,31,2,2,1,1,2,1,1,2100,0,31,31,0,0.0,496,4,-1.03e-08,{},"{""energy_captured"": 21000.0, ""energy_execution"": 105.0, ""energy_input"": 20000.0, ""energy_maintenance"": 12368.8, ""energy_released_on_death"": 0.0, ""energy_reproduction_cost"": 114.0, ""energy_transferred_to_offspring"": 152.0}",9559c9b5a9c5c38725bba9e93aadcc564953cb4f7c39ab365d661197fe9039dc
sensitivity,reproduction.cost,6.0,reproduction.cost=6.0,3,9951483fb1fad0c8,phase-zero-vm-0.2,phase-one-measurement-0.1,2000,31,20,1,31,1,2,1,1,2,1,2,3278,0,31,31,0,0.0,496,4,-1.03e-08,"{""energy_exhausted_execution"": 1}","{""energy_captured"": 21000.0, ""energy_execution"": 163.7, ""energy_input"": 20000.0, ""energy_maintenance"": 12368.6, ""energy_released_on_death"": 0.0, ""energy_reproduction_cost"": 120.0, ""energy_transferred_to_offspring"": 160.0}",0d4917e01b6d07932c0052a25fb911e567601d2e53d5b6391514a09247ae41d9
sensitivity,reproduction.cost,6.0,reproduction.cost=6.0,4,4f6f71d8ad662fcb,phase-zero-vm-0.2,phase-one-measurement-0.1,2000,31,19,0,31,1,1,1,1,1,0,1,2100,0,31,31,0,0.0,496,4,-1.03e-08,{},"{""energy_captured"": 21000.0, ""energy_execution"": 105.0, ""energy_input"": 20000.0, ""energy_maintenance"": 12368.8, ""energy_released_on_death"": 0.0, ""energy_reproduction_cost"": 114.0, ""energy_transferred_to_offspring"": 152.0}",61ece92be831db76e93ca9e212b3552b284364b798aba6f836d8ecde4569aaa3
sensitivity,reproduction.cost,6.0,reproduction.cost=6.0,5,8e34660fa4c5a057,phase-zero-vm-0.2,phase-one-measurement-0.1,2000,31,20,1,31,1,2,1,1,2,1,1,2183,1,31,31,0,0.0,496,4,-1.03e-08,"{""vm_fault:invalid_program_address:8"": 1}","{""energy_captured"": 21010.75, ""energy_execution"": 109.15, ""energy_input"": 20000.0, ""energy_maintenance"": 12368.8, ""energy_released_on_death"": 10.75, ""energy_reproduction_cost"": 120.0, ""energy_transferred_to_offspring"": 160.0}",438e4fad2fa8676a7bee99eb01fb241b8492743fe42a8f85f8fb098de071728a
sensitivity,reproduction.cost,6.0,reproduction.cost=6.0,6,b6a78698a9cd628a,phase-zero-vm-0.2,phase-one-measurement-0.1,2000,31,21,2,31,1,3,1,2,3,2,2,2226,2,31,31,0,0.0,496,4,-1.03e-08,"{""vm_fault:instruction_pointer_out_of_bounds:8"": 1, ""vm_fault:invalid_register:8"": 1}","{""energy_captured"": 21019.5, ""energy_execution"": 111.3, ""energy_input"": 20000.0, ""energy_maintenance"": 12368.8, ""energy_released_on_death"": 19.5, ""energy_reproduction_cost"": 126.0, ""energy_transferred_to_offspring"": 168.0}",eca657328fc0f9eaaf9c6266df84f8d07e69168c87118a883573b692c29be6d4
sensitivity,reproduction.cost,6.0,reproduction.cost=6.0,7,c072e6eb7803c5a6,phase-zero-vm-0.2,phase-one-measurement-0.1,2000,31,20,1,31,1,2,1,1,2,1,1,2149,1,31,31,0,0.0,496,4,-1.03e-08,"{""vm_fault:division_without_complete_copy"": 1}","{""energy_captured"": 21008.45, ""energy_execution"": 107.45, ""energy_input"": 20000.0, ""energy_maintenance"": 12367.8, ""energy_released_on_death"": 8.45, ""energy_reproduction_cost"": 120.0, ""energy_transferred_to_offspring"": 160.0}",cb08bcedaf82cb00fba08c09821600eea4858a5590248bdc9ffba603b07c705c
sensitivity,reproduction.cost,6.0,reproduction.cost=6.0,8,ea48aab7b71e8981,phase-zero-vm-0.2,phase-one-measurement-0.1,2000,31,21,2,31,2,4,1,3,4,3,2,3265,1,31,31,0,0.0,496,4,-1.03e-08,"{""energy_exhausted_maintenance"": 1, ""vm_fault:division_without_complete_copy"": 1}","{""energy_captured"": 21007.75, ""energy_execution"": 163.25, ""energy_input"": 20000.0, ""energy_maintenance"": 12368.6, ""energy_released_on_death"": 7.75, ""energy_reproduction_cost"": 126.0, ""energy_transferred_to_offspring"": 168.0}",380a5d2cc83da5ccff4da93b01f992b58aad1652f8a877f932ec7fd8651b448e
sensitivity,reproduction.cost,6.0,reproduction.cost=6.0,9,696f6831a033a629,phase-zero-vm-0.2,phase-one-measurement-0.1,2000,31,20,1,31,1,2,1,1,2,1,1,2147,1,31,31,0,0.0,496,4,-1.03e-08,"{""vm_fault:invalid_register:7"": 1}","{""energy_captured"": 21008.55, ""energy_execution"": 107.35, ""energy_input"": 20000.0, ""energy_maintenance"": 12367.8, ""energy_released_on_death"": 8.55, ""energy_reproduction_cost"": 120.0, ""energy_transferred_to_offspring"": 160.0}",0910474b7d0c3f638669d075c2b7f8d71bc1378fef8b409fdb924fb621f8ebd5
sensitivity,reproduction.cost,6.0,reproduction.cost=6.0,10,32d53380e3294da6,phase-zero-vm-0.2,phase-one-measurement-0.1,2000,31,21,2,31,1,3,1,2,3,2,2,2233,2,31,31,0,0.0,496,4,-1.03e-08,"{""vm_fault:division_without_complete_copy"": 1, ""vm_fault:invalid_program_address:8"": 1}","{""energy_captured"": 21019.15, ""energy_execution"": 111.65, ""energy_input"": 20000.0, ""energy_maintenance"": 12368.6, ""energy_released_on_death"": 19.15, ""energy_reproduction_cost"": 126.0, ""energy_transferred_to_offspring"": 168.0}",e0b48c8bc9d1d04432c56e912393232442eefa3e74521f6eca2eb18305352881
sensitivity,reproduction.cost,6.0,reproduction.cost=6.0,11,d2d4a131559f8f8d,phase-zero-vm-0.2,phase-one-measurement-0.1,2000,31,19,0,31,1,1,1,1,1,0,1,2100,0,31,31,0,0.0,496,4,-1.03e-08,{},"{""energy_captured"": 21000.0, ""energy_execution"": 105.0, ""energy_input"": 20000.0, ""energy_maintenance"": 12368.8, ""energy_released_on_death"": 0.0, ""energy_reproduction_cost"": 114.0, ""energy_transferred_to_offspring"": 152.0}",bb62b8f287d3ebe621ef114748464b9a5cb70172b55419969126b3a7e4ee66ce
sensitivity,reproduction.cost,6.0,reproduction.cost=6.0,12,323bad304327d7b0,phase-zero-vm-0.2,phase-one-measurement-0.1,2000,31,20,1,31,2,3,1,2,3,2,1,2183,1,31,31,0,0.0,496,4,-1.03e-08,"{""vm_fault:division_without_complete_copy"": 1}","{""energy_captured"": 21010.75, ""energy_execution"": 109.15, ""energy_input"": 20000.0, ""energy_maintenance"": 12368.8, ""energy_released_on_death"": 10.75, ""energy_reproduction_cost"": 120.0, ""energy_transferred_to_offspring"": 160.0}",abbdac9b686732c02310ff5eb67e82a676890f119bed59782855816ebf6aee36
sensitivity,reproduction.cost,6.0,reproduction.cost=6.0,13,9f47f2879e291d6c,phase-zero-vm-0.2,phase-one-measurement-0.1,2000,31,22,3,31,1,4,1,3,4,3,1,2259,3,31,31,0,0.0,496,4,-1.03e-08,"{""vm_fault:division_without_complete_copy"": 2, ""vm_fault:invalid_register:8"": 1}","{""energy_captured"": 21027.15, ""energy_execution"": 112.95, ""energy_input"": 20000.0, ""energy_maintenance"": 12366.4, ""energy_released_on_death"": 27.15, ""energy_reproduction_cost"": 132.0, ""energy_transferred_to_offspring"": 176.0}",a722358edbbf7437efe83ec7f1260a4154221105b06dce48e20ba2fc22714292
sensitivity,reproduction.cost,6.0,reproduction.cost=6.0,14,c83fa65c3df20522,phase-zero-vm-0.2,phase-one-measurement-0.1,2000,31,21,2,31,1,3,1,2,3,2,1,2226,2,31,31,0,0.0,496,4,-1.03e-08,"{""vm_fault:instruction_pointer_out_of_bounds:8"": 1, ""vm_fault:invalid_memory_address:8"": 1}","{""energy_captured"": 21019.5, ""energy_execution"": 111.3, ""energy_input"": 20000.0, ""energy_maintenance"": 12367.8, ""energy_released_on_death"": 19.5, ""energy_reproduction_cost"": 126.0, ""energy_transferred_to_offspring"": 168.0}",5b1a66cbed482c55007913d6bdae7bd2cffc2abdeaf24744c87a4dffc6ddab6f
sensitivity,reproduction.cost,6.0,reproduction.cost=6.0,15,217a9a9d5e496532,phase-zero-vm-0.2,phase-one-measurement-0.1,2000,31,24,5,31,1,5,1,5,5,5,2,2443,5,31,31,0,0.0,496,4,-1.03e-08,"{""vm_fault:division_without_complete_copy"": 2, ""vm_fault:invalid_program_address:248"": 1, ""vm_fault:invalid_program_address:8"": 2}","{""energy_captured"": 21049.35, ""energy_execution"": 122.15, ""energy_input"": 20000.0, ""energy_maintenance"": 12366.6, ""energy_released_on_death"": 49.35, ""energy_reproduction_cost"": 144.0, ""energy_transferred_to_offspring"": 192.0}",9f01d54d2748aafc54d991d257b5ea5ed1aa97f9b827126d3a58ee631c10ab18
sensitivity,reproduction.cost,6.0,reproduction.cost=6.0,16,9e635291655c2c3c,phase-zero-vm-0.2,phase-one-measurement-0.1,2000,31,19,0,31,1,1,1,1,1,0,1,2100,0,31,31,0,0.0,496,4,-1.03e-08,{},"{""energy_captured"": 21000.0, ""energy_execution"": 105.0, ""energy_input"": 20000.0, ""energy_maintenance"": 12368.8, ""energy_released_on_death"": 0.0, ""energy_reproduction_cost"": 114.0, ""energy_transferred_to_offspring"": 152.0}",acb9a499c9ba246802b6c81839ad71305cd2de0be20253e91c42987aad9c8a6e
sensitivity,reproduction.cost,6.0,reproduction.cost=6.0,17,3578c007ecf4571c,phase-zero-vm-0.2,phase-one-measurement-0.1,2000,31,20,1,31,1,2,1,1,2,1,2,3518,0,31,31,0,0.0,496,4,-1.03e-08,"{""energy_exhausted_execution"": 1}","{""energy_captured"": 21000.0, ""energy_execution"": 175.7, ""energy_input"": 20000.0, ""energy_maintenance"": 12368.8, ""energy_released_on_death"": 0.0, ""energy_reproduction_cost"": 120.0, ""energy_transferred_to_offspring"": 160.0}",f1cf2f6e3bf30083f0f152421a9c6ec6084fcb0abfd3c8b501bc1169ab372b33
sensitivity,reproduction.cost,6.0,reproduction.cost=6.0,18,6ce5953795c7d3c3,phase-zero-vm-0.2,phase-one-measurement-0.1,2000,31,20,1,31,1,2,1,1,2,1,1,2149,1,31,31,0,0.0,496,4,-1.03e-08,"{""vm_fault:invalid_program_address:255"": 1}","{""energy_captured"": 21008.45, ""energy_execution"": 107.45, ""energy_input"": 20000.0, ""energy_maintenance"": 12368.8, ""energy_released_on_death"": 8.45, ""energy_reproduction_cost"": 120.0, ""energy_transferred_to_offspring"": 160.0}",ec0177ad2fb9c164b1ca36164c68ef4bb96d19c2569288b8b742b10e57969660
sensitivity,reproduction.cost,6.0,reproduction.cost=6.0,19,a76a7e7b60b7561a,phase-zero-vm-0.2,phase-one-measurement-0.1,2000,31,20,1,31,1,2,1,1,2,1,1,2184,1,31,31,0,0.0,496,4,-1.03e-08,"{""vm_fault:instruction_pointer_out_of_bounds:8"": 1}","{""energy_captured"": 21010.7, ""energy_execution"": 109.2, ""energy_input"": 20000.0, ""energy_maintenance"": 12368.6, ""energy_released_on_death"": 10.7, ""energy_reproduction_cost"": 120.0, ""energy_transferred_to_offspring"": 160.0}",c8233c255f7a9633fd7fe27e852336895ba9fdc4ef139389e783b7dc358b69c2
sensitivity,reproduction.cost,6.0,reproduction.cost=6.0,20,b3331a35d988380c,phase-zero-vm-0.2,phase-one-measurement-0.1,2000,31,21,2,31,1,3,1,2,3,2,1,2233,2,31,31,0,0.0,496,4,-1.03e-08,"{""vm_fault:division_without_complete_copy"": 1, ""vm_fault:invalid_program_address:8"": 1}","{""energy_captured"": 21019.15, ""energy_execution"": 111.65, ""energy_input"": 20000.0, ""energy_maintenance"": 12367.8, ""energy_released_on_death"": 19.15, ""energy_reproduction_cost"": 126.0, ""energy_transferred_to_offspring"": 168.0}",61098f72941aa3672eeed131dde48dfeb87581b022df9b56a65e301ee2047f53
sensitivity,reproduction.cost,6.0,reproduction.cost=6.0,21,0f8b79a155eb98b1,phase-zero-vm-0.2,phase-one-measurement-0.1,2000,31,19,0,31,1,1,1,1,1,0,1,2100,0,31,31,0,0.0,496,4,-1.03e-08,{},"{""energy_captured"": 21000.0, ""energy_execution"": 105.0, ""energy_input"": 20000.0, ""energy_maintenance"": 12368.8, ""energy_released_on_death"": 0.0, ""energy_reproduction_cost"": 114.0, ""energy_transferred_to_offspring"": 152.0}",37ffbbc00ffb1c2cb148473fe9b398f5a1c14e68d6a12b7c185f54d45f0e2b67
sensitivity,reproduction.cost,6.0,reproduction.cost=6.0,22,799386b7b5a071e7,phase-zero-vm-0.2,phase-one-measurement-0.1,2000,31,21,2,31,1,3,1,2,3,2,1,2191,2,31,31,0,0.0,496,4,-1.03e-08,"{""vm_fault:division_without_complete_copy"": 2}","{""energy_captured"": 21017.25, ""energy_execution"": 109.55, ""energy_input"": 20000.0, ""energy_maintenance"": 12367.6, ""energy_released_on_death"": 17.25, ""energy_reproduction_cost"": 126.0, ""energy_transferred_to_offspring"": 168.0}",c1a842331315d1e75dd4ef03d8b5415f988c7280848227f1fb956f72f279ff88
sensitivity,reproduction.cost,6.0,reproduction.cost=6.0,23,f14acef8c2584afc,phase-zero-vm-0.2,phase-one-measurement-0.1,2000,31,21,2,31,2,3,2,3,3,3,1,2266,2,31,31,0,0.0,496,4,-1.03e-08,"{""vm_fault:division_without_complete_copy"": 2}","{""energy_captured"": 21021.5, ""energy_execution"": 113.3, ""energy_input"": 20000.0, ""energy_maintenance"": 12368.8, ""energy_released_on_death"": 21.5, ""energy_reproduction_cost"": 126.0, ""energy_transferred_to_offspring"": 168.0}",d32cc740b393baa69f3c3d5942dba6135f1b9d118a281b1d9ff41f4b9fb8b5fb
sensitivity,reproduction.cost,6.0,reproduction.cost=6.0,24,ab13026132b92d6c,phase-zero-vm-0.2,phase-one-measurement-0.1,2000,31,21,2,31,2,4,2,3,4,3,1,3386,1,31,31,0,0.0,496,4,-1.03e-08,"{""energy_exhausted_maintenance"": 1, ""vm_fault:invalid_program_address:8"": 1}","{""energy_captured"": 21010.7, ""energy_execution"": 169.3, ""energy_input"": 20000.0, ""energy_maintenance"": 12368.6, ""energy_released_on_death"": 10.7, ""energy_reproduction_cost"": 126.0, ""energy_transferred_to_offspring"": 168.0}",0c04dc7a5ab67258ea7e9b26d76e8817e033336d9724536274e4682a10a27501
sensitivity,reproduction.cost,6.0,reproduction.cost=6.0,25,c7f447fa3b1de99f,phase-zero-vm-0.2,phase-one-measurement-0.1,2000,31,19,0,31,1,1,1,1,1,0,1,2100,0,31,31,0,0.0,496,4,-1.03e-08,{},"{""energy_captured"": 21000.0, ""energy_execution"": 105.0, ""energy_input"": 20000.0, ""energy_maintenance"": 12368.8, ""energy_released_on_death"": 0.0, ""energy_reproduction_cost"": 114.0, ""energy_transferred_to_offspring"": 152.0}",a2987fe8e8b93244a1a2a3ed04c39afdb3d1a3b113f63ca833b7e24ca03ba569
sensitivity,reproduction.cost,6.0,reproduction.cost=6.0,26,9b67c90eaa1da772,phase-zero-vm-0.2,phase-one-measurement-0.1,2000,31,20,1,31,2,3,2,2,3,2,2,3198,0,30,30,0,0.0,496,4,-1.03e-08,"{""energy_exhausted_execution"": 1}","{""energy_captured"": 21000.0, ""energy_execution"": 159.7, ""energy_input"": 20000.0, ""energy_maintenance"": 12368.8, ""energy_released_on_death"": 0.0, ""energy_reproduction_cost"": 120.0, ""energy_transferred_to_offspring"": 160.0}",af904571f4146ed2a45c0d549a499b642fe95250597366bb1db909be64fda192
sensitivity,reproduction.cost,6.0,reproduction.cost=6.0,27,0e8ce58e7c5c387a,phase-zero-vm-0.2,phase-one-measurement-0.1,2000,31,20,1,31,1,2,1,1,2,1,1,2168,1,31,31,0,0.0,496,4,-1.03e-08,"{""vm_fault:division_without_complete_copy"": 1}","{""energy_captured"": 21009.9, ""energy_execution"": 108.4, ""energy_input"": 20000.0, ""energy_maintenance"": 12368.4, ""energy_released_on_death"": 9.9, ""energy_reproduction_cost"": 120.0, ""energy_transferred_to_offspring"": 160.0}",7b5ade3f3023894bc1e0175d315aa20ae2afcdfd10f8cb0b569fe4b9117f73c7
sensitivity,reproduction.cost,6.0,reproduction.cost=6.0,28,4df160b1d4366cba,phase-zero-vm-0.2,phase-one-measurement-0.1,2000,31,20,1,31,1,2,1,1,2,1,1,2181,1,31,31,0,0.0,496,4,-1.03e-08,"{""vm_fault:invalid_program_address:8"": 1}","{""energy_captured"": 21010.05, ""energy_execution"": 109.05, ""energy_input"": 20000.0, ""energy_maintenance"": 12368.6, ""energy_released_on_death"": 10.05, ""energy_reproduction_cost"": 120.0, ""energy_transferred_to_offspring"": 160.0}",90710cda6df871454358382904d32ea34d0b28b4118095f8ce2b4ca3c49707d4
sensitivity,reproduction.cost,6.0,reproduction.cost=6.0,29,3b6fb94ead91c292,phase-zero-vm-0.2,phase-one-measurement-0.1,2000,31,22,3,31,1,3,1,3,3,3,1,2245,3,31,31,0,0.0,496,4,-1.03e-08,"{""vm_fault:division_without_complete_copy"": 2, ""vm_fault:invalid_register:7"": 1}","{""energy_captured"": 21025.45, ""energy_execution"": 112.25, ""energy_input"": 20000.0, ""energy_maintenance"": 12366.8, ""energy_released_on_death"": 25.45, ""energy_reproduction_cost"": 132.0, ""energy_transferred_to_offspring"": 176.0}",e419cf8e87a03e76c7c3bfe093d1a99789faf3cbf202744f938265d7b7db9614
sensitivity,reproduction.cost,6.0,reproduction.cost=6.0,30,b676f6efa373ad3a,phase-zero-vm-0.2,phase-one-measurement-0.1,2000,31,21,2,31,1,3,1,2,3,2,1,3337,1,31,31,0,0.0,496,4,-1.03e-08,"{""energy_exhausted_execution"": 1, ""vm_fault:division_without_complete_copy"": 1}","{""energy_captured"": 21010.75, ""energy_execution"": 166.45, ""energy_input"": 20000.0, ""energy_maintenance"": 12368.8, ""energy_released_on_death"": 10.75, ""energy_reproduction_cost"": 126.0, ""energy_transferred_to_offspring"": 168.0}",ea75b827126b1a485f4872b228c853d57ae08531610e36ed7f26d8e6e60170dd
sensitivity,reproduction.cost,12.0,reproduction.cost=12.0,1,7d6516f717c33885,phase-zero-vm-0.2,phase-one-measurement-0.1,2000,31,22,3,31,1,4,1,3,4,3,2,2313,3,31,31,0,0.0,496,4,-1.02e-08,"{""vm_fault:division_without_complete_copy"": 1, ""vm_fault:invalid_program_address:8"": 2}","{""energy_captured"": 21030.05, ""energy_execution"": 115.65, ""energy_input"": 20000.0, ""energy_maintenance"": 12346.2, ""energy_released_on_death"": 30.05, ""energy_reproduction_cost"": 264.0, ""energy_transferred_to_offspring"": 176.0}",77ce431d1686a9cb43dd503952991a778d28213bfbd5adbe56d8b4820a3a4b02
sensitivity,reproduction.cost,12.0,reproduction.cost=12.0,2,e42bf3936a091ecc,phase-zero-vm-0.2,phase-one-measurement-0.1,2000,31,21,2,31,2,4,1,3,4,3,2,2232,2,31,31,0,0.0,496,4,-1.02e-08,"{""vm_fault:division_without_complete_copy"": 2}","{""energy_captured"": 21019.2, ""energy_execution"": 111.6, ""energy_input"": 20000.0, ""energy_maintenance"": 12352.0, ""energy_released_on_death"": 19.2, ""energy_reproduction_cost"": 252.0, ""energy_transferred_to_offspring"": 168.0}",230f21002a38935215882746819995b244746f5629c45bd4ea946b4f777eec87
sensitivity,reproduction.cost,12.0,reproduction.cost=12.0,3,0dc1464b063c732c,phase-zero-vm-0.2,phase-one-measurement-0.1,2000,31,20,1,31,1,2,1,1,2,1,2,3462,0,31,31,0,0.0,496,4,-1.02e-08,"{""energy_exhausted_maintenance"": 1}","{""energy_captured"": 21000.0, ""energy_execution"": 173.1, ""energy_input"": 20000.0, ""energy_maintenance"": 12351.8, ""energy_released_on_death"": 0.0, ""energy_reproduction_cost"": 240.0, ""energy_transferred_to_offspring"": 160.0}",5bf01132d9f6f3a1f487fc8339b262a4fab0b84e6fc07ffbb2f15c305cf9e3e2
sensitivity,reproduction.cost,12.0,reproduction.cost=12.0,4,6d37390f4cf389c3,phase-zero-vm-0.2,phase-one-measurement-0.1,2000,31,19,0,31,1,1,1,1,1,0,2,2100,0,31,31,0,0.0,496,4,-1.02e-08,{},"{""energy_captured"": 21000.0, ""energy_execution"": 105.0, ""energy_input"": 20000.0, ""energy_maintenance"": 12352.0, ""energy_released_on_death"": 0.0, ""energy_reproduction_cost"": 228.0, ""energy_transferred_to_offspring"": 152.0}",6641978f65152a7e143ab7bb3f1d624330f0164d9a831f8818ea2645bd0824aa
sensitivity,reproduction.cost,12.0,reproduction.cost=12.0,5,2f24b36eab269c10,phase-zero-vm-0.2,phase-one-measurement-0.1,2000,31,19,0,31,1,1,1,1,1,0,2,2100,0,31,31,0,0.0,496,4,-1.02e-08,{},"{""energy_captured"": 21000.0, ""energy_execution"": 105.0, ""energy_input"": 20000.0, ""energy_maintenance"": 12352.0, ""energy_released_on_death"": 0.0, ""energy_reproduction_cost"": 228.0, ""energy_transferred_to_offspring"": 152.0}",9d2ea2309aa0a7dcf06cdb3d8d8972ff98286ddb51fed5dc6e3974ce73c28af4
sensitivity,reproduction.cost,12.0,reproduction.cost=12.0,6,16a81a341d274537,phase-zero-vm-0.2,phase-one-measurement-0.1,2000,31,20,1,31,1,2,1,1,2,1,2,2149,1,31,31,0,0.0,496,4,-1.02e-08,"{""vm_fault:division_without_complete_copy"": 1}","{""energy_captured"": 21008.45, ""energy_execution"": 107.45, ""energy_input"": 20000.0, ""energy_maintenance"": 12352.0, ""energy_released_on_death"": 8.45, ""energy_reproduction_cost"": 240.0, ""energy_transferred_to_offspring"": 160.0}",b818e075ae67553041d654c3de223ee190a2aa493839f13774c03e44b5c1e710
sensitivity,reproduction.cost,12.0,reproduction.cost=12.0,7,36ad6da380056418,phase-zero-vm-0.2,phase-one-measurement-0.1,2000,31,20,1,31,1,2,1,1,2,1,2,2149,1,31,31,0,0.0,496,4,-1.02e-08,"{""vm_fault:division_without_complete_copy"": 1}","{""energy_captured"": 21008.45, ""energy_execution"": 107.45, ""energy_input"": 20000.0, ""energy_maintenance"": 12348.6, ""energy_released_on_death"": 8.45, ""energy_reproduction_cost"": 240.0, ""energy_transferred_to_offspring"": 160.0}",45e89c41fd1413a8af84b8ee9b19b0e7eec8f11e0966277af193ed93fa6217c3
sensitivity,reproduction.cost,12.0,reproduction.cost=12.0,8,e06f904adf74a3d2,phase-zero-vm-0.2,phase-one-measurement-0.1,2000,31,20,1,31,3,4,2,3,4,3,2,3157,0,30,30,0,0.0,496,4,-1.02e-08,"{""energy_exhausted_execution"": 1}","{""energy_captured"": 21000.0, ""energy_execution"": 157.65, ""energy_input"": 20000.0, ""energy_maintenance"": 12352.0, ""energy_released_on_death"": 0.0, ""energy_reproduction_cost"": 240.0, ""energy_transferred_to_offspring"": 160.0}",a4b791f7c0893a733268929c91eb581ecdd2dfd10a5b37631c9e450aba208a7e
sensitivity,reproduction.cost,12.0,reproduction.cost=12.0,9,1ae1f50134bf085d,phase-zero-vm-0.2,phase-one-measurement-0.1,2000,31,21,2,31,1,3,1,2,3,2,2,3109,1,31,31,0,0.0,496,4,-1.02e-08,"{""energy_exhausted_maintenance"": 1, ""vm_fault:invalid_register:7"": 1}","{""energy_captured"": 21008.55, ""energy_execution"": 155.45, ""energy_input"": 20000.0, ""energy_maintenance"": 12348.4, ""energy_released_on_death"": 8.55, ""energy_reproduction_cost"": 252.0, ""energy_transferred_to_offspring"": 168.0}",332b929fb15610e09b2801596ec7bfa9a3736e53460d3cc4d2a6aecbf74d52c5
sensitivity,reproduction.cost,12.0,reproduction.cost=12.0,10,a791c95105f7560e,phase-zero-vm-0.2,phase-one-measurement-0.1,2000,31,20,1,31,1,2,1,1,2,1,2,2142,1,31,31,0,0.0,496,4,-1.02e-08,"{""vm_fault:invalid_register:8"": 1}","{""energy_captured"": 21008.8, ""energy_execution"": 107.1, ""energy_input"": 20000.0, ""energy_maintenance"": 12352.0, ""energy_released_on_death"": 8.8, ""energy_reproduction_cost"": 240.0, ""energy_transferred_to_offspring"": 160.0}",d8d767ae6ef78e057a50efe8c19e3eaaf9d39a822200da62e85b463ca3d8d97f
sensitivity,reproduction.cost,12.0,reproduction.cost=12.0,11,0198bf9d5210f796,phase-zero-vm-0.2,phase-one-measurement-0.1,2000,31,19,0,31,1,1,1,1,1,0,2,2100,0,31,31,0,0.0,496,4,-1.02e-08,{},"{""energy_captured"": 21000.0, ""energy_execution"": 105.0, ""energy_input"": 20000.0, ""energy_maintenance"": 12352.0, ""energy_released_on_death"": 0.0, ""energy_reproduction_cost"": 228.0, ""energy_transferred_to_offspring"": 152.0}",62bc4ab9cf65adffd87ad89669b12756076a3bda4333b804f54209d073eda58c
sensitivity,reproduction.cost,12.0,reproduction.cost=12.0,12,2e3f6d80a2a8240a,phase-zero-vm-0.2,phase-one-measurement-0.1,2000,31,20,1,31,2,3,1,2,3,2,2,2183,1,31,31,0,0.0,496,4,-1.02e-08,"{""vm_fault:division_without_complete_copy"": 1}","{""energy_captured"": 21010.75, ""energy_execution"": 109.15, ""energy_input"": 20000.0, ""energy_maintenance"": 12349.6, ""energy_released_on_death"": 10.75, ""energy_reproduction_cost"": 240.0, ""energy_transferred_to_offspring"": 160.0}",523d7669427640fdb9ba8d8a2ca36ececc76fe731b9497d66fda54c7b8e58d35
sensitivity,reproduction.cost,12.0,reproduction.cost=12.0,13,1e7a16db551e1de5,phase-zero-vm-0.2,phase-one-measurement-0.1,2000,31,23,4,31,1,5,1,4,5,4,2,2343,4,31,31,0,0.0,496,4,-1.02e-08,"{""vm_fault:division_without_complete_copy"": 2, ""vm_fault:instruction_pointer_out_of_bounds:8"": 1, ""vm_fault:invalid_register:8"": 1}","{""energy_captured"": 21037.85, ""energy_execution"": 117.15, ""energy_input"": 20000.0, ""energy_maintenance"": 12342.4, ""energy_released_on_death"": 37.85, ""energy_reproduction_cost"": 276.0, ""energy_transferred_to_offspring"": 184.0}",4ef4da1efc78acf517e30d70996a73d3c18aabbaf40d935de799c8e13d4eabfe
sensitivity,reproduction.cost,12.0,reproduction.cost=12.0,14,3b9d67cff39b49a5,phase-zero-vm-0.2,phase-one-measurement-0.1,2000,31,21,2,31,1,3,1,2,3,2,2,2226,2,31,31,0,0.0,496,4,-1.02e-08,"{""vm_fault:instruction_pointer_out_of_bounds:8"": 1, ""vm_fault:invalid_memory_address:8"": 1}","{""energy_captured"": 21019.5, ""energy_execution"": 111.3, ""energy_input"": 20000.0, ""energy_maintenance"": 12346.2, ""energy_released_on_death"": 19.5, ""energy_reproduction_cost"": 252.0, ""energy_transferred_to_offspring"": 168.0}",250ef430f7b1772cb03f33ea1975f68fd45f8f4c657965b3a758dbda6992a271
sensitivity,reproduction.cost,12.0,reproduction.cost=12.0,15,3e9b9824608e1ac0,phase-zero-vm-0.2,phase-one-measurement-0.1,2000,31,22,3,31,1,4,1,3,4,3,2,2276,3,31,31,0,0.0,496,4,-1.02e-08,"{""vm_fault:division_without_complete_copy"": 1, ""vm_fault:invalid_program_address:248"": 1, ""vm_fault:invalid_program_address:8"": 1}","{""energy_captured"": 21027.9, ""energy_execution"": 113.8, ""energy_input"": 20000.0, ""energy_maintenance"": 12342.8, ""energy_released_on_death"": 27.9, ""energy_reproduction_cost"": 264.0, ""energy_transferred_to_offspring"": 176.0}",f87379af34c82efed95917bf725ab6672a4381243474bfd1ea984211fc9dd367
sensitivity,reproduction.cost,12.0,reproduction.cost=12.0,16,0b819d44294e1c09,phase-zero-vm-0.2,phase-one-measurement-0.1,2000,31,19,0,31,1,1,1,1,1,0,2,2100,0,31,31,0,0.0,496,4,-1.02e-08,{},"{""energy_captured"": 21000.0, ""energy_execution"": 105.0, ""energy_input"": 20000.0, ""energy_maintenance"": 12352.0, ""energy_released_on_death"": 0.0, ""energy_reproduction_cost"": 228.0, ""energy_transferred_to_offspring"": 152.0}",7b5126d968b3b34c6f16afe91d25f7989bc7b06fdf3f335d81d4906cdb316424
sensitivity,reproduction.cost,12.0,reproduction.cost=12.0,17,b2f5e47fcced7441,phase-zero-vm-0.2,phase-one-measurement-0.1,2000,31,20,1,31,1,2,1,1,2,1,2,3614,0,31,31,0,0.0,496,4,-1.02e-08,"{""energy_exhausted_execution"": 1}","{""energy_captured"": 21000.0, ""energy_execution"": 180.3, ""energy_input"": 20000.0, ""energy_maintenance"": 12352.0, ""energy_released_on_death"": 0.0, ""energy_reproduction_cost"": 240.0, ""energy_transferred_to_offspring"": 160.0}",937d55afa561a517599e5a665e2c6a9ae28462843656172ae9adb8e9e3cf3246
sensitivity,reproduction.cost,12.0,reproduction.cost=12.0,18,00503b7ec207c861,phase-zero-vm-0.2,phase-one-measurement-0.1,2000,31,19,0,31,2,2,1,1,2,1,2,2100,0,30,30,0,0.0,496,4,-1.02e-08,{},"{""energy_captured"": 21000.0, ""energy_execution"": 105.0, ""energy_input"": 20000.0, ""energy_maintenance"": 12352.0, ""energy_released_on_death"": 0.0, ""energy_reproduction_cost"": 228.0, ""energy_transferred_to_offspring"": 152.0}",25cd5755aa3db242986227e2a72f9945856ad43c22dac02d8ca34893644ab883
sensitivity,reproduction.cost,12.0,reproduction.cost=12.0,19,4ad7c4ce55fba492,phase-zero-vm-0.2,phase-one-measurement-0.1,2000,31,21,2,31,1,3,1,2,3,2,2,2268,2,31,31,0,0.0,496,4,-1.02e-08,"{""vm_fault:instruction_pointer_out_of_bounds:8"": 1, ""vm_fault:invalid_program_address:8"": 1}","{""energy_captured"": 21021.4, ""energy_execution"": 113.4, ""energy_input"": 20000.0, ""energy_maintenance"": 12349.6, ""energy_released_on_death"": 21.4, ""energy_reproduction_cost"": 252.0, ""energy_transferred_to_offspring"": 168.0}",dcc31d8086a1f48e17054e62dc201f354df689d5a1478ec6f24afb78bb1e260f
sensitivity,reproduction.cost,12.0,reproduction.cost=12.0,20,7459e1b194d0a7f9,phase-zero-vm-0.2,phase-one-measurement-0.1,2000,31,22,3,31,1,4,1,3,4,3,2,2280,3,31,31,0,0.0,496,4,-1.02e-08,"{""vm_fault:division_without_complete_copy"": 1, ""vm_fault:invalid_program_address:8"": 1, ""vm_fault:invalid_register:7"": 1}","{""energy_captured"": 21027.7, ""energy_execution"": 114.0, ""energy_input"": 20000.0, ""energy_maintenance"": 12346.2, ""energy_released_on_death"": 27.7, ""energy_reproduction_cost"": 264.0, ""energy_transferred_to_offspring"": 176.0}",e411e80f5b788490d5ca6606e1785e3183be917384af019c6806284e1fa721f7
sensitivity,reproduction.cost,12.0,reproduction.cost=12.0,21,6ac916025e145a5d,phase-zero-vm-0.2,phase-one-measurement-0.1,2000,31,20,1,31,1,2,1,1,2,1,2,2149,1,31,31,0,0.0,496,4,-1.02e-08,"{""vm_fault:invalid_program_address:255"": 1}","{""energy_captured"": 21008.45, ""energy_execution"": 107.45, ""energy_input"": 20000.0, ""energy_maintenance"": 12352.0, ""energy_released_on_death"": 8.45, ""energy_reproduction_cost"": 240.0, ""energy_transferred_to_offspring"": 160.0}",96e43f53317c9fa4570f56c4ba013bf722767e6ba32f41850301caf1c85fedd6
sensitivity,reproduction.cost,12.0,reproduction.cost=12.0,22,d502fb069a160b2a,phase-zero-vm-0.2,phase-one-measurement-0.1,2000,31,20,1,31,1,2,1,1,2,1,2,2148,1,31,31,0,0.0,496,4,-1.02e-08,"{""vm_fault:division_without_complete_copy"": 1}","{""energy_captured"": 21008.5, ""energy_execution"": 107.4, ""energy_input"": 20000.0, ""energy_maintenance"": 12348.6, ""energy_released_on_death"": 8.5, ""energy_reproduction_cost"": 240.0, ""energy_transferred_to_offspring"": 160.0}",358bb23363dc3fde4d75ec16eb806c8575e53a264fcbeb1e70a99fe0f19c887c
sensitivity,reproduction.cost,12.0,reproduction.cost=12.0,23,e4b38c015164d2de,phase-zero-vm-0.2,phase-one-measurement-0.1,2000,31,20,1,31,2,3,2,2,3,2,2,2183,1,31,31,0,0.0,496,4,-1.02e-08,"{""vm_fault:division_without_complete_copy"": 1}","{""energy_captured"": 21010.75, ""energy_execution"": 109.15, ""energy_input"": 20000.0, ""energy_maintenance"": 12349.6, ""energy_released_on_death"": 10.75, ""energy_reproduction_cost"": 240.0, ""energy_transferred_to_offspring"": 160.0}",0d359d45c44e0185928b8c6698c8243128d6bbfcf93ad3483554b889578b5c26
sensitivity,reproduction.cost,12.0,reproduction.cost=12.0,24,e00072311fde385a,phase-zero-vm-0.2,phase-one-measurement-0.1,2000,31,21,2,31,1,3,1,2,3,2,2,2233,2,31,31,0,0.0,496,4,-1.02e-08,"{""vm_fault:division_without_complete_copy"": 1, ""vm_fault:invalid_program_address:8"": 1}","{""energy_captured"": 21019.15, ""energy_execution"": 111.65, ""energy_input"": 20000.0, ""energy_maintenance"": 12349.6, ""energy_released_on_death"": 19.15, ""energy_reproduction_cost"": 252.0, ""energy_transferred_to_offspring"": 168.0}",4909f1630b3b2c5f55606b9b3506c220046910cba0043b6717101fbb40e18ff9
sensitivity,reproduction.cost,12.0,reproduction.cost=12.0,25,291f1f48f94d9c1a,phase-zero-vm-0.2,phase-one-measurement-0.1,2000,31,20,1,31,1,2,1,1,2,1,2,2184,1,31,31,0,0.0,496,4,-1.02e-08,"{""vm_fault:instruction_pointer_out_of_bounds:8"": 1}","{""energy_captured"": 21010.7, ""energy_execution"": 109.2, ""energy_input"": 20000.0, ""energy_maintenance"": 12352.0, ""energy_released_on_death"": 10.7, ""energy_reproduction_cost"": 240.0, ""energy_transferred_to_offspring"": 160.0}",1a283152693b78c49b29dc7684f6bc6eeb55beb5331111c4f760d714990c3c93
sensitivity,reproduction.cost,12.0,reproduction.cost=12.0,26,9c8bcc6c9cf24143,phase-zero-vm-0.2,phase-one-measurement-0.1,2000,31,20,1,31,2,3,2,2,3,2,2,3278,0,30,30,0,0.0,496,4,-1.02e-08,"{""energy_exhausted_execution"": 1}","{""energy_captured"": 21000.0, ""energy_execution"": 163.7, ""energy_input"": 20000.0, ""energy_maintenance"": 12351.8, ""energy_released_on_death"": 0.0, ""energy_reproduction_cost"": 240.0, ""energy_transferred_to_offspring"": 160.0}",539d68810ea9cc4966ae9b0b6a7538f0fbb01b7c0e8bd51b4037519810a6f64d
sensitivity,reproduction.cost,12.0,reproduction.cost=12.0,27,08f7a7d4e510f96a,phase-zero-vm-0.2,phase-one-measurement-0.1,2000,31,20,1,31,1,2,1,1,2,1,2,2168,1,31,31,0,0.0,496,4,-1.02e-08,"{""vm_fault:division_without_complete_copy"": 1}","{""energy_captured"": 21009.9, ""energy_execution"": 108.4, ""energy_input"": 20000.0, ""energy_maintenance"": 12349.2, ""energy_released_on_death"": 9.9, ""energy_reproduction_cost"": 240.0, ""energy_transferred_to_offspring"": 160.0}",800e573914a2787cbb0d7c2628c3ff0b9502844febcc074f28776428f0947bcc
sensitivity,reproduction.cost,12.0,reproduction.cost=12.0,28,32f27cd4cf9c699d,phase-zero-vm-0.2,phase-one-measurement-0.1,2000,31,20,1,31,1,2,1,1,2,1,2,2181,1,31,31,0,0.0,496,4,-1.02e-08,"{""vm_fault:invalid_program_address:8"": 1}","{""energy_captured"": 21010.05, ""energy_execution"": 109.05, ""energy_input"": 20000.0, ""energy_maintenance"": 12349.4, ""energy_released_on_death"": 10.05, ""energy_reproduction_cost"": 240.0, ""energy_transferred_to_offspring"": 160.0}",37f69143d05aa9dea5f4c8b0ec503881ac43f079730bf1f22542e7d3fef8a475
sensitivity,reproduction.cost,12.0,reproduction.cost=12.0,29,a7ca645643b0ee72,phase-zero-vm-0.2,phase-one-measurement-0.1,2000,31,21,2,31,1,3,1,2,3,2,2,2196,2,31,31,0,0.0,496,4,-1.02e-08,"{""vm_fault:division_without_complete_copy"": 1, ""vm_fault:invalid_register:7"": 1}","{""energy_captured"": 21017.0, ""energy_execution"": 109.8, ""energy_input"": 20000.0, ""energy_maintenance"": 12345.2, ""energy_released_on_death"": 17.0, ""energy_reproduction_cost"": 252.0, ""energy_transferred_to_offspring"": 168.0}",cc1c2d7d270776cb609bc07093215b72c6168453f1c91434a8dd3aa7ea2797ee
sensitivity,reproduction.cost,12.0,reproduction.cost=12.0,30,c0963953ad59834f,phase-zero-vm-0.2,phase-one-measurement-0.1,2000,31,21,2,31,1,3,1,2,3,2,2,3385,1,31,31,0,0.0,496,4,-1.02e-08,"{""energy_exhausted_maintenance"": 1, ""vm_fault:division_without_complete_copy"": 1}","{""energy_captured"": 21010.75, ""energy_execution"": 169.25, ""energy_input"": 20000.0, ""energy_maintenance"": 12349.4, ""energy_released_on_death"": 10.75, ""energy_reproduction_cost"": 252.0, ""energy_transferred_to_offspring"": 168.0}",8cf8badefee2b3ce61e2a39bc44d59ce93fa7826982c65eb1f92e1bebf374fcd
sensitivity,reproduction.cost,24.0,reproduction.cost=24.0,1,3d47816a61901491,phase-zero-vm-0.2,phase-one-measurement-0.1,2000,31,21,2,31,1,3,1,2,3,2,2,2226,2,31,31,0,0.0,496,4,-1e-08,"{""vm_fault:division_without_complete_copy"": 1, ""vm_fault:instruction_pointer_out_of_bounds:8"": 1}","{""energy_captured"": 21019.5, ""energy_execution"": 111.3, ""energy_input"": 20000.0, ""energy_maintenance"": 12296.4, ""energy_released_on_death"": 19.5, ""energy_reproduction_cost"": 504.0, ""energy_transferred_to_offspring"": 168.0}",019085c1cdd529b6c5e6cb8f64f551a909d837895b1fcc2c3fad516d20d2d7fc
sensitivity,reproduction.cost,24.0,reproduction.cost=24.0,2,5be22ccad94f72d0,phase-zero-vm-0.2,phase-one-measurement-0.1,2000,31,19,0,31,2,2,1,1,2,1,2,2100,0,31,31,0,0.0,496,4,-1.01e-08,{},"{""energy_captured"": 21000.0, ""energy_execution"": 105.0, ""energy_input"": 20000.0, ""energy_maintenance"": 12308.2, ""energy_released_on_death"": 0.0, ""energy_reproduction_cost"": 456.0, ""energy_transferred_to_offspring"": 152.0}",1fbfb3b774f23c467fcb31045693a462ef65a36ca4cb3e5604b35b406a4935de
sensitivity,reproduction.cost,24.0,reproduction.cost=24.0,3,db8716863ce6b4c2,phase-zero-vm-0.2,phase-one-measurement-0.1,2000,31,20,1,31,1,2,1,1,2,1,2,2149,1,31,31,0,0.0,496,4,-1.01e-08,"{""vm_fault:division_without_complete_copy"": 1}","{""energy_captured"": 21008.45, ""energy_execution"": 107.45, ""energy_input"": 20000.0, ""energy_maintenance"": 12308.2, ""energy_released_on_death"": 8.45, ""energy_reproduction_cost"": 480.0, ""energy_transferred_to_offspring"": 160.0}",0495f0ec39d03bebbd90d49b74084e3b7dacd0458ad25e982ca082e350c0082d
sensitivity,reproduction.cost,24.0,reproduction.cost=24.0,4,caaafa69b78fcda5,phase-zero-vm-0.2,phase-one-measurement-0.1,2000,31,20,1,31,1,2,1,1,2,1,2,2149,1,31,31,0,0.0,496,4,-1.01e-08,"{""vm_fault:division_without_complete_copy"": 1}","{""energy_captured"": 21008.45, ""energy_execution"": 107.45, ""energy_input"": 20000.0, ""energy_maintenance"": 12308.2, ""energy_released_on_death"": 8.45, ""energy_reproduction_cost"": 480.0, ""energy_transferred_to_offspring"": 160.0}",f64195069def363e0f2ab69c140a6f225a5670d8c2ff8cc00920aad50dcc3ed6
sensitivity,reproduction.cost,24.0,reproduction.cost=24.0,5,cc8ec9443c1a9536,phase-zero-vm-0.2,phase-one-measurement-0.1,2000,31,19,0,31,1,1,1,1,1,0,2,2100,0,31,31,0,0.0,496,4,-1.01e-08,{},"{""energy_captured"": 21000.0, ""energy_execution"": 105.0, ""energy_input"": 20000.0, ""energy_maintenance"": 12308.2, ""energy_released_on_death"": 0.0, ""energy_reproduction_cost"": 456.0, ""energy_transferred_to_offspring"": 152.0}",3f3b61a981e88eda0850c243397b358ec260e55bd3ada41ac13c1b3404fbc9da
sensitivity,reproduction.cost,24.0,reproduction.cost=24.0,6,b395e54043e9ffba,phase-zero-vm-0.2,phase-one-measurement-0.1,2000,31,19,0,31,2,2,1,1,2,1,2,2100,0,31,31,0,0.0,496,4,-1.01e-08,{},"{""energy_captured"": 21000.0, ""energy_execution"": 105.0, ""energy_input"": 20000.0, ""energy_maintenance"": 12308.2, ""energy_released_on_death"": 0.0, ""energy_reproduction_cost"": 456.0, ""energy_transferred_to_offspring"": 152.0}",f617853d36f93cb8b93cf04555beeaf98e94c2b62a969d353e767860cac48797
sensitivity,reproduction.cost,24.0,reproduction.cost=24.0,7,3a35448e46134c06,phase-zero-vm-0.2,phase-one-measurement-0.1,2000,31,20,1,31,1,2,1,1,2,1,2,2184,1,31,31,0,0.0,496,4,-1e-08,"{""vm_fault:invalid_program_address:8"": 1}","{""energy_captured"": 21010.7, ""energy_execution"": 109.2, ""energy_input"": 20000.0, ""energy_maintenance"": 12302.8, ""energy_released_on_death"": 10.7, ""energy_reproduction_cost"": 480.0, ""energy_transferred_to_offspring"": 160.0}",5a65056bb2f55714a691fe80d37a62d533d657f2cf6f8fba6a1942f6c58bcde7
sensitivity,reproduction.cost,24.0,reproduction.cost=24.0,8,5203f4e34f8cb483,phase-zero-vm-0.2,phase-one-measurement-0.1,2000,31,23,4,31,1,5,1,4,5,4,2,2398,4,31,31,0,0.0,496,4,-1e-08,"{""vm_fault:division_without_complete_copy"": 2, ""vm_fault:instruction_pointer_out_of_bounds:8"": 1, ""vm_fault:invalid_program_address:8"": 1}","{""energy_captured"": 21040.7, ""energy_execution"": 119.9, ""energy_input"": 20000.0, ""energy_maintenance"": 12295.8, ""energy_released_on_death"": 40.7, ""energy_reproduction_cost"": 552.0, ""energy_transferred_to_offspring"": 184.0}",b3b1083b4a8ce2baf7dbdd4feb97dc87118814f72f2d58f36328f51caa84726a
sensitivity,reproduction.cost,24.0,reproduction.cost=24.0,9,7720a24f898c2b6e,phase-zero-vm-0.2,phase-one-measurement-0.1,2000,31,20,1,31,1,2,1,1,2,1,2,2184,1,31,31,0,0.0,496,4,-1e-08,"{""vm_fault:instruction_pointer_out_of_bounds:8"": 1}","{""energy_captured"": 21010.7, ""energy_execution"": 109.2, ""energy_input"": 20000.0, ""energy_maintenance"": 12302.8, ""energy_released_on_death"": 10.7, ""energy_reproduction_cost"": 480.0, ""energy_transferred_to_offspring"": 160.0}",679d7beb28427dee4fa5cb581d67d75059511afae78ccc83cfd6f773d6e15126
sensitivity,reproduction.cost,24.0,reproduction.cost=24.0,10,0642d87086d07ffa,phase-zero-vm-0.2,phase-one-measurement-0.1,2000,31,20,1,31,1,2,1,1,2,1,2,2142,1,31,31,0,0.0,496,4,-1e-08,"{""vm_fault:invalid_memory_address:8"": 1}","{""energy_captured"": 21008.8, ""energy_execution"": 107.1, ""energy_input"": 20000.0, ""energy_maintenance"": 12301.8, ""energy_released_on_death"": 8.8, ""energy_reproduction_cost"": 480.0, ""energy_transferred_to_offspring"": 160.0}",5d56ce2f4a77df7180ac18e34e16297b42ad7c89d6ec0786dd0b7c1afc08a4ef
sensitivity,reproduction.cost,24.0,reproduction.cost=24.0,11,5c7a41592490c713,phase-zero-vm-0.2,phase-one-measurement-0.1,2000,31,19,0,31,1,1,1,1,1,0,2,2100,0,31,31,0,0.0,496,4,-1.01e-08,{},"{""energy_captured"": 21000.0, ""energy_execution"": 105.0, ""energy_input"": 20000.0, ""energy_maintenance"": 12308.2, ""energy_released_on_death"": 0.0, ""energy_reproduction_cost"": 456.0, ""energy_transferred_to_offspring"": 152.0}",2f3aa1c969ada63d7cb94438df538ecd4093dfac1e5ef3a4b71e9f2a741cfc7c
sensitivity,reproduction.cost,24.0,reproduction.cost=24.0,12,fad39fd7fef5762d,phase-zero-vm-0.2,phase-one-measurement-0.1,2000,31,20,1,31,1,2,1,1,2,1,2,2183,1,31,31,0,0.0,496,4,-1e-08,"{""vm_fault:division_without_complete_copy"": 1}","{""energy_captured"": 21010.75, ""energy_execution"": 109.15, ""energy_input"": 20000.0, ""energy_maintenance"": 12302.8, ""energy_released_on_death"": 10.75, ""energy_reproduction_cost"": 480.0, ""energy_transferred_to_offspring"": 160.0}",00766b583fcb00926be2258b38983091118c64db86bd2901a05b5ae46139491c
sensitivity,reproduction.cost,24.0,reproduction.cost=24.0,13,8f2a7ef24fbd9f06,phase-zero-vm-0.2,phase-one-measurement-0.1,2000,31,22,3,31,1,4,1,3,4,3,2,2317,3,31,31,0,0.0,496,4,-1e-08,"{""vm_fault:division_without_complete_copy"": 1, ""vm_fault:instruction_pointer_out_of_bounds:8"": 2}","{""energy_captured"": 21029.85, ""energy_execution"": 115.85, ""energy_input"": 20000.0, ""energy_maintenance"": 12296.2, ""energy_released_on_death"": 29.85, ""energy_reproduction_cost"": 528.0, ""energy_transferred_to_offspring"": 176.0}",8ffeaf2e83ccff212661699a04cfc4502fee05506c03042d719ec83928cb60bf
sensitivity,reproduction.cost,24.0,reproduction.cost=24.0,14,18bb3f9e3e82eb72,phase-zero-vm-0.2,phase-one-measurement-0.1,2000,31,20,1,31,1,2,1,1,2,1,2,2774,0,31,31,0,0.0,496,4,-1.01e-08,"{""energy_exhausted_execution"": 1}","{""energy_captured"": 21000.0, ""energy_execution"": 138.3, ""energy_input"": 20000.0, ""energy_maintenance"": 12308.2, ""energy_released_on_death"": 0.0, ""energy_reproduction_cost"": 480.0, ""energy_transferred_to_offspring"": 160.0}",3e9bcffe57a0af0886bc463f5efe2bbec2ade3fbb848541eea5b1780276a65c3
sensitivity,reproduction.cost,24.0,reproduction.cost=24.0,15,2834ba72edfd31d4,phase-zero-vm-0.2,phase-one-measurement-0.1,2000,31,24,5,31,1,5,1,5,5,5,2,2443,5,31,31,0,0.0,496,4,-1e-08,"{""vm_fault:division_without_complete_copy"": 1, ""vm_fault:instruction_pointer_out_of_bounds:8"": 1, ""vm_fault:invalid_program_address:8"": 2, ""vm_fault:invalid_register:8"": 1}","{""energy_captured"": 21049.35, ""energy_execution"": 122.15, ""energy_input"": 20000.0, ""energy_maintenance"": 12287.0, ""energy_released_on_death"": 49.35, ""energy_reproduction_cost"": 576.0, ""energy_transferred_to_offspring"": 192.0}",0366ca42085b01a891f5b770edf586b7ba6879e34dd2c806424e8022cb7c3c91
sensitivity,reproduction.cost,24.0,reproduction.cost=24.0,16,c2db288e4115aaa3,phase-zero-vm-0.2,phase-one-measurement-0.1,2000,31,20,1,31,1,2,1,1,2,1,2,2184,1,31,31,0,0.0,496,4,-1.01e-08,"{""vm_fault:instruction_pointer_out_of_bounds:8"": 1}","{""energy_captured"": 21010.7, ""energy_execution"": 109.2, ""energy_input"": 20000.0, ""energy_maintenance"": 12308.2, ""energy_released_on_death"": 10.7, ""energy_reproduction_cost"": 480.0, ""energy_transferred_to_offspring"": 160.0}",04b9d0cbb4fd03dd01bf4d53aea44b92fc88954a58b89b6cf6f9aa7eedbb7a1e
sensitivity,reproduction.cost,24.0,reproduction.cost=24.0,17,5ed85fd9c1a754e8,phase-zero-vm-0.2,phase-one-measurement-0.1,2000,31,19,0,31,1,1,1,1,1,0,2,2100,0,31,31,0,0.0,496,4,-1.01e-08,{},"{""energy_captured"": 21000.0, ""energy_execution"": 105.0, ""energy_input"": 20000.0, ""energy_maintenance"": 12308.2, ""energy_released_on_death"": 0.0, ""energy_reproduction_cost"": 456.0, ""energy_transferred_to_offspring"": 152.0}",46dc7217955a9ba353ebe45322d382ddd49b2788bacdd501805016ad478483ad
sensitivity,reproduction.cost,24.0,reproduction.cost=24.0,18,7044276a97b028c4,phase-zero-vm-0.2,phase-one-measurement-0.1,2000,31,19,0,31,1,1,1,1,1,0,2,2100,0,31,31,0,0.0,496,4,-1.01e-08,{},"{""energy_captured"": 21000.0, ""energy_execution"": 105.0, ""energy_input"": 20000.0, ""energy_maintenance"": 12308.2, ""energy_released_on_death"": 0.0, ""energy_reproduction_cost"": 456.0, ""energy_transferred_to_offspring"": 152.0}",93ccc6a5a283fe296264c53b558e416a7e15f243c2d3ff001c0a4e2e2130bd32
sensitivity,reproduction.cost,24.0,reproduction.cost=24.0,19,fd5371391fc8c81b,phase-zero-vm-0.2,phase-one-measurement-0.1,2000,31,20,1,31,2,3,1,2,3,2,2,2148,1,31,31,0,0.0,496,4,-1.01e-08,"{""vm_fault:division_without_complete_copy"": 1}","{""energy_captured"": 21008.5, ""energy_execution"": 107.4, ""energy_input"": 20000.0, ""energy_maintenance"": 12308.2, ""energy_released_on_death"": 8.5, ""energy_reproduction_cost"": 480.0, ""energy_transferred_to_offspring"": 160.0}",ebedd9b152201ff504d5027cfb8edf12cf9aec5c51c4f6d555acb821e74030f4
sensitivity,reproduction.cost,24.0,reproduction.cost=24.0,20,bf0bdeb63ea93b49,phase-zero-vm-0.2,phase-one-measurement-0.1,2000,31,21,2,31,1,3,1,2,3,2,2,2233,2,31,31,0,0.0,496,4,-1e-08,"{""vm_fault:division_without_complete_copy"": 1, ""vm_fault:invalid_program_address:8"": 1}","{""energy_captured"": 21019.15, ""energy_execution"": 111.65, ""energy_input"": 20000.0, ""energy_maintenance"": 12302.8, ""energy_released_on_death"": 19.15, ""energy_reproduction_cost"": 504.0, ""energy_transferred_to_offspring"": 168.0}",9f30d66245a7cfff943c91785ede117198e34a9c2e8f14d29b277f85149ec79a
sensitivity,reproduction.cost,24.0,reproduction.cost=24.0,21,1813eb47a4336d2a,phase-zero-vm-0.2,phase-one-measurement-0.1,2000,31,19,0,31,1,1,1,1,1,0,2,2100,0,31,31,0,0.0,496,4,-1.01e-08,{},"{""energy_captured"": 21000.0, ""energy_execution"": 105.0, ""energy_input"": 20000.0, ""energy_maintenance"": 12308.2, ""energy_released_on_death"": 0.0, ""energy_reproduction_cost"": 456.0, ""energy_transferred_to_offspring"": 152.0}",b5913da1c2dbd8dffc5efc68d22bb3203b18629182677ecdd5a33dfa0a5f1015
sensitivity,reproduction.cost,24.0,reproduction.cost=24.0,22,c9a7a697be4f4aea,phase-zero-vm-0.2,phase-one-measurement-0.1,2000,31,19,0,31,1,1,1,1,1,0,2,2100,0,31,31,0,0.0,496,4,-1.01e-08,{},"{""energy_captured"": 21000.0, ""energy_execution"": 105.0, ""energy_input"": 20000.0, ""energy_maintenance"": 12308.2, ""energy_released_on_death"": 0.0, ""energy_reproduction_cost"": 456.0, ""energy_transferred_to_offspring"": 152.0}",0f32f891a6f93d6be43e504285ae0082a17c46bed19ef45001a8b48cf86be0db
sensitivity,reproduction.cost,24.0,reproduction.cost=24.0,23,8861587d756237d7,phase-zero-vm-0.2,phase-one-measurement-0.1,2000,31,22,3,31,2,4,2,3,4,3,3,2975,1,31,31,0,0.0,496,4,-1e-08,"{""energy_exhausted_execution"": 2, ""vm_fault:invalid_register:7"": 1}","{""energy_captured"": 21008.55, ""energy_execution"": 148.45, ""energy_input"": 20000.0, ""energy_maintenance"": 12301.8, ""energy_released_on_death"": 8.55, ""energy_reproduction_cost"": 528.0, ""energy_transferred_to_offspring"": 176.0}",288bc5fd6f90498502110a9033ec56d1941b73d0bc35cb7650eb285a03cb2d8c
sensitivity,reproduction.cost,24.0,reproduction.cost=24.0,24,73c4a124bba0ac66,phase-zero-vm-0.2,phase-one-measurement-0.1,2000,31,20,1,31,1,2,1,1,2,1,2,2149,1,31,31,0,0.0,496,4,-1e-08,"{""vm_fault:division_without_complete_copy"": 1}","{""energy_captured"": 21008.45, ""energy_execution"": 107.45, ""energy_input"": 20000.0, ""energy_maintenance"": 12301.8, ""energy_released_on_death"": 8.45, ""energy_reproduction_cost"": 480.0, ""energy_transferred_to_offspring"": 160.0}",5ea5320472afc1e55e200a8aef2e4676a16b2122029304fd4964070bd6326df9
sensitivity,reproduction.cost,24.0,reproduction.cost=24.0,25,f88c5a860dc08eaf,phase-zero-vm-0.2,phase-one-measurement-0.1,2000,31,19,0,31,1,1,1,1,1,0,2,2100,0,31,31,0,0.0,496,4,-1.01e-08,{},"{""energy_captured"": 21000.0, ""energy_execution"": 105.0, ""energy_input"": 20000.0, ""energy_maintenance"": 12308.2, ""energy_released_on_death"": 0.0, ""energy_reproduction_cost"": 456.0, ""energy_transferred_to_offspring"": 152.0}",09df8cef455f3b2581e979f443491b674189c198ac0bbd9c5d0e4db2d755d873
sensitivity,reproduction.cost,24.0,reproduction.cost=24.0,26,c1faba9d1944d4e8,phase-zero-vm-0.2,phase-one-measurement-0.1,2000,31,20,1,31,2,3,1,2,3,2,2,3464,0,30,30,0,0.0,496,4,-1.01e-08,"{""energy_exhausted_maintenance"": 1}","{""energy_captured"": 21000.0, ""energy_execution"": 173.2, ""energy_input"": 20000.0, ""energy_maintenance"": 12308.0, ""energy_released_on_death"": 0.0, ""energy_reproduction_cost"": 480.0, ""energy_transferred_to_offspring"": 160.0}",9066e72c79ba7815bd2e4a4b8956f70936f19999e04804aeadd9e1fd65a7e3ac
sensitivity,reproduction.cost,24.0,reproduction.cost=24.0,27,db3f63e08b5f2eda,phase-zero-vm-0.2,phase-one-measurement-0.1,2000,31,21,2,31,2,4,2,3,4,3,2,2925,1,30,30,0,0.0,496,4,-1e-08,"{""energy_exhausted_execution"": 1, ""vm_fault:division_without_complete_copy"": 1}","{""energy_captured"": 21009.9, ""energy_execution"": 145.85, ""energy_input"": 20000.0, ""energy_maintenance"": 12302.4, ""energy_released_on_death"": 9.9, ""energy_reproduction_cost"": 504.0, ""energy_transferred_to_offspring"": 168.0}",18d36f22c9c2cf7b32481cd65f95698f632984324fa97406bf3d522b8748100a
sensitivity,reproduction.cost,24.0,reproduction.cost=24.0,28,250558fcd03e1ce4,phase-zero-vm-0.2,phase-one-measurement-0.1,2000,31,20,1,31,1,2,1,1,2,1,2,2181,1,31,31,0,0.0,496,4,-1e-08,"{""vm_fault:invalid_program_address:8"": 1}","{""energy_captured"": 21010.05, ""energy_execution"": 109.05, ""energy_input"": 20000.0, ""energy_maintenance"": 12302.6, ""energy_released_on_death"": 10.05, ""energy_reproduction_cost"": 480.0, ""energy_transferred_to_offspring"": 160.0}",b2024e1a44ae026c0598350f9e5eff05c861b124ad989598a9410e26c35cd2f0
sensitivity,reproduction.cost,24.0,reproduction.cost=24.0,29,026706b580f69bf3,phase-zero-vm-0.2,phase-one-measurement-0.1,2000,31,23,4,31,1,5,1,4,5,4,2,3501,3,31,31,0,0.0,496,4,-1e-08,"{""energy_exhausted_maintenance"": 1, ""vm_fault:division_without_complete_copy"": 1, ""vm_fault:instruction_pointer_out_of_bounds:8"": 1, ""vm_fault:invalid_program_address:248"": 1}","{""energy_captured"": 21027.95, ""energy_execution"": 175.05, ""energy_input"": 20000.0, ""energy_maintenance"": 12302.55, ""energy_released_on_death"": 27.95, ""energy_reproduction_cost"": 552.0, ""energy_transferred_to_offspring"": 184.0}",19768e56d22cc59ee6336df5b7a3cd2b311b225e959cb9b65934e0c8e7e5d9f3
sensitivity,reproduction.cost,24.0,reproduction.cost=24.0,30,ce4812cd73556666,phase-zero-vm-0.2,phase-one-measurement-0.1,2000,31,20,1,31,1,2,1,1,2,1,2,3294,0,31,31,0,0.0,496,4,-1.01e-08,"{""energy_exhausted_execution"": 1}","{""energy_captured"": 21000.0, ""energy_execution"": 164.3, ""energy_input"": 20000.0, ""energy_maintenance"": 12308.2, ""energy_released_on_death"": 0.0, ""energy_reproduction_cost"": 480.0, ""energy_transferred_to_offspring"": 160.0}",a64146926319941f66de2d7de7e1403babea4d8babb69f0c31ce8c3b6d5a5e50
sensitivity,reproduction.offspring_energy,4.0,reproduction.offspring_energy=4.0,1,1c6cb1fb2ebf1bff,phase-zero-vm-0.2,phase-one-measurement-0.1,2000,31,21,2,31,1,3,1,2,3,2,1,2230,2,31,31,0,0.0,496,4,-1.03e-08,"{""vm_fault:division_without_complete_copy"": 1, ""vm_fault:invalid_program_address:8"": 1}","{""energy_captured"": 21011.3, ""energy_execution"": 111.5, ""energy_input"": 20000.0, ""energy_maintenance"": 12364.2, ""energy_released_on_death"": 11.3, ""energy_reproduction_cost"": 252.0, ""energy_transferred_to_offspring"": 84.0}",823d816781ed2eff9a76a90d6bd1e709942a8149b2353c410cbee69c1766ae19
sensitivity,reproduction.offspring_energy,4.0,reproduction.offspring_energy=4.0,2,1e09c47362f88674,phase-zero-vm-0.2,phase-one-measurement-0.1,2000,31,21,2,31,2,4,1,3,4,3,2,2266,2,31,31,0,0.0,496,4,-1.03e-08,"{""vm_fault:division_without_complete_copy"": 2}","{""energy_captured"": 21013.5, ""energy_execution"": 113.3, ""energy_input"": 20000.0, ""energy_maintenance"": 12366.0, ""energy_released_on_death"": 13.5, ""energy_reproduction_cost"": 252.0, ""energy_transferred_to_offspring"": 84.0}",b88ff21ea0737d6214e2c7c4fd6a5a47f5b065ca52a76eca6a07184650491b61
sensitivity,reproduction.offspring_energy,4.0,reproduction.offspring_energy=4.0,3,5595dee93584adec,phase-zero-vm-0.2,phase-one-measurement-0.1,2000,31,20,1,31,1,2,1,1,2,1,2,3222,0,31,31,0,0.0,496,4,-1.03e-08,"{""energy_exhausted_maintenance"": 1}","{""energy_captured"": 21000.0, ""energy_execution"": 161.1, ""energy_input"": 20000.0, ""energy_maintenance"": 12365.8, ""energy_released_on_death"": 0.0, ""energy_reproduction_cost"": 240.0, ""energy_transferred_to_offspring"": 80.0}",43f5349ae1951ddcf87ee804d3b39b267fbeb669584c42ac719d39fee2a7d434
sensitivity,reproduction.offspring_energy,4.0,reproduction.offspring_energy=4.0,4,0919ee80d9be31f9,phase-zero-vm-0.2,phase-one-measurement-0.1,2000,31,19,0,31,1,1,1,1,1,0,1,2100,0,31,31,0,0.0,496,4,-1.03e-08,{},"{""energy_captured"": 21000.0, ""energy_execution"": 105.0, ""energy_input"": 20000.0, ""energy_maintenance"": 12366.0, ""energy_released_on_death"": 0.0, ""energy_reproduction_cost"": 228.0, ""energy_transferred_to_offspring"": 76.0}",94b78696f930f4c206e140eaca0a6f53234cf75e9af297cd08c086b333b20182
sensitivity,reproduction.offspring_energy,4.0,reproduction.offspring_energy=4.0,5,a4b69bce5c040ee5,phase-zero-vm-0.2,phase-one-measurement-0.1,2000,31,21,2,31,1,3,1,2,3,2,2,2266,2,31,31,0,0.0,496,4,-1.03e-08,"{""vm_fault:division_without_complete_copy"": 1, ""vm_fault:invalid_program_address:8"": 1}","{""energy_captured"": 21013.5, ""energy_execution"": 113.3, ""energy_input"": 20000.0, ""energy_maintenance"": 12366.0, ""energy_released_on_death"": 13.5, ""energy_reproduction_cost"": 252.0, ""energy_transferred_to_offspring"": 84.0}",6652b99d760c51f9d8cb906ea7327036fcc69f50af85a685e1c83f43cce2ab36
sensitivity,reproduction.offspring_energy,4.0,reproduction.offspring_energy=4.0,6,581167f8d64453b3,phase-zero-vm-0.2,phase-one-measurement-0.1,2000,31,20,1,31,1,2,1,1,2,1,1,2144,1,31,31,0,0.0,496,4,-1.03e-08,"{""vm_fault:invalid_program_address:255"": 1}","{""energy_captured"": 21004.7, ""energy_execution"": 107.2, ""energy_input"": 20000.0, ""energy_maintenance"": 12366.0, ""energy_released_on_death"": 4.7, ""energy_reproduction_cost"": 240.0, ""energy_transferred_to_offspring"": 80.0}",18fe80833050ed32bcfdb8b9cf4dafeff3f1421f05c80dfc9ba6f702a362e2ca
sensitivity,reproduction.offspring_energy,4.0,reproduction.offspring_energy=4.0,7,51dd704633864492,phase-zero-vm-0.2,phase-one-measurement-0.1,2000,31,22,3,31,1,3,1,3,3,3,1,2247,3,31,31,0,0.0,496,4,-1.03e-08,"{""vm_fault:division_without_complete_copy"": 3}","{""energy_captured"": 21013.35, ""energy_execution"": 112.35, ""energy_input"": 20000.0, ""energy_maintenance"": 12364.6, ""energy_released_on_death"": 13.35, ""energy_reproduction_cost"": 264.0, ""energy_transferred_to_offspring"": 88.0}",5431fa726e818d700cfc3e5a8ee8543067e471d92170b1bb2c5c85c2f679218b
sensitivity,reproduction.offspring_energy,4.0,reproduction.offspring_energy=4.0,8,aa7343ed3d052a95,phase-zero-vm-0.2,phase-one-measurement-0.1,2000,31,21,2,31,2,4,1,3,4,3,2,3264,0,31,31,0,0.0,496,4,-1.03e-08,"{""energy_exhausted_maintenance"": 2}","{""energy_captured"": 21000.0, ""energy_execution"": 163.2, ""energy_input"": 20000.0, ""energy_maintenance"": 12365.6, ""energy_released_on_death"": 0.0, ""energy_reproduction_cost"": 252.0, ""energy_transferred_to_offspring"": 84.0}",6e1f2aa5b7da2f50c1679e5545fa8280cc9685cea2e6acbb59b65bade4402639
sensitivity,reproduction.offspring_energy,4.0,reproduction.offspring_energy=4.0,9,d1f3cc2f6f6e6cf1,phase-zero-vm-0.2,phase-one-measurement-0.1,2000,31,20,1,31,1,2,1,1,2,1,1,2147,1,31,31,0,0.0,496,4,-1.03e-08,"{""vm_fault:invalid_register:7"": 1}","{""energy_captured"": 21004.55, ""energy_execution"": 107.35, ""energy_input"": 20000.0, ""energy_maintenance"": 12364.6, ""energy_released_on_death"": 4.55, ""energy_reproduction_cost"": 240.0, ""energy_transferred_to_offspring"": 80.0}",f1323c4ae76ab16984361179e02530d704b0caf21cc457a37477e4ff56d0d9d0
sensitivity,reproduction.offspring_energy,4.0,reproduction.offspring_energy=4.0,10,cca916fed0ab4a86,phase-zero-vm-0.2,phase-one-measurement-0.1,2000,31,21,2,31,1,3,1,2,3,2,1,3183,1,31,31,0,0.0,496,4,-1.03e-08,"{""energy_exhausted_execution"": 1, ""vm_fault:division_without_complete_copy"": 1}","{""energy_captured"": 21004.45, ""energy_execution"": 158.75, ""energy_input"": 20000.0, ""energy_maintenance"": 12366.0, ""energy_released_on_death"": 4.45, ""energy_reproduction_cost"": 252.0, ""energy_transferred_to_offspring"": 84.0}",90357095fd8c39ed566f2baeb68f94079dbf62813b5273295173d38e485c4c3d
sensitivity,reproduction.offspring_energy,4.0,reproduction.offspring_energy=4.0,11,1478864b06d21e8a,phase-zero-vm-0.2,phase-one-measurement-0.1,2000,31,19,0,31,1,1,1,1,1,0,1,2100,0,31,31,0,0.0,496,4,-1.03e-08,{},"{""energy_captured"": 21000.0, ""energy_execution"": 105.0, ""energy_input"": 20000.0, ""energy_maintenance"": 12366.0, ""energy_released_on_death"": 0.0, ""energy_reproduction_cost"": 228.0, ""energy_transferred_to_offspring"": 76.0}",6fbd37fd8bbf1da47439122a72636189dcb5764b2b2c8c9ff45066f0ba7dda70
sensitivity,reproduction.offspring_energy,4.0,reproduction.offspring_energy=4.0,12,01e9a64f7fa42d5c,phase-zero-vm-0.2,phase-one-measurement-0.1,2000,31,21,2,31,2,4,1,3,4,3,1,2227,2,31,31,0,0.0,496,4,-1.03e-08,"{""vm_fault:division_without_complete_copy"": 2}","{""energy_captured"": 21011.45, ""energy_execution"": 111.35, ""energy_input"": 20000.0, ""energy_maintenance"": 12365.6, ""energy_released_on_death"": 11.45, ""energy_reproduction_cost"": 252.0, ""energy_transferred_to_offspring"": 84.0}",e5305c4dcfca7814f80d810e85c6c0cca7a0b0a18281c57325ebca494f61433e
sensitivity,reproduction.offspring_energy,4.0,reproduction.offspring_energy=4.0,13,56e67b9e6c40eb89,phase-zero-vm-0.2,phase-one-measurement-0.1,2000,31,22,3,31,1,4,1,3,4,3,1,2259,3,31,31,0,0.0,496,4,-1.03e-08,"{""vm_fault:division_without_complete_copy"": 2, ""vm_fault:invalid_register:8"": 1}","{""energy_captured"": 21015.15, ""energy_execution"": 112.95, ""energy_input"": 20000.0, ""energy_maintenance"": 12362.4, ""energy_released_on_death"": 15.15, ""energy_reproduction_cost"": 264.0, ""energy_transferred_to_offspring"": 88.0}",1105443c51f11945adfc4f56ce56dfa361565684e76919683a3eac5e98d07734
sensitivity,reproduction.offspring_energy,4.0,reproduction.offspring_energy=4.0,14,3b8fbe39384e3aaf,phase-zero-vm-0.2,phase-one-measurement-0.1,2000,31,21,2,31,1,3,1,2,3,2,1,2226,2,31,31,0,0.0,496,4,-1.03e-08,"{""vm_fault:instruction_pointer_out_of_bounds:8"": 1, ""vm_fault:invalid_memory_address:8"": 1}","{""energy_captured"": 21011.5, ""energy_execution"": 111.3, ""energy_input"": 20000.0, ""energy_maintenance"": 12364.2, ""energy_released_on_death"": 11.5, ""energy_reproduction_cost"": 252.0, ""energy_transferred_to_offspring"": 84.0}",6325963b88b276e379d68110db6af438dd37b65231cc22832133431038870f21
sensitivity,reproduction.offspring_energy,4.0,reproduction.offspring_energy=4.0,15,86a27c34b7713f73,phase-zero-vm-0.2,phase-one-measurement-0.1,2000,31,23,4,31,1,5,1,4,5,4,1,2360,4,31,31,0,0.0,496,4,-1.03e-08,"{""vm_fault:division_without_complete_copy"": 1, ""vm_fault:invalid_program_address:248"": 1, ""vm_fault:invalid_program_address:8"": 2}","{""energy_captured"": 21022.6, ""energy_execution"": 118.0, ""energy_input"": 20000.0, ""energy_maintenance"": 12362.6, ""energy_released_on_death"": 22.6, ""energy_reproduction_cost"": 276.0, ""energy_transferred_to_offspring"": 92.0}",29198b4f82607bf2ced637ec42ca6dc4ba587a7d4be5ac34f8fc2ff01f0118e5
sensitivity,reproduction.offspring_energy,4.0,reproduction.offspring_energy=4.0,16,7a7a01faceb06711,phase-zero-vm-0.2,phase-one-measurement-0.1,2000,31,19,0,31,1,1,1,1,1,0,1,2100,0,31,31,0,0.0,496,4,-1.03e-08,{},"{""energy_captured"": 21000.0, ""energy_execution"": 105.0, ""energy_input"": 20000.0, ""energy_maintenance"": 12366.0, ""energy_released_on_death"": 0.0, ""energy_reproduction_cost"": 228.0, ""energy_transferred_to_offspring"": 76.0}",748959ef9413de82a99d77ad841b7a4f7f534939784a28c7d0940bf32907c066
sensitivity,reproduction.offspring_energy,4.0,reproduction.offspring_energy=4.0,17,277ff76758cdbcba,phase-zero-vm-0.2,phase-one-measurement-0.1,2000,31,20,1,31,1,2,1,1,2,1,2,3302,0,31,31,0,0.0,496,4,-1.03e-08,"{""energy_exhausted_maintenance"": 1}","{""energy_captured"": 21000.0, ""energy_execution"": 165.1, ""energy_input"": 20000.0, ""energy_maintenance"": 12365.8, ""energy_released_on_death"": 0.0, ""energy_reproduction_cost"": 240.0, ""energy_transferred_to_offspring"": 80.0}",b5c60410702b30485041240e2f836eac33c0a9d2769585e2155dd15d2c5346c8
sensitivity,reproduction.offspring_energy,4.0,reproduction.offspring_energy=4.0,18,50d1b32daf77fc1c,phase-zero-vm-0.2,phase-one-measurement-0.1,2000,31,19,0,31,1,1,1,1,1,0,1,2100,0,31,31,0,0.0,496,4,-1.03e-08,{},"{""energy_captured"": 21000.0, ""energy_execution"": 105.0, ""energy_input"": 20000.0, ""energy_maintenance"": 12366.0, ""energy_released_on_death"": 0.0, ""energy_reproduction_cost"": 228.0, ""energy_transferred_to_offspring"": 76.0}",901daaf8ce47fe6165b95ac325c9735c27edf98bb38f993ba6b5509abcfbf854
sensitivity,reproduction.offspring_energy,4.0,reproduction.offspring_energy=4.0,19,964127ad08234321,phase-zero-vm-0.2,phase-one-measurement-0.1,2000,31,20,1,31,1,2,1,1,2,1,1,2184,1,31,31,0,0.0,496,4,-1.03e-08,"{""vm_fault:instruction_pointer_out_of_bounds:8"": 1}","{""energy_captured"": 21006.7, ""energy_execution"": 109.2, ""energy_input"": 20000.0, ""energy_maintenance"": 12365.6, ""energy_released_on_death"": 6.7, ""energy_reproduction_cost"": 240.0, ""energy_transferred_to_offspring"": 80.0}",8e4cc0eededa3a0347b1e33ab5149408fa17c9ac7c3885e74336ec4a28a8d532
sensitivity,reproduction.offspring_energy,4.0,reproduction.offspring_energy=4.0,20,73e45de2f22476cb,phase-zero-vm-0.2,phase-one-measurement-0.1,2000,31,23,4,31,1,5,1,4,5,4,1,2329,4,31,31,0,0.0,496,4,-1.03e-08,"{""vm_fault:division_without_complete_copy"": 1, ""vm_fault:invalid_program_address:248"": 1, ""vm_fault:invalid_program_address:8"": 1, ""vm_fault:invalid_register:7"": 1}","{""energy_captured"": 21020.15, ""energy_execution"": 116.45, ""energy_input"": 20000.0, ""energy_maintenance"": 12364.0, ""energy_released_on_death"": 20.15, ""energy_reproduction_cost"": 276.0, ""energy_transferred_to_offspring"": 92.0}",be2913500415075a512cee3a6bfb0de1fb69b4281827f138b3f2176569360b1c
sensitivity,reproduction.offspring_energy,4.0,reproduction.offspring_energy=4.0,21,636b99f6f686852e,phase-zero-vm-0.2,phase-one-measurement-0.1,2000,31,20,1,31,1,2,1,1,2,1,1,2149,1,31,31,0,0.0,496,4,-1.03e-08,"{""vm_fault:invalid_program_address:255"": 1}","{""energy_captured"": 21004.45, ""energy_execution"": 107.45, ""energy_input"": 20000.0, ""energy_maintenance"": 12366.0, ""energy_released_on_death"": 4.45, ""energy_reproduction_cost"": 240.0, ""energy_transferred_to_offspring"": 80.0}",3d6b12b18ff1fb09eb1ae564b6400a4e0d6670e9a7deb7f37fb5cfbc151aa507
sensitivity,reproduction.offspring_energy,4.0,reproduction.offspring_energy=4.0,22,763e433969f79a6c,phase-zero-vm-0.2,phase-one-measurement-0.1,2000,31,21,2,31,1,3,1,2,3,2,1,2231,2,31,31,0,0.0,496,4,-1.03e-08,"{""vm_fault:division_without_complete_copy"": 2}","{""energy_captured"": 21011.25, ""energy_execution"": 111.55, ""energy_input"": 20000.0, ""energy_maintenance"": 12364.6, ""energy_released_on_death"": 11.25, ""energy_reproduction_cost"": 252.0, ""energy_transferred_to_offspring"": 84.0}",9d376ca0b4284c325e904a9e0222cc9bd519203cec1ac198b67c2473eb9cd401
sensitivity,reproduction.offspring_energy,4.0,reproduction.offspring_energy=4.0,23,417ab5dfcb29be51,phase-zero-vm-0.2,phase-one-measurement-0.1,2000,31,20,1,31,2,3,2,2,3,2,1,2183,1,31,31,0,0.0,496,4,-1.03e-08,"{""vm_fault:division_without_complete_copy"": 1}","{""energy_captured"": 21006.75, ""energy_execution"": 109.15, ""energy_input"": 20000.0, ""energy_maintenance"": 12365.6, ""energy_released_on_death"": 6.75, ""energy_reproduction_cost"": 240.0, ""energy_transferred_to_offspring"": 80.0}",dc3a48f99a367d4b199e607ebe90892788edba75ddca63d01301a0750458b969
sensitivity,reproduction.offspring_energy,4.0,reproduction.offspring_energy=4.0,24,5d8a1341049e0374,phase-zero-vm-0.2,phase-one-measurement-0.1,2000,31,21,2,31,2,4,2,3,4,3,1,2233,2,31,31,0,0.0,496,4,-1.03e-08,"{""vm_fault:division_without_complete_copy"": 1, ""vm_fault:invalid_program_address:8"": 1}","{""energy_captured"": 21011.15, ""energy_execution"": 111.65, ""energy_input"": 20000.0, ""energy_maintenance"": 12365.6, ""energy_released_on_death"": 11.15, ""energy_reproduction_cost"": 252.0, ""energy_transferred_to_offspring"": 84.0}",73b7136eca1f58194f230574d9c02a00d5800af632013a30001db89a7213531b
sensitivity,reproduction.offspring_energy,4.0,reproduction.offspring_energy=4.0,25,3ca7c085c1caca87,phase-zero-vm-0.2,phase-one-measurement-0.1,2000,31,20,1,31,1,2,1,1,2,1,1,2184,1,31,31,0,0.0,496,4,-1.03e-08,"{""vm_fault:instruction_pointer_out_of_bounds:8"": 1}","{""energy_captured"": 21006.7, ""energy_execution"": 109.2, ""energy_input"": 20000.0, ""energy_maintenance"": 12365.8, ""energy_released_on_death"": 6.7, ""energy_reproduction_cost"": 240.0, ""energy_transferred_to_offspring"": 80.0}",1eb2af41d50e78b2586b5ecc80fd93e9aeb44c6240345e762407d51aa49d39b9
sensitivity,reproduction.offspring_energy,4.0,reproduction.offspring_energy=4.0,26,eb62dd822efb034c,phase-zero-vm-0.2,phase-one-measurement-0.1,2000,31,20,1,31,2,3,2,2,3,2,2,3078,0,30,30,0,0.0,496,4,-1.03e-08,"{""energy_exhausted_execution"": 1}","{""energy_captured"": 21000.0, ""energy_execution"": 153.7, ""energy_input"": 20000.0, ""energy_maintenance"": 12366.0, ""energy_released_on_death"": 0.0, ""energy_reproduction_cost"": 240.0, ""energy_transferred_to_offspring"": 80.0}",6c6d79f25cf069e1fdec42c7619a069a604eaca69edbf427cd977177ce730275
sensitivity,reproduction.offspring_energy,4.0,reproduction.offspring_energy=4.0,27,9e08809d23350caa,phase-zero-vm-0.2,phase-one-measurement-0.1,2000,31,20,1,31,2,3,2,2,3,2,1,2168,1,30,30,0,0.0,496,4,-1.03e-08,"{""vm_fault:division_without_complete_copy"": 1}","{""energy_captured"": 21005.9, ""energy_execution"": 108.4, ""energy_input"": 20000.0, ""energy_maintenance"": 12365.2, ""energy_released_on_death"": 5.9, ""energy_reproduction_cost"": 240.0, ""energy_transferred_to_offspring"": 80.0}",1f5de2552b79b7b8e9453fad8e7fe377d634cd57471c4a26c7fc8cd2c72ddc1c
sensitivity,reproduction.offspring_energy,4.0,reproduction.offspring_energy=4.0,28,1f99c0dc66249606,phase-zero-vm-0.2,phase-one-measurement-0.1,2000,31,20,1,31,1,2,1,1,2,1,1,2181,1,31,31,0,0.0,496,4,-1.03e-08,"{""vm_fault:invalid_program_address:8"": 1}","{""energy_captured"": 21006.05, ""energy_execution"": 109.05, ""energy_input"": 20000.0, ""energy_maintenance"": 12365.4, ""energy_released_on_death"": 6.05, ""energy_reproduction_cost"": 240.0, ""energy_transferred_to_offspring"": 80.0}",99536506fd2b8b07a6c005225c02a6ee483262cf4177a1ddeccd9acf905770ce
sensitivity,reproduction.offspring_energy,4.0,reproduction.offspring_energy=4.0,29,999ab9cb4bf3cfd4,phase-zero-vm-0.2,phase-one-measurement-0.1,2000,31,21,2,31,1,3,1,2,3,2,1,2196,2,31,31,0,0.0,496,4,-1.03e-08,"{""vm_fault:division_without_complete_copy"": 1, ""vm_fault:invalid_register:7"": 1}","{""energy_captured"": 21009.0, ""energy_execution"": 109.8, ""energy_input"": 20000.0, ""energy_maintenance"": 12363.2, ""energy_released_on_death"": 9.0, ""energy_reproduction_cost"": 252.0, ""energy_transferred_to_offspring"": 84.0}",185a5531d06cea595667d5580e2fbc0344ac09eaef2b5a460b8b168dfe52c62f
sensitivity,reproduction.offspring_energy,4.0,reproduction.offspring_energy=4.0,30,c89d3e530bf013ca,phase-zero-vm-0.2,phase-one-measurement-0.1,2000,31,21,2,31,1,3,1,2,3,2,2,3185,1,31,31,0,0.0,496,4,-1.03e-08,"{""energy_exhausted_maintenance"": 1, ""vm_fault:division_without_complete_copy"": 1}","{""energy_captured"": 21006.75, ""energy_execution"": 159.25, ""energy_input"": 20000.0, ""energy_maintenance"": 12365.4, ""energy_released_on_death"": 6.75, ""energy_reproduction_cost"": 252.0, ""energy_transferred_to_offspring"": 84.0}",9824e9bf31721ef6b3551c74fba3af2d177aa6ba19cf10301f30b8da57d9d683
sensitivity,reproduction.offspring_energy,8.0,reproduction.offspring_energy=8.0,1,7d6516f717c33885,phase-zero-vm-0.2,phase-one-measurement-0.1,2000,31,22,3,31,1,4,1,3,4,3,2,2313,3,31,31,0,0.0,496,4,-1.02e-08,"{""vm_fault:division_without_complete_copy"": 1, ""vm_fault:invalid_program_address:8"": 2}","{""energy_captured"": 21030.05, ""energy_execution"": 115.65, ""energy_input"": 20000.0, ""energy_maintenance"": 12346.2, ""energy_released_on_death"": 30.05, ""energy_reproduction_cost"": 264.0, ""energy_transferred_to_offspring"": 176.0}",77ce431d1686a9cb43dd503952991a778d28213bfbd5adbe56d8b4820a3a4b02
sensitivity,reproduction.offspring_energy,8.0,reproduction.offspring_energy=8.0,2,e42bf3936a091ecc,phase-zero-vm-0.2,phase-one-measurement-0.1,2000,31,21,2,31,2,4,1,3,4,3,2,2232,2,31,31,0,0.0,496,4,-1.02e-08,"{""vm_fault:division_without_complete_copy"": 2}","{""energy_captured"": 21019.2, ""energy_execution"": 111.6, ""energy_input"": 20000.0, ""energy_maintenance"": 12352.0, ""energy_released_on_death"": 19.2, ""energy_reproduction_cost"": 252.0, ""energy_transferred_to_offspring"": 168.0}",230f21002a38935215882746819995b244746f5629c45bd4ea946b4f777eec87
sensitivity,reproduction.offspring_energy,8.0,reproduction.offspring_energy=8.0,3,0dc1464b063c732c,phase-zero-vm-0.2,phase-one-measurement-0.1,2000,31,20,1,31,1,2,1,1,2,1,2,3462,0,31,31,0,0.0,496,4,-1.02e-08,"{""energy_exhausted_maintenance"": 1}","{""energy_captured"": 21000.0, ""energy_execution"": 173.1, ""energy_input"": 20000.0, ""energy_maintenance"": 12351.8, ""energy_released_on_death"": 0.0, ""energy_reproduction_cost"": 240.0, ""energy_transferred_to_offspring"": 160.0}",5bf01132d9f6f3a1f487fc8339b262a4fab0b84e6fc07ffbb2f15c305cf9e3e2
sensitivity,reproduction.offspring_energy,8.0,reproduction.offspring_energy=8.0,4,6d37390f4cf389c3,phase-zero-vm-0.2,phase-one-measurement-0.1,2000,31,19,0,31,1,1,1,1,1,0,2,2100,0,31,31,0,0.0,496,4,-1.02e-08,{},"{""energy_captured"": 21000.0, ""energy_execution"": 105.0, ""energy_input"": 20000.0, ""energy_maintenance"": 12352.0, ""energy_released_on_death"": 0.0, ""energy_reproduction_cost"": 228.0, ""energy_transferred_to_offspring"": 152.0}",6641978f65152a7e143ab7bb3f1d624330f0164d9a831f8818ea2645bd0824aa
sensitivity,reproduction.offspring_energy,8.0,reproduction.offspring_energy=8.0,5,2f24b36eab269c10,phase-zero-vm-0.2,phase-one-measurement-0.1,2000,31,19,0,31,1,1,1,1,1,0,2,2100,0,31,31,0,0.0,496,4,-1.02e-08,{},"{""energy_captured"": 21000.0, ""energy_execution"": 105.0, ""energy_input"": 20000.0, ""energy_maintenance"": 12352.0, ""energy_released_on_death"": 0.0, ""energy_reproduction_cost"": 228.0, ""energy_transferred_to_offspring"": 152.0}",9d2ea2309aa0a7dcf06cdb3d8d8972ff98286ddb51fed5dc6e3974ce73c28af4
sensitivity,reproduction.offspring_energy,8.0,reproduction.offspring_energy=8.0,6,16a81a341d274537,phase-zero-vm-0.2,phase-one-measurement-0.1,2000,31,20,1,31,1,2,1,1,2,1,2,2149,1,31,31,0,0.0,496,4,-1.02e-08,"{""vm_fault:division_without_complete_copy"": 1}","{""energy_captured"": 21008.45, ""energy_execution"": 107.45, ""energy_input"": 20000.0, ""energy_maintenance"": 12352.0, ""energy_released_on_death"": 8.45, ""energy_reproduction_cost"": 240.0, ""energy_transferred_to_offspring"": 160.0}",b818e075ae67553041d654c3de223ee190a2aa493839f13774c03e44b5c1e710
sensitivity,reproduction.offspring_energy,8.0,reproduction.offspring_energy=8.0,7,36ad6da380056418,phase-zero-vm-0.2,phase-one-measurement-0.1,2000,31,20,1,31,1,2,1,1,2,1,2,2149,1,31,31,0,0.0,496,4,-1.02e-08,"{""vm_fault:division_without_complete_copy"": 1}","{""energy_captured"": 21008.45, ""energy_execution"": 107.45, ""energy_input"": 20000.0, ""energy_maintenance"": 12348.6, ""energy_released_on_death"": 8.45, ""energy_reproduction_cost"": 240.0, ""energy_transferred_to_offspring"": 160.0}",45e89c41fd1413a8af84b8ee9b19b0e7eec8f11e0966277af193ed93fa6217c3
sensitivity,reproduction.offspring_energy,8.0,reproduction.offspring_energy=8.0,8,e06f904adf74a3d2,phase-zero-vm-0.2,phase-one-measurement-0.1,2000,31,20,1,31,3,4,2,3,4,3,2,3157,0,30,30,0,0.0,496,4,-1.02e-08,"{""energy_exhausted_execution"": 1}","{""energy_captured"": 21000.0, ""energy_execution"": 157.65, ""energy_input"": 20000.0, ""energy_maintenance"": 12352.0, ""energy_released_on_death"": 0.0, ""energy_reproduction_cost"": 240.0, ""energy_transferred_to_offspring"": 160.0}",a4b791f7c0893a733268929c91eb581ecdd2dfd10a5b37631c9e450aba208a7e
sensitivity,reproduction.offspring_energy,8.0,reproduction.offspring_energy=8.0,9,1ae1f50134bf085d,phase-zero-vm-0.2,phase-one-measurement-0.1,2000,31,21,2,31,1,3,1,2,3,2,2,3109,1,31,31,0,0.0,496,4,-1.02e-08,"{""energy_exhausted_maintenance"": 1, ""vm_fault:invalid_register:7"": 1}","{""energy_captured"": 21008.55, ""energy_execution"": 155.45, ""energy_input"": 20000.0, ""energy_maintenance"": 12348.4, ""energy_released_on_death"": 8.55, ""energy_reproduction_cost"": 252.0, ""energy_transferred_to_offspring"": 168.0}",332b929fb15610e09b2801596ec7bfa9a3736e53460d3cc4d2a6aecbf74d52c5
sensitivity,reproduction.offspring_energy,8.0,reproduction.offspring_energy=8.0,10,a791c95105f7560e,phase-zero-vm-0.2,phase-one-measurement-0.1,2000,31,20,1,31,1,2,1,1,2,1,2,2142,1,31,31,0,0.0,496,4,-1.02e-08,"{""vm_fault:invalid_register:8"": 1}","{""energy_captured"": 21008.8, ""energy_execution"": 107.1, ""energy_input"": 20000.0, ""energy_maintenance"": 12352.0, ""energy_released_on_death"": 8.8, ""energy_reproduction_cost"": 240.0, ""energy_transferred_to_offspring"": 160.0}",d8d767ae6ef78e057a50efe8c19e3eaaf9d39a822200da62e85b463ca3d8d97f
sensitivity,reproduction.offspring_energy,8.0,reproduction.offspring_energy=8.0,11,0198bf9d5210f796,phase-zero-vm-0.2,phase-one-measurement-0.1,2000,31,19,0,31,1,1,1,1,1,0,2,2100,0,31,31,0,0.0,496,4,-1.02e-08,{},"{""energy_captured"": 21000.0, ""energy_execution"": 105.0, ""energy_input"": 20000.0, ""energy_maintenance"": 12352.0, ""energy_released_on_death"": 0.0, ""energy_reproduction_cost"": 228.0, ""energy_transferred_to_offspring"": 152.0}",62bc4ab9cf65adffd87ad89669b12756076a3bda4333b804f54209d073eda58c
sensitivity,reproduction.offspring_energy,8.0,reproduction.offspring_energy=8.0,12,2e3f6d80a2a8240a,phase-zero-vm-0.2,phase-one-measurement-0.1,2000,31,20,1,31,2,3,1,2,3,2,2,2183,1,31,31,0,0.0,496,4,-1.02e-08,"{""vm_fault:division_without_complete_copy"": 1}","{""energy_captured"": 21010.75, ""energy_execution"": 109.15, ""energy_input"": 20000.0, ""energy_maintenance"": 12349.6, ""energy_released_on_death"": 10.75, ""energy_reproduction_cost"": 240.0, ""energy_transferred_to_offspring"": 160.0}",523d7669427640fdb9ba8d8a2ca36ececc76fe731b9497d66fda54c7b8e58d35
sensitivity,reproduction.offspring_energy,8.0,reproduction.offspring_energy=8.0,13,1e7a16db551e1de5,phase-zero-vm-0.2,phase-one-measurement-0.1,2000,31,23,4,31,1,5,1,4,5,4,2,2343,4,31,31,0,0.0,496,4,-1.02e-08,"{""vm_fault:division_without_complete_copy"": 2, ""vm_fault:instruction_pointer_out_of_bounds:8"": 1, ""vm_fault:invalid_register:8"": 1}","{""energy_captured"": 21037.85, ""energy_execution"": 117.15, ""energy_input"": 20000.0, ""energy_maintenance"": 12342.4, ""energy_released_on_death"": 37.85, ""energy_reproduction_cost"": 276.0, ""energy_transferred_to_offspring"": 184.0}",4ef4da1efc78acf517e30d70996a73d3c18aabbaf40d935de799c8e13d4eabfe
sensitivity,reproduction.offspring_energy,8.0,reproduction.offspring_energy=8.0,14,3b9d67cff39b49a5,phase-zero-vm-0.2,phase-one-measurement-0.1,2000,31,21,2,31,1,3,1,2,3,2,2,2226,2,31,31,0,0.0,496,4,-1.02e-08,"{""vm_fault:instruction_pointer_out_of_bounds:8"": 1, ""vm_fault:invalid_memory_address:8"": 1}","{""energy_captured"": 21019.5, ""energy_execution"": 111.3, ""energy_input"": 20000.0, ""energy_maintenance"": 12346.2, ""energy_released_on_death"": 19.5, ""energy_reproduction_cost"": 252.0, ""energy_transferred_to_offspring"": 168.0}",250ef430f7b1772cb03f33ea1975f68fd45f8f4c657965b3a758dbda6992a271
sensitivity,reproduction.offspring_energy,8.0,reproduction.offspring_energy=8.0,15,3e9b9824608e1ac0,phase-zero-vm-0.2,phase-one-measurement-0.1,2000,31,22,3,31,1,4,1,3,4,3,2,2276,3,31,31,0,0.0,496,4,-1.02e-08,"{""vm_fault:division_without_complete_copy"": 1, ""vm_fault:invalid_program_address:248"": 1, ""vm_fault:invalid_program_address:8"": 1}","{""energy_captured"": 21027.9, ""energy_execution"": 113.8, ""energy_input"": 20000.0, ""energy_maintenance"": 12342.8, ""energy_released_on_death"": 27.9, ""energy_reproduction_cost"": 264.0, ""energy_transferred_to_offspring"": 176.0}",f87379af34c82efed95917bf725ab6672a4381243474bfd1ea984211fc9dd367
sensitivity,reproduction.offspring_energy,8.0,reproduction.offspring_energy=8.0,16,0b819d44294e1c09,phase-zero-vm-0.2,phase-one-measurement-0.1,2000,31,19,0,31,1,1,1,1,1,0,2,2100,0,31,31,0,0.0,496,4,-1.02e-08,{},"{""energy_captured"": 21000.0, ""energy_execution"": 105.0, ""energy_input"": 20000.0, ""energy_maintenance"": 12352.0, ""energy_released_on_death"": 0.0, ""energy_reproduction_cost"": 228.0, ""energy_transferred_to_offspring"": 152.0}",7b5126d968b3b34c6f16afe91d25f7989bc7b06fdf3f335d81d4906cdb316424
sensitivity,reproduction.offspring_energy,8.0,reproduction.offspring_energy=8.0,17,b2f5e47fcced7441,phase-zero-vm-0.2,phase-one-measurement-0.1,2000,31,20,1,31,1,2,1,1,2,1,2,3614,0,31,31,0,0.0,496,4,-1.02e-08,"{""energy_exhausted_execution"": 1}","{""energy_captured"": 21000.0, ""energy_execution"": 180.3, ""energy_input"": 20000.0, ""energy_maintenance"": 12352.0, ""energy_released_on_death"": 0.0, ""energy_reproduction_cost"": 240.0, ""energy_transferred_to_offspring"": 160.0}",937d55afa561a517599e5a665e2c6a9ae28462843656172ae9adb8e9e3cf3246
sensitivity,reproduction.offspring_energy,8.0,reproduction.offspring_energy=8.0,18,00503b7ec207c861,phase-zero-vm-0.2,phase-one-measurement-0.1,2000,31,19,0,31,2,2,1,1,2,1,2,2100,0,30,30,0,0.0,496,4,-1.02e-08,{},"{""energy_captured"": 21000.0, ""energy_execution"": 105.0, ""energy_input"": 20000.0, ""energy_maintenance"": 12352.0, ""energy_released_on_death"": 0.0, ""energy_reproduction_cost"": 228.0, ""energy_transferred_to_offspring"": 152.0}",25cd5755aa3db242986227e2a72f9945856ad43c22dac02d8ca34893644ab883
sensitivity,reproduction.offspring_energy,8.0,reproduction.offspring_energy=8.0,19,4ad7c4ce55fba492,phase-zero-vm-0.2,phase-one-measurement-0.1,2000,31,21,2,31,1,3,1,2,3,2,2,2268,2,31,31,0,0.0,496,4,-1.02e-08,"{""vm_fault:instruction_pointer_out_of_bounds:8"": 1, ""vm_fault:invalid_program_address:8"": 1}","{""energy_captured"": 21021.4, ""energy_execution"": 113.4, ""energy_input"": 20000.0, ""energy_maintenance"": 12349.6, ""energy_released_on_death"": 21.4, ""energy_reproduction_cost"": 252.0, ""energy_transferred_to_offspring"": 168.0}",dcc31d8086a1f48e17054e62dc201f354df689d5a1478ec6f24afb78bb1e260f
sensitivity,reproduction.offspring_energy,8.0,reproduction.offspring_energy=8.0,20,7459e1b194d0a7f9,phase-zero-vm-0.2,phase-one-measurement-0.1,2000,31,22,3,31,1,4,1,3,4,3,2,2280,3,31,31,0,0.0,496,4,-1.02e-08,"{""vm_fault:division_without_complete_copy"": 1, ""vm_fault:invalid_program_address:8"": 1, ""vm_fault:invalid_register:7"": 1}","{""energy_captured"": 21027.7, ""energy_execution"": 114.0, ""energy_input"": 20000.0, ""energy_maintenance"": 12346.2, ""energy_released_on_death"": 27.7, ""energy_reproduction_cost"": 264.0, ""energy_transferred_to_offspring"": 176.0}",e411e80f5b788490d5ca6606e1785e3183be917384af019c6806284e1fa721f7
sensitivity,reproduction.offspring_energy,8.0,reproduction.offspring_energy=8.0,21,6ac916025e145a5d,phase-zero-vm-0.2,phase-one-measurement-0.1,2000,31,20,1,31,1,2,1,1,2,1,2,2149,1,31,31,0,0.0,496,4,-1.02e-08,"{""vm_fault:invalid_program_address:255"": 1}","{""energy_captured"": 21008.45, ""energy_execution"": 107.45, ""energy_input"": 20000.0, ""energy_maintenance"": 12352.0, ""energy_released_on_death"": 8.45, ""energy_reproduction_cost"": 240.0, ""energy_transferred_to_offspring"": 160.0}",96e43f53317c9fa4570f56c4ba013bf722767e6ba32f41850301caf1c85fedd6
sensitivity,reproduction.offspring_energy,8.0,reproduction.offspring_energy=8.0,22,d502fb069a160b2a,phase-zero-vm-0.2,phase-one-measurement-0.1,2000,31,20,1,31,1,2,1,1,2,1,2,2148,1,31,31,0,0.0,496,4,-1.02e-08,"{""vm_fault:division_without_complete_copy"": 1}","{""energy_captured"": 21008.5, ""energy_execution"": 107.4, ""energy_input"": 20000.0, ""energy_maintenance"": 12348.6, ""energy_released_on_death"": 8.5, ""energy_reproduction_cost"": 240.0, ""energy_transferred_to_offspring"": 160.0}",358bb23363dc3fde4d75ec16eb806c8575e53a264fcbeb1e70a99fe0f19c887c
sensitivity,reproduction.offspring_energy,8.0,reproduction.offspring_energy=8.0,23,e4b38c015164d2de,phase-zero-vm-0.2,phase-one-measurement-0.1,2000,31,20,1,31,2,3,2,2,3,2,2,2183,1,31,31,0,0.0,496,4,-1.02e-08,"{""vm_fault:division_without_complete_copy"": 1}","{""energy_captured"": 21010.75, ""energy_execution"": 109.15, ""energy_input"": 20000.0, ""energy_maintenance"": 12349.6, ""energy_released_on_death"": 10.75, ""energy_reproduction_cost"": 240.0, ""energy_transferred_to_offspring"": 160.0}",0d359d45c44e0185928b8c6698c8243128d6bbfcf93ad3483554b889578b5c26
sensitivity,reproduction.offspring_energy,8.0,reproduction.offspring_energy=8.0,24,e00072311fde385a,phase-zero-vm-0.2,phase-one-measurement-0.1,2000,31,21,2,31,1,3,1,2,3,2,2,2233,2,31,31,0,0.0,496,4,-1.02e-08,"{""vm_fault:division_without_complete_copy"": 1, ""vm_fault:invalid_program_address:8"": 1}","{""energy_captured"": 21019.15, ""energy_execution"": 111.65, ""energy_input"": 20000.0, ""energy_maintenance"": 12349.6, ""energy_released_on_death"": 19.15, ""energy_reproduction_cost"": 252.0, ""energy_transferred_to_offspring"": 168.0}",4909f1630b3b2c5f55606b9b3506c220046910cba0043b6717101fbb40e18ff9
sensitivity,reproduction.offspring_energy,8.0,reproduction.offspring_energy=8.0,25,291f1f48f94d9c1a,phase-zero-vm-0.2,phase-one-measurement-0.1,2000,31,20,1,31,1,2,1,1,2,1,2,2184,1,31,31,0,0.0,496,4,-1.02e-08,"{""vm_fault:instruction_pointer_out_of_bounds:8"": 1}","{""energy_captured"": 21010.7, ""energy_execution"": 109.2, ""energy_input"": 20000.0, ""energy_maintenance"": 12352.0, ""energy_released_on_death"": 10.7, ""energy_reproduction_cost"": 240.0, ""energy_transferred_to_offspring"": 160.0}",1a283152693b78c49b29dc7684f6bc6eeb55beb5331111c4f760d714990c3c93
sensitivity,reproduction.offspring_energy,8.0,reproduction.offspring_energy=8.0,26,9c8bcc6c9cf24143,phase-zero-vm-0.2,phase-one-measurement-0.1,2000,31,20,1,31,2,3,2,2,3,2,2,3278,0,30,30,0,0.0,496,4,-1.02e-08,"{""energy_exhausted_execution"": 1}","{""energy_captured"": 21000.0, ""energy_execution"": 163.7, ""energy_input"": 20000.0, ""energy_maintenance"": 12351.8, ""energy_released_on_death"": 0.0, ""energy_reproduction_cost"": 240.0, ""energy_transferred_to_offspring"": 160.0}",539d68810ea9cc4966ae9b0b6a7538f0fbb01b7c0e8bd51b4037519810a6f64d
sensitivity,reproduction.offspring_energy,8.0,reproduction.offspring_energy=8.0,27,08f7a7d4e510f96a,phase-zero-vm-0.2,phase-one-measurement-0.1,2000,31,20,1,31,1,2,1,1,2,1,2,2168,1,31,31,0,0.0,496,4,-1.02e-08,"{""vm_fault:division_without_complete_copy"": 1}","{""energy_captured"": 21009.9, ""energy_execution"": 108.4, ""energy_input"": 20000.0, ""energy_maintenance"": 12349.2, ""energy_released_on_death"": 9.9, ""energy_reproduction_cost"": 240.0, ""energy_transferred_to_offspring"": 160.0}",800e573914a2787cbb0d7c2628c3ff0b9502844febcc074f28776428f0947bcc
sensitivity,reproduction.offspring_energy,8.0,reproduction.offspring_energy=8.0,28,32f27cd4cf9c699d,phase-zero-vm-0.2,phase-one-measurement-0.1,2000,31,20,1,31,1,2,1,1,2,1,2,2181,1,31,31,0,0.0,496,4,-1.02e-08,"{""vm_fault:invalid_program_address:8"": 1}","{""energy_captured"": 21010.05, ""energy_execution"": 109.05, ""energy_input"": 20000.0, ""energy_maintenance"": 12349.4, ""energy_released_on_death"": 10.05, ""energy_reproduction_cost"": 240.0, ""energy_transferred_to_offspring"": 160.0}",37f69143d05aa9dea5f4c8b0ec503881ac43f079730bf1f22542e7d3fef8a475
sensitivity,reproduction.offspring_energy,8.0,reproduction.offspring_energy=8.0,29,a7ca645643b0ee72,phase-zero-vm-0.2,phase-one-measurement-0.1,2000,31,21,2,31,1,3,1,2,3,2,2,2196,2,31,31,0,0.0,496,4,-1.02e-08,"{""vm_fault:division_without_complete_copy"": 1, ""vm_fault:invalid_register:7"": 1}","{""energy_captured"": 21017.0, ""energy_execution"": 109.8, ""energy_input"": 20000.0, ""energy_maintenance"": 12345.2, ""energy_released_on_death"": 17.0, ""energy_reproduction_cost"": 252.0, ""energy_transferred_to_offspring"": 168.0}",cc1c2d7d270776cb609bc07093215b72c6168453f1c91434a8dd3aa7ea2797ee
sensitivity,reproduction.offspring_energy,8.0,reproduction.offspring_energy=8.0,30,c0963953ad59834f,phase-zero-vm-0.2,phase-one-measurement-0.1,2000,31,21,2,31,1,3,1,2,3,2,2,3385,1,31,31,0,0.0,496,4,-1.02e-08,"{""energy_exhausted_maintenance"": 1, ""vm_fault:division_without_complete_copy"": 1}","{""energy_captured"": 21010.75, ""energy_execution"": 169.25, ""energy_input"": 20000.0, ""energy_maintenance"": 12349.4, ""energy_released_on_death"": 10.75, ""energy_reproduction_cost"": 252.0, ""energy_transferred_to_offspring"": 168.0}",8cf8badefee2b3ce61e2a39bc44d59ce93fa7826982c65eb1f92e1bebf374fcd
sensitivity,reproduction.offspring_energy,16.0,reproduction.offspring_energy=16.0,1,c4da1d4c281531b2,phase-zero-vm-0.2,phase-one-measurement-0.1,2000,31,23,4,31,1,5,1,4,5,4,3,2353,4,31,31,0,0.0,496,4,-1.02e-08,"{""vm_fault:division_without_complete_copy"": 2, ""vm_fault:instruction_pointer_out_of_bounds:8"": 2}","{""energy_captured"": 21070.95, ""energy_execution"": 117.65, ""energy_input"": 20000.0, ""energy_maintenance"": 12340.2, ""energy_released_on_death"": 70.95, ""energy_reproduction_cost"": 276.0, ""energy_transferred_to_offspring"": 368.0}",d91a50c2e820bfa0c1199a0200d2ae8f3ae4f6491a856e270a6471eabccc9455
sensitivity,reproduction.offspring_energy,16.0,reproduction.offspring_energy=16.0,2,629a2624dc0648f9,phase-zero-vm-0.2,phase-one-measurement-0.1,2000,31,21,2,31,2,4,1,3,4,3,2,2266,2,31,31,0,0.0,496,4,-1.02e-08,"{""vm_fault:division_without_complete_copy"": 2}","{""energy_captured"": 21037.5, ""energy_execution"": 113.3, ""energy_input"": 20000.0, ""energy_maintenance"": 12348.0, ""energy_released_on_death"": 37.5, ""energy_reproduction_cost"": 252.0, ""energy_transferred_to_offspring"": 336.0}",77cd465b46ab26a44a1889827b28dee2874df5c47570f5acb289b5690c2d170c
sensitivity,reproduction.offspring_energy,16.0,reproduction.offspring_energy=16.0,3,2cc11b11cc77c48f,phase-zero-vm-0.2,phase-one-measurement-0.1,2000,31,19,0,31,1,1,1,1,1,0,2,2100,0,31,31,0,0.0,496,4,-1.02e-08,{},"{""energy_captured"": 21000.0, ""energy_execution"": 105.0, ""energy_input"": 20000.0, ""energy_maintenance"": 12348.2, ""energy_released_on_death"": 0.0, ""energy_reproduction_cost"": 228.0, ""energy_transferred_to_offspring"": 304.0}",5a957170945780fd9db216fd68e169a159913e188646f2c86d0eee90af38069a
sensitivity,reproduction.offspring_energy,16.0,reproduction.offspring_energy=16.0,4,d3eaa933998751c2,phase-zero-vm-0.2,phase-one-measurement-0.1,2000,31,19,0,31,1,1,1,1,1,0,2,2100,0,31,31,0,0.0,496,4,-1.02e-08,{},"{""energy_captured"": 21000.0, ""energy_execution"": 105.0, ""energy_input"": 20000.0, ""energy_maintenance"": 12348.2, ""energy_released_on_death"": 0.0, ""energy_reproduction_cost"": 228.0, ""energy_transferred_to_offspring"": 304.0}",c062df716b5cff6e32ef97f102b09f89bf525ea0eda1a2e699a8aaa716658cf7
sensitivity,reproduction.offspring_energy,16.0,reproduction.offspring_energy=16.0,5,ba5284c2f8a50605,phase-zero-vm-0.2,phase-one-measurement-0.1,2000,31,19,0,31,1,1,1,1,1,0,2,2100,0,31,31,0,0.0,496,4,-1.02e-08,{},"{""energy_captured"": 21000.0, ""energy_execution"": 105.0, ""energy_input"": 20000.0, ""energy_maintenance"": 12348.2, ""energy_released_on_death"": 0.0, ""energy_reproduction_cost"": 228.0, ""energy_transferred_to_offspring"": 304.0}",b7300b7c2f717dfc0903aecece442b44401fcfca8bb09c73ef7d5d7eacba9ea7
sensitivity,reproduction.offspring_energy,16.0,reproduction.offspring_energy=16.0,6,5581c9697e610018,phase-zero-vm-0.2,phase-one-measurement-0.1,2000,31,19,0,31,1,1,1,1,1,0,2,2100,0,31,31,0,0.0,496,4,-1.02e-08,{},"{""energy_captured"": 21000.0, ""energy_execution"": 105.0, ""energy_input"": 20000.0, ""energy_maintenance"": 12348.2, ""energy_released_on_death"": 0.0, ""energy_reproduction_cost"": 228.0, ""energy_transferred_to_offspring"": 304.0}",2e047f816afb4a7838bbd21a0802bfc5619cbb80b374843bfc0e790ac258f191
sensitivity,reproduction.offspring_energy,16.0,reproduction.offspring_energy=16.0,7,379aca156017204e,phase-zero-vm-0.2,phase-one-measurement-0.1,2000,31,21,2,31,1,3,1,2,3,2,2,2226,2,31,31,0,0.0,496,4,-1.02e-08,"{""vm_fault:invalid_memory_address:8"": 1, ""vm_fault:invalid_program_address:8"": 1}","{""energy_captured"": 21035.5, ""energy_execution"": 111.3, ""energy_input"": 20000.0, ""energy_maintenance"": 12345.6, ""energy_released_on_death"": 35.5, ""energy_reproduction_cost"": 252.0, ""energy_transferred_to_offspring"": 336.0}",eea6aa9285c027a1c1944c6e27d48482e107863b7853ea22995f351d7c17d359
sensitivity,reproduction.offspring_energy,16.0,reproduction.offspring_energy=16.0,8,a55321d6b4081ef0,phase-zero-vm-0.2,phase-one-measurement-0.1,2000,31,21,2,31,1,3,1,2,3,2,2,2231,2,31,31,0,0.0,496,4,-1.02e-08,"{""vm_fault:division_without_complete_copy"": 1, ""vm_fault:instruction_pointer_out_of_bounds:8"": 1}","{""energy_captured"": 21035.25, ""energy_execution"": 111.55, ""energy_input"": 20000.0, ""energy_maintenance"": 12342.4, ""energy_released_on_death"": 35.25, ""energy_reproduction_cost"": 252.0, ""energy_transferred_to_offspring"": 336.0}",8cd4ec982e0f426045a2d6aef719f79581b343b6ef611a0dfd7e0933fb3c57c0
sensitivity,reproduction.offspring_energy,16.0,reproduction.offspring_energy=16.0,9,6fdfac2671c6805b,phase-zero-vm-0.2,phase-one-measurement-0.1,2000,31,21,2,31,1,3,1,2,3,2,2,2267,2,31,31,0,0.0,496,4,-1.02e-08,"{""vm_fault:division_without_complete_copy"": 1, ""vm_fault:instruction_pointer_out_of_bounds:8"": 1}","{""energy_captured"": 21037.45, ""energy_execution"": 113.35, ""energy_input"": 20000.0, ""energy_maintenance"": 12345.8, ""energy_released_on_death"": 37.45, ""energy_reproduction_cost"": 252.0, ""energy_transferred_to_offspring"": 336.0}",9fc1c89e9cb4f9c0f393b986a8282a370a12ca8c3b8d286fdfb3ba12b926bc43
sensitivity,reproduction.offspring_energy,16.0,reproduction.offspring_energy=16.0,10,30d91bfcb2c43d02,phase-zero-vm-0.2,phase-one-measurement-0.1,2000,31,21,2,31,1,3,1,2,3,2,2,2226,2,31,31,0,0.0,496,4,-1.02e-08,"{""vm_fault:invalid_memory_address:8"": 1, ""vm_fault:invalid_program_address:8"": 1}","{""energy_captured"": 21035.5, ""energy_execution"": 111.3, ""energy_input"": 20000.0, ""energy_maintenance"": 12344.8, ""energy_released_on_death"": 35.5, ""energy_reproduction_cost"": 252.0, ""energy_transferred_to_offspring"": 336.0}",f881504ccef8884cf0e50d5a072d04b5199e0b77de1643d3c77fed43b8316642
sensitivity,reproduction.offspring_energy,16.0,reproduction.offspring_energy=16.0,11,cf27477be8d454a6,phase-zero-vm-0.2,phase-one-measurement-0.1,2000,31,19,0,31,1,1,1,1,1,0,2,2100,0,31,31,0,0.0,496,4,-1.02e-08,{},"{""energy_captured"": 21000.0, ""energy_execution"": 105.0, ""energy_input"": 20000.0, ""energy_maintenance"": 12348.2, ""energy_released_on_death"": 0.0, ""energy_reproduction_cost"": 228.0, ""energy_transferred_to_offspring"": 304.0}",cdc78e49394f621a7935114f1b52ff67388b3e2f311366d69a49959e4fe3b784
sensitivity,reproduction.offspring_energy,16.0,reproduction.offspring_energy=16.0,12,d71af60e247ed51e,phase-zero-vm-0.2,phase-one-measurement-0.1,2000,31,21,2,31,1,3,1,2,3,2,2,2226,2,31,31,0,0.0,496,4,-1.02e-08,"{""vm_fault:division_without_complete_copy"": 2}","{""energy_captured"": 21035.5, ""energy_execution"": 111.3, ""energy_input"": 20000.0, ""energy_maintenance"": 12345.8, ""energy_released_on_death"": 35.5, ""energy_reproduction_cost"": 252.0, ""energy_transferred_to_offspring"": 336.0}",512bf5b1ec86d1c20d86a191d77a5f1107bd398e75416538b24b164cee0c7ce3
sensitivity,reproduction.offspring_energy,16.0,reproduction.offspring_energy=16.0,13,7990f27439dcb740,phase-zero-vm-0.2,phase-one-measurement-0.1,2000,31,21,2,31,1,3,1,2,3,2,2,2233,2,31,31,0,0.0,496,4,-1.02e-08,"{""vm_fault:division_without_complete_copy"": 1, ""vm_fault:instruction_pointer_out_of_bounds:8"": 1}","{""energy_captured"": 21035.15, ""energy_execution"": 111.65, ""energy_input"": 20000.0, ""energy_maintenance"": 12342.4, ""energy_released_on_death"": 35.15, ""energy_reproduction_cost"": 252.0, ""energy_transferred_to_offspring"": 336.0}",519536134d915454016f2863fc2f315ec8121f647618aeb6ac6f2cba05a62a92
sensitivity,reproduction.offspring_energy,16.0,reproduction.offspring_energy=16.0,14,d2279968e9fc7d72,phase-zero-vm-0.2,phase-one-measurement-0.1,2000,31,19,0,31,1,1,1,1,1,0,2,2100,0,31,31,0,0.0,496,4,-1.02e-08,{},"{""energy_captured"": 21000.0, ""energy_execution"": 105.0, ""energy_input"": 20000.0, ""energy_maintenance"": 12348.2, ""energy_released_on_death"": 0.0, ""energy_reproduction_cost"": 228.0, ""energy_transferred_to_offspring"": 304.0}",f1d87cef6cce154f561bb487057ed31d7003bea3d206f459d1280149c7206d4c
sensitivity,reproduction.offspring_energy,16.0,reproduction.offspring_energy=16.0,15,c592f9c62fb82a69,phase-zero-vm-0.2,phase-one-measurement-0.1,2000,31,23,4,31,2,6,2,5,6,5,3,2401,4,31,31,0,0.0,496,4,-1.02e-08,"{""vm_fault:division_without_complete_copy"": 1, ""vm_fault:instruction_pointer_out_of_bounds:8"": 2, ""vm_fault:invalid_program_address:8"": 1}","{""energy_captured"": 21072.55, ""energy_execution"": 120.05, ""energy_input"": 20000.0, ""energy_maintenance"": 12334.0, ""energy_released_on_death"": 72.55, ""energy_reproduction_cost"": 276.0, ""energy_transferred_to_offspring"": 368.0}",de0d2ad9197ff7b665ae519cace0934c8c4179c92b89ddcafb56ae062168c9a0
sensitivity,reproduction.offspring_energy,16.0,reproduction.offspring_energy=16.0,16,13b4cff473646aa7,phase-zero-vm-0.2,phase-one-measurement-0.1,2000,31,19,0,31,1,1,1,1,1,0,2,2100,0,31,31,0,0.0,496,4,-1.02e-08,{},"{""energy_captured"": 21000.0, ""energy_execution"": 105.0, ""energy_input"": 20000.0, ""energy_maintenance"": 12348.2, ""energy_released_on_death"": 0.0, ""energy_reproduction_cost"": 228.0, ""energy_transferred_to_offspring"": 304.0}",62ce2870ad4c0f80ecc0d0d7d05de9044a484afd3ae92459e6cdfb0e7bb0ce83
sensitivity,reproduction.offspring_energy,16.0,reproduction.offspring_energy=16.0,17,47633949b7503a2e,phase-zero-vm-0.2,phase-one-measurement-0.1,2000,31,19,0,31,1,1,1,1,1,0,2,2100,0,31,31,0,0.0,496,4,-1.02e-08,{},"{""energy_captured"": 21000.0, ""energy_execution"": 105.0, ""energy_input"": 20000.0, ""energy_maintenance"": 12348.2, ""energy_released_on_death"": 0.0, ""energy_reproduction_cost"": 228.0, ""energy_transferred_to_offspring"": 304.0}",e3d380e4dfeaec1423f7d9a786d63feb07f8541133c650426fcaf7c4bc8edda2
sensitivity,reproduction.offspring_energy,16.0,reproduction.offspring_energy=16.0,18,25ceb5462662aa5d,phase-zero-vm-0.2,phase-one-measurement-0.1,2000,31,19,0,31,1,1,1,1,1,0,2,2100,0,31,31,0,0.0,496,4,-1.02e-08,{},"{""energy_captured"": 21000.0, ""energy_execution"": 105.0, ""energy_input"": 20000.0, ""energy_maintenance"": 12348.2, ""energy_released_on_death"": 0.0, ""energy_reproduction_cost"": 228.0, ""energy_transferred_to_offspring"": 304.0}",777608ce6d5ecdf7275ce39896ec75abcf31edee78fb3b3a190e171cbd70b3b7
sensitivity,reproduction.offspring_energy,16.0,reproduction.offspring_energy=16.0,19,58a66520cd47b04f,phase-zero-vm-0.2,phase-one-measurement-0.1,2000,31,19,0,31,2,2,1,1,2,1,2,2100,0,31,31,0,0.0,496,4,-1.02e-08,{},"{""energy_captured"": 21000.0, ""energy_execution"": 105.0, ""energy_input"": 20000.0, ""energy_maintenance"": 12348.2, ""energy_released_on_death"": 0.0, ""energy_reproduction_cost"": 228.0, ""energy_transferred_to_offspring"": 304.0}",239d943446cf3acb7711cf8d14989e44ca66db0f3ff5d5060dbf8a1d58501982
sensitivity,reproduction.offspring_energy,16.0,reproduction.offspring_energy=16.0,20,97015e94949e1aa5,phase-zero-vm-0.2,phase-one-measurement-0.1,2000,31,21,2,31,1,3,1,2,3,2,2,2233,2,31,31,0,0.0,496,4,-1.02e-08,"{""vm_fault:invalid_program_address:248"": 1, ""vm_fault:invalid_program_address:8"": 1}","{""energy_captured"": 21035.15, ""energy_execution"": 111.65, ""energy_input"": 20000.0, ""energy_maintenance"": 12345.8, ""energy_released_on_death"": 35.15, ""energy_reproduction_cost"": 252.0, ""energy_transferred_to_offspring"": 336.0}",c5553c42abbac782832feffe74edb1b804405fcc1f0d60b18ad32cbc34acf66d
sensitivity,reproduction.offspring_energy,16.0,reproduction.offspring_energy=16.0,21,1f9e099a476d99e9,phase-zero-vm-0.2,phase-one-measurement-0.1,2000,31,20,1,31,1,2,1,1,2,1,2,2183,1,31,31,0,0.0,496,4,-1.02e-08,"{""vm_fault:division_without_complete_copy"": 1}","{""energy_captured"": 21018.75, ""energy_execution"": 109.15, ""energy_input"": 20000.0, ""energy_maintenance"": 12348.2, ""energy_released_on_death"": 18.75, ""energy_reproduction_cost"": 240.0, ""energy_transferred_to_offspring"": 320.0}",44e6e05ee1e9ff069b9a653c8aa163e4a05ea8b96af8b20026851dd5da97ece4
sensitivity,reproduction.offspring_energy,16.0,reproduction.offspring_energy=16.0,22,52aaa1323b82f9b7,phase-zero-vm-0.2,phase-one-measurement-0.1,2000,31,20,1,31,1,2,1,1,2,1,2,2183,1,31,31,0,0.0,496,4,-1.02e-08,"{""vm_fault:invalid_program_address:8"": 1}","{""energy_captured"": 21018.75, ""energy_execution"": 109.15, ""energy_input"": 20000.0, ""energy_maintenance"": 12348.2, ""energy_released_on_death"": 18.75, ""energy_reproduction_cost"": 240.0, ""energy_transferred_to_offspring"": 320.0}",3c40635014859fbfcfc4c5d92673273ebbcbf4497864337e946cf3013aba802e
sensitivity,reproduction.offspring_energy,16.0,reproduction.offspring_energy=16.0,23,c86adfdb40beed51,phase-zero-vm-0.2,phase-one-measurement-0.1,2000,31,21,2,31,1,3,1,2,3,2,2,2194,2,31,31,0,0.0,496,4,-1.02e-08,"{""vm_fault:invalid_register:7"": 2}","{""energy_captured"": 21033.1, ""energy_execution"": 109.7, ""energy_input"": 20000.0, ""energy_maintenance"": 12344.8, ""energy_released_on_death"": 33.1, ""energy_reproduction_cost"": 252.0, ""energy_transferred_to_offspring"": 336.0}",e36d2f4fba28741bc582cf46808f974b5c80e055cd8dbdbf7f9c7653c0942bd6
sensitivity,reproduction.offspring_energy,16.0,reproduction.offspring_energy=16.0,24,87410f038d7eddc9,phase-zero-vm-0.2,phase-one-measurement-0.1,2000,31,20,1,31,1,2,1,1,2,1,2,2149,1,31,31,0,0.0,496,4,-1.02e-08,"{""vm_fault:division_without_complete_copy"": 1}","{""energy_captured"": 21016.45, ""energy_execution"": 107.45, ""energy_input"": 20000.0, ""energy_maintenance"": 12344.8, ""energy_released_on_death"": 16.45, ""energy_reproduction_cost"": 240.0, ""energy_transferred_to_offspring"": 320.0}",0375efc356700ef48f530c8c8b80c170d5c5e84d9a1cbf49d6a628fc45371a9e
sensitivity,reproduction.offspring_energy,16.0,reproduction.offspring_energy=16.0,25,d64fdb294784ea0a,phase-zero-vm-0.2,phase-one-measurement-0.1,2000,31,19,0,31,1,1,1,1,1,0,2,2100,0,31,31,0,0.0,496,4,-1.02e-08,{},"{""energy_captured"": 21000.0, ""energy_execution"": 105.0, ""energy_input"": 20000.0, ""energy_maintenance"": 12348.2, ""energy_released_on_death"": 0.0, ""energy_reproduction_cost"": 228.0, ""energy_transferred_to_offspring"": 304.0}",fdd5265d2555719edf91674f0a50a6221960161e0a607c60b1691c6ad2ad847e
sensitivity,reproduction.offspring_energy,16.0,reproduction.offspring_energy=16.0,26,c444b3e5181d7555,phase-zero-vm-0.2,phase-one-measurement-0.1,2000,31,20,1,31,2,3,2,2,3,2,2,3480,0,30,30,0,0.0,496,4,-1.02e-08,"{""energy_exhausted_execution"": 1}","{""energy_captured"": 21000.0, ""energy_execution"": 173.8, ""energy_input"": 20000.0, ""energy_maintenance"": 12348.2, ""energy_released_on_death"": 0.0, ""energy_reproduction_cost"": 240.0, ""energy_transferred_to_offspring"": 320.0}",d8fb06516bda2e70095be941885636eedcb89663f49602306c31845fcef18fa2
sensitivity,reproduction.offspring_energy,16.0,reproduction.offspring_energy=16.0,27,9f929f2c5d319469,phase-zero-vm-0.2,phase-one-measurement-0.1,2000,31,20,1,31,1,2,1,1,2,1,2,2168,1,31,31,0,0.0,496,4,-1.02e-08,"{""vm_fault:division_without_complete_copy"": 1}","{""energy_captured"": 21017.9, ""energy_execution"": 108.4, ""energy_input"": 20000.0, ""energy_maintenance"": 12345.4, ""energy_released_on_death"": 17.9, ""energy_reproduction_cost"": 240.0, ""energy_transferred_to_offspring"": 320.0}",f82936ec06246af97896717d86914f4ac91d94989dd9d556fddf89e8e572ac7f
sensitivity,reproduction.offspring_energy,16.0,reproduction.offspring_energy=16.0,28,a392dff3e21aff8f,phase-zero-vm-0.2,phase-one-measurement-0.1,2000,31,21,2,31,1,3,1,2,3,2,2,2223,2,31,31,0,0.0,496,4,-1.02e-08,"{""vm_fault:division_without_complete_copy"": 1, ""vm_fault:invalid_program_address:8"": 1}","{""energy_captured"": 21034.85, ""energy_execution"": 111.15, ""energy_input"": 20000.0, ""energy_maintenance"": 12345.6, ""energy_released_on_death"": 34.85, ""energy_reproduction_cost"": 252.0, ""energy_transferred_to_offspring"": 336.0}",8c5579f7cdab4ea8fccafb94bdc2f6c57c66237d3881a7dd830d4a6fddb3b359
sensitivity,reproduction.offspring_energy,16.0,reproduction.offspring_energy=16.0,29,41107f9ad231b7b8,phase-zero-vm-0.2,phase-one-measurement-0.1,2000,31,21,2,31,1,3,1,2,3,2,2,3762,1,31,31,0,0.0,496,4,-1.02e-08,"{""energy_exhausted_execution"": 1, ""vm_fault:instruction_pointer_out_of_bounds:8"": 1}","{""energy_captured"": 21018.7, ""energy_execution"": 187.9, ""energy_input"": 20000.0, ""energy_maintenance"": 12345.8, ""energy_released_on_death"": 18.7, ""energy_reproduction_cost"": 252.0, ""energy_transferred_to_offspring"": 336.0}",0a6abaa3145902d6a754a76233bd67942fe2e03015c0cfabf3adfc00d3f23937
sensitivity,reproduction.offspring_energy,16.0,reproduction.offspring_energy=16.0,30,4e0ff7a4f460ba45,phase-zero-vm-0.2,phase-one-measurement-0.1,2000,31,21,2,31,1,3,1,2,3,2,2,3727,1,31,31,0,0.0,496,4,-1.02e-08,"{""energy_exhausted_execution"": 1, ""vm_fault:division_without_complete_copy"": 1}","{""energy_captured"": 21016.45, ""energy_execution"": 186.15, ""energy_input"": 20000.0, ""energy_maintenance"": 12348.2, ""energy_released_on_death"": 16.45, ""energy_reproduction_cost"": 252.0, ""energy_transferred_to_offspring"": 336.0}",68b2866131ccf0f2ef09539788521f177f99a692e5a99d015507c5ea8041b42c
sensitivity,mutation.substitution_rate,0.0,mutation.substitution_rate=0.0,1,49d541894fbb8481,phase-zero-vm-0.2,phase-one-measurement-0.1,2000,31,19,0,31,1,1,1,1,1,0,2,2100,0,31,31,0,0.0,496,4,-1.02e-08,{},"{""energy_captured"": 21000.0, ""energy_execution"": 105.0, ""energy_input"": 20000.0, ""energy_maintenance"": 12352.0, ""energy_released_on_death"": 0.0, ""energy_reproduction_cost"": 228.0, ""energy_transferred_to_offspring"": 152.0}",844c77f006c495107ad9a6eff837b0f2df0d5e3efeb172b198d01d06ed61f8ea
sensitivity,mutation.substitution_rate,0.0,mutation.substitution_rate=0.0,2,fb0f3f180a703989,phase-zero-vm-0.2,phase-one-measurement-0.1,2000,31,19,0,31,1,1,1,1,1,0,2,2100,0,31,31,0,0.0,496,4,-1.02e-08,{},"{""energy_captured"": 21000.0, ""energy_execution"": 105.0, ""energy_input"": 20000.0, ""energy_maintenance"": 12352.0, ""energy_released_on_death"": 0.0, ""energy_reproduction_cost"": 228.0, ""energy_transferred_to_offspring"": 152.0}",f020445e1f679c7ddb1228c1466d7d9de06dd85e18092208b9af6699123a2f6f
sensitivity,mutation.substitution_rate,0.0,mutation.substitution_rate=0.0,3,c1fe4cd272376015,phase-zero-vm-0.2,phase-one-measurement-0.1,2000,31,19,0,31,1,1,1,1,1,0,2,2100,0,31,31,0,0.0,496,4,-1.02e-08,{},"{""energy_captured"": 21000.0, ""energy_execution"": 105.0, ""energy_input"": 20000.0, ""energy_maintenance"": 12352.0, ""energy_released_on_death"": 0.0, ""energy_reproduction_cost"": 228.0, ""energy_transferred_to_offspring"": 152.0}",54cea424363b81478b02c87e173bb63d84643a1e632306cefb1b4216109fae6a
sensitivity,mutation.substitution_rate,0.0,mutation.substitution_rate=0.0,4,81a34c3fd752feca,phase-zero-vm-0.2,phase-one-measurement-0.1,2000,31,19,0,31,1,1,1,1,1,0,2,2100,0,31,31,0,0.0,496,4,-1.02e-08,{},"{""energy_captured"": 21000.0, ""energy_execution"": 105.0, ""energy_input"": 20000.0, ""energy_maintenance"": 12352.0, ""energy_released_on_death"": 0.0, ""energy_reproduction_cost"": 228.0, ""energy_transferred_to_offspring"": 152.0}",070ac4448e61a9f44f3c54794a5804fb4957e21f7e06d67219f86c3b153c659b
sensitivity,mutation.substitution_rate,0.0,mutation.substitution_rate=0.0,5,883768d148915787,phase-zero-vm-0.2,phase-one-measurement-0.1,2000,31,19,0,31,1,1,1,1,1,0,2,2100,0,31,31,0,0.0,496,4,-1.02e-08,{},"{""energy_captured"": 21000.0, ""energy_execution"": 105.0, ""energy_input"": 20000.0, ""energy_maintenance"": 12352.0, ""energy_released_on_death"": 0.0, ""energy_reproduction_cost"": 228.0, ""energy_transferred_to_offspring"": 152.0}",3802657bebdde2e9834e2af6d64088211fd16bd023af09937f437934eec0e65b
sensitivity,mutation.substitution_rate,0.0,mutation.substitution_rate=0.0,6,2b75217e27c9d169,phase-zero-vm-0.2,phase-one-measurement-0.1,2000,31,19,0,31,1,1,1,1,1,0,2,2100,0,31,31,0,0.0,496,4,-1.02e-08,{},"{""energy_captured"": 21000.0, ""energy_execution"": 105.0, ""energy_input"": 20000.0, ""energy_maintenance"": 12352.0, ""energy_released_on_death"": 0.0, ""energy_reproduction_cost"": 228.0, ""energy_transferred_to_offspring"": 152.0}",71b1094b938e03949405790b3f2166d0760fd84441d49e8039bb34172cfed94b
sensitivity,mutation.substitution_rate,0.0,mutation.substitution_rate=0.0,7,1e0d787cb307656d,phase-zero-vm-0.2,phase-one-measurement-0.1,2000,31,19,0,31,1,1,1,1,1,0,2,2100,0,31,31,0,0.0,496,4,-1.02e-08,{},"{""energy_captured"": 21000.0, ""energy_execution"": 105.0, ""energy_input"": 20000.0, ""energy_maintenance"": 12352.0, ""energy_released_on_death"": 0.0, ""energy_reproduction_cost"": 228.0, ""energy_transferred_to_offspring"": 152.0}",8e9997b2b4802b04ba504c24eca16149ae797790519e7aa207919909834dab74
sensitivity,mutation.substitution_rate,0.0,mutation.substitution_rate=0.0,8,f31f5bae737a8f4c,phase-zero-vm-0.2,phase-one-measurement-0.1,2000,31,19,0,31,1,1,1,1,1,0,2,2100,0,31,31,0,0.0,496,4,-1.02e-08,{},"{""energy_captured"": 21000.0, ""energy_execution"": 105.0, ""energy_input"": 20000.0, ""energy_maintenance"": 12352.0, ""energy_released_on_death"": 0.0, ""energy_reproduction_cost"": 228.0, ""energy_transferred_to_offspring"": 152.0}",cee32cb50daf86a74600c4588a19bffb17a0711442d1da0745c6be948dfc82f6
sensitivity,mutation.substitution_rate,0.0,mutation.substitution_rate=0.0,9,511918fbe09e4be3,phase-zero-vm-0.2,phase-one-measurement-0.1,2000,31,19,0,31,1,1,1,1,1,0,2,2100,0,31,31,0,0.0,496,4,-1.02e-08,{},"{""energy_captured"": 21000.0, ""energy_execution"": 105.0, ""energy_input"": 20000.0, ""energy_maintenance"": 12352.0, ""energy_released_on_death"": 0.0, ""energy_reproduction_cost"": 228.0, ""energy_transferred_to_offspring"": 152.0}",72091edd5c90628a7c42640b27590fcfc560d01ce9b27a09d08348751efc5ed0
sensitivity,mutation.substitution_rate,0.0,mutation.substitution_rate=0.0,10,ac092384d2fe00aa,phase-zero-vm-0.2,phase-one-measurement-0.1,2000,31,19,0,31,1,1,1,1,1,0,2,2100,0,31,31,0,0.0,496,4,-1.02e-08,{},"{""energy_captured"": 21000.0, ""energy_execution"": 105.0, ""energy_input"": 20000.0, ""energy_maintenance"": 12352.0, ""energy_released_on_death"": 0.0, ""energy_reproduction_cost"": 228.0, ""energy_transferred_to_offspring"": 152.0}",00fdb46de3d113e242957cbc56465d79656c5481c497fb8772c46bc3bab8235c
sensitivity,mutation.substitution_rate,0.0,mutation.substitution_rate=0.0,11,be3cc20b559e72c2,phase-zero-vm-0.2,phase-one-measurement-0.1,2000,31,19,0,31,1,1,1,1,1,0,2,2100,0,31,31,0,0.0,496,4,-1.02e-08,{},"{""energy_captured"": 21000.0, ""energy_execution"": 105.0, ""energy_input"": 20000.0, ""energy_maintenance"": 12352.0, ""energy_released_on_death"": 0.0, ""energy_reproduction_cost"": 228.0, ""energy_transferred_to_offspring"": 152.0}",330792388af852d16be2b7a0aaff4d2de36927d03effeba96353e6410f526361
sensitivity,mutation.substitution_rate,0.0,mutation.substitution_rate=0.0,12,c876e667d92c365c,phase-zero-vm-0.2,phase-one-measurement-0.1,2000,31,19,0,31,1,1,1,1,1,0,2,2100,0,31,31,0,0.0,496,4,-1.02e-08,{},"{""energy_captured"": 21000.0, ""energy_execution"": 105.0, ""energy_input"": 20000.0, ""energy_maintenance"": 12352.0, ""energy_released_on_death"": 0.0, ""energy_reproduction_cost"": 228.0, ""energy_transferred_to_offspring"": 152.0}",f0907d8e14d723071474ca1272a1431438e8f46bcd8e58e6628e79df46794bdf
sensitivity,mutation.substitution_rate,0.0,mutation.substitution_rate=0.0,13,7ec914a2eba9f712,phase-zero-vm-0.2,phase-one-measurement-0.1,2000,31,19,0,31,1,1,1,1,1,0,2,2100,0,31,31,0,0.0,496,4,-1.02e-08,{},"{""energy_captured"": 21000.0, ""energy_execution"": 105.0, ""energy_input"": 20000.0, ""energy_maintenance"": 12352.0, ""energy_released_on_death"": 0.0, ""energy_reproduction_cost"": 228.0, ""energy_transferred_to_offspring"": 152.0}",2dba35fa2331f4e8428e8909d2aef27c96cec50bed4e5e23895e1f3e0e75f2e0
sensitivity,mutation.substitution_rate,0.0,mutation.substitution_rate=0.0,14,5bbb5dad1ee1c143,phase-zero-vm-0.2,phase-one-measurement-0.1,2000,31,19,0,31,1,1,1,1,1,0,2,2100,0,31,31,0,0.0,496,4,-1.02e-08,{},"{""energy_captured"": 21000.0, ""energy_execution"": 105.0, ""energy_input"": 20000.0, ""energy_maintenance"": 12352.0, ""energy_released_on_death"": 0.0, ""energy_reproduction_cost"": 228.0, ""energy_transferred_to_offspring"": 152.0}",8ef892fcc6411924915cf66277059a8abf9a8a929c38bea2b0fedc76490d9587
sensitivity,mutation.substitution_rate,0.0,mutation.substitution_rate=0.0,15,189c86c11cda53ba,phase-zero-vm-0.2,phase-one-measurement-0.1,2000,31,19,0,31,1,1,1,1,1,0,2,2100,0,31,31,0,0.0,496,4,-1.02e-08,{},"{""energy_captured"": 21000.0, ""energy_execution"": 105.0, ""energy_input"": 20000.0, ""energy_maintenance"": 12352.0, ""energy_released_on_death"": 0.0, ""energy_reproduction_cost"": 228.0, ""energy_transferred_to_offspring"": 152.0}",366da8eba962424258422196fcf271ff93d7fb6355e3335fbb9488f4086e1f96
sensitivity,mutation.substitution_rate,0.0,mutation.substitution_rate=0.0,16,6f53e6b51af1c9bb,phase-zero-vm-0.2,phase-one-measurement-0.1,2000,31,19,0,31,1,1,1,1,1,0,2,2100,0,31,31,0,0.0,496,4,-1.02e-08,{},"{""energy_captured"": 21000.0, ""energy_execution"": 105.0, ""energy_input"": 20000.0, ""energy_maintenance"": 12352.0, ""energy_released_on_death"": 0.0, ""energy_reproduction_cost"": 228.0, ""energy_transferred_to_offspring"": 152.0}",4e57d342a83625b6e53601ded9111f7d6f5df8c7db5e0712a432a054bb7b775c
sensitivity,mutation.substitution_rate,0.0,mutation.substitution_rate=0.0,17,9770b51d34c2343e,phase-zero-vm-0.2,phase-one-measurement-0.1,2000,31,19,0,31,1,1,1,1,1,0,2,2100,0,31,31,0,0.0,496,4,-1.02e-08,{},"{""energy_captured"": 21000.0, ""energy_execution"": 105.0, ""energy_input"": 20000.0, ""energy_maintenance"": 12352.0, ""energy_released_on_death"": 0.0, ""energy_reproduction_cost"": 228.0, ""energy_transferred_to_offspring"": 152.0}",f25d69d1e8a99717c9d2b6ea7daef9fd7b120f0c5a76a671a3aff18429c71d64
sensitivity,mutation.substitution_rate,0.0,mutation.substitution_rate=0.0,18,db4c2a394d2d279e,phase-zero-vm-0.2,phase-one-measurement-0.1,2000,31,19,0,31,1,1,1,1,1,0,2,2100,0,31,31,0,0.0,496,4,-1.02e-08,{},"{""energy_captured"": 21000.0, ""energy_execution"": 105.0, ""energy_input"": 20000.0, ""energy_maintenance"": 12352.0, ""energy_released_on_death"": 0.0, ""energy_reproduction_cost"": 228.0, ""energy_transferred_to_offspring"": 152.0}",f652950b525963a736ce388b362faef4515f9d8b5f3ad3eca00ad46996c2b9a1
sensitivity,mutation.substitution_rate,0.0,mutation.substitution_rate=0.0,19,b71acef4de2ae2c4,phase-zero-vm-0.2,phase-one-measurement-0.1,2000,31,19,0,31,1,1,1,1,1,0,2,2100,0,31,31,0,0.0,496,4,-1.02e-08,{},"{""energy_captured"": 21000.0, ""energy_execution"": 105.0, ""energy_input"": 20000.0, ""energy_maintenance"": 12352.0, ""energy_released_on_death"": 0.0, ""energy_reproduction_cost"": 228.0, ""energy_transferred_to_offspring"": 152.0}",a08acc38428989473a8d0158fbea0c14d830d471600c88e80c323cc0d2c2e7f4
sensitivity,mutation.substitution_rate,0.0,mutation.substitution_rate=0.0,20,be036bec64ec3659,phase-zero-vm-0.2,phase-one-measurement-0.1,2000,31,19,0,31,1,1,1,1,1,0,2,2100,0,31,31,0,0.0,496,4,-1.02e-08,{},"{""energy_captured"": 21000.0, ""energy_execution"": 105.0, ""energy_input"": 20000.0, ""energy_maintenance"": 12352.0, ""energy_released_on_death"": 0.0, ""energy_reproduction_cost"": 228.0, ""energy_transferred_to_offspring"": 152.0}",0b953dd6c1e63b59b8a4ce224e458e606e2a528476f91700b8036f7be9a58390
sensitivity,mutation.substitution_rate,0.0,mutation.substitution_rate=0.0,21,124856b3bb188d76,phase-zero-vm-0.2,phase-one-measurement-0.1,2000,31,19,0,31,1,1,1,1,1,0,2,2100,0,31,31,0,0.0,496,4,-1.02e-08,{},"{""energy_captured"": 21000.0, ""energy_execution"": 105.0, ""energy_input"": 20000.0, ""energy_maintenance"": 12352.0, ""energy_released_on_death"": 0.0, ""energy_reproduction_cost"": 228.0, ""energy_transferred_to_offspring"": 152.0}",6943b1ecbf5b3da5302410aa1da83cad7cbe16b61b2391959ce888fa58da4185
sensitivity,mutation.substitution_rate,0.0,mutation.substitution_rate=0.0,22,eeb92344ec55e8cc,phase-zero-vm-0.2,phase-one-measurement-0.1,2000,31,19,0,31,1,1,1,1,1,0,2,2100,0,31,31,0,0.0,496,4,-1.02e-08,{},"{""energy_captured"": 21000.0, ""energy_execution"": 105.0, ""energy_input"": 20000.0, ""energy_maintenance"": 12352.0, ""energy_released_on_death"": 0.0, ""energy_reproduction_cost"": 228.0, ""energy_transferred_to_offspring"": 152.0}",a25ff95ca18da5797e49524a8254397fd8c3430cf2ffecc8fbdc7c25721bf900
sensitivity,mutation.substitution_rate,0.0,mutation.substitution_rate=0.0,23,2f01f04de7d49b37,phase-zero-vm-0.2,phase-one-measurement-0.1,2000,31,19,0,31,1,1,1,1,1,0,2,2100,0,31,31,0,0.0,496,4,-1.02e-08,{},"{""energy_captured"": 21000.0, ""energy_execution"": 105.0, ""energy_input"": 20000.0, ""energy_maintenance"": 12352.0, ""energy_released_on_death"": 0.0, ""energy_reproduction_cost"": 228.0, ""energy_transferred_to_offspring"": 152.0}",03dc7228ee625330132e78c53c80dc77a26202276bac22b47cb0fce0af8f08ba
sensitivity,mutation.substitution_rate,0.0,mutation.substitution_rate=0.0,24,2bac54c4d00601b9,phase-zero-vm-0.2,phase-one-measurement-0.1,2000,31,19,0,31,1,1,1,1,1,0,2,2100,0,31,31,0,0.0,496,4,-1.02e-08,{},"{""energy_captured"": 21000.0, ""energy_execution"": 105.0, ""energy_input"": 20000.0, ""energy_maintenance"": 12352.0, ""energy_released_on_death"": 0.0, ""energy_reproduction_cost"": 228.0, ""energy_transferred_to_offspring"": 152.0}",56f36fced55c40cee3f133e9b1bbcd08dcfb00367909c147b6f3cb50bd34d750
sensitivity,mutation.substitution_rate,0.0,mutation.substitution_rate=0.0,25,01acc491a18cd8e9,phase-zero-vm-0.2,phase-one-measurement-0.1,2000,31,19,0,31,1,1,1,1,1,0,2,2100,0,31,31,0,0.0,496,4,-1.02e-08,{},"{""energy_captured"": 21000.0, ""energy_execution"": 105.0, ""energy_input"": 20000.0, ""energy_maintenance"": 12352.0, ""energy_released_on_death"": 0.0, ""energy_reproduction_cost"": 228.0, ""energy_transferred_to_offspring"": 152.0}",9746afb2f25e0e9fc597678dcd0cbeeb87c9e11050ece09fe451c6bbf36cb55f
sensitivity,mutation.substitution_rate,0.0,mutation.substitution_rate=0.0,26,164601aa3996dfbd,phase-zero-vm-0.2,phase-one-measurement-0.1,2000,31,19,0,31,1,1,1,1,1,0,2,2100,0,31,31,0,0.0,496,4,-1.02e-08,{},"{""energy_captured"": 21000.0, ""energy_execution"": 105.0, ""energy_input"": 20000.0, ""energy_maintenance"": 12352.0, ""energy_released_on_death"": 0.0, ""energy_reproduction_cost"": 228.0, ""energy_transferred_to_offspring"": 152.0}",b2b8124fc05c6ce9635c8e0d24d7d8d2b1ca6a6aae3456a2efe8c5e374627c24
sensitivity,mutation.substitution_rate,0.0,mutation.substitution_rate=0.0,27,0fc5d59c3bdff0c0,phase-zero-vm-0.2,phase-one-measurement-0.1,2000,31,19,0,31,1,1,1,1,1,0,2,2100,0,31,31,0,0.0,496,4,-1.02e-08,{},"{""energy_captured"": 21000.0, ""energy_execution"": 105.0, ""energy_input"": 20000.0, ""energy_maintenance"": 12352.0, ""energy_released_on_death"": 0.0, ""energy_reproduction_cost"": 228.0, ""energy_transferred_to_offspring"": 152.0}",75c4f224b4d668bdb498e2b5c68abbcb4e16892e9fc1fdd98121956cf1b6cbac
sensitivity,mutation.substitution_rate,0.0,mutation.substitution_rate=0.0,28,7d55703799b8961d,phase-zero-vm-0.2,phase-one-measurement-0.1,2000,31,19,0,31,1,1,1,1,1,0,2,2100,0,31,31,0,0.0,496,4,-1.02e-08,{},"{""energy_captured"": 21000.0, ""energy_execution"": 105.0, ""energy_input"": 20000.0, ""energy_maintenance"": 12352.0, ""energy_released_on_death"": 0.0, ""energy_reproduction_cost"": 228.0, ""energy_transferred_to_offspring"": 152.0}",cfebdbd06f1aedc4ea00b2297d3a979b07f50872fa18523d0cac89b98e0aa91a
sensitivity,mutation.substitution_rate,0.0,mutation.substitution_rate=0.0,29,2c566095242b2a3e,phase-zero-vm-0.2,phase-one-measurement-0.1,2000,31,19,0,31,1,1,1,1,1,0,2,2100,0,31,31,0,0.0,496,4,-1.02e-08,{},"{""energy_captured"": 21000.0, ""energy_execution"": 105.0, ""energy_input"": 20000.0, ""energy_maintenance"": 12352.0, ""energy_released_on_death"": 0.0, ""energy_reproduction_cost"": 228.0, ""energy_transferred_to_offspring"": 152.0}",d3d1ad80f6c2c1a9fa6e76726961abdba8dd329e5c2152ffc8fecab2a1e53042
sensitivity,mutation.substitution_rate,0.0,mutation.substitution_rate=0.0,30,fec98f9e6a7ef3e7,phase-zero-vm-0.2,phase-one-measurement-0.1,2000,31,19,0,31,1,1,1,1,1,0,2,2100,0,31,31,0,0.0,496,4,-1.02e-08,{},"{""energy_captured"": 21000.0, ""energy_execution"": 105.0, ""energy_input"": 20000.0, ""energy_maintenance"": 12352.0, ""energy_released_on_death"": 0.0, ""energy_reproduction_cost"": 228.0, ""energy_transferred_to_offspring"": 152.0}",a8fb5f8401ef80940b1421d3ec66a5dad1a4d1c5dcab245af976892aed98df95
sensitivity,mutation.substitution_rate,0.01,mutation.substitution_rate=0.01,1,7d6516f717c33885,phase-zero-vm-0.2,phase-one-measurement-0.1,2000,31,22,3,31,1,4,1,3,4,3,2,2313,3,31,31,0,0.0,496,4,-1.02e-08,"{""vm_fault:division_without_complete_copy"": 1, ""vm_fault:invalid_program_address:8"": 2}","{""energy_captured"": 21030.05, ""energy_execution"": 115.65, ""energy_input"": 20000.0, ""energy_maintenance"": 12346.2, ""energy_released_on_death"": 30.05, ""energy_reproduction_cost"": 264.0, ""energy_transferred_to_offspring"": 176.0}",77ce431d1686a9cb43dd503952991a778d28213bfbd5adbe56d8b4820a3a4b02
sensitivity,mutation.substitution_rate,0.01,mutation.substitution_rate=0.01,2,e42bf3936a091ecc,phase-zero-vm-0.2,phase-one-measurement-0.1,2000,31,21,2,31,2,4,1,3,4,3,2,2232,2,31,31,0,0.0,496,4,-1.02e-08,"{""vm_fault:division_without_complete_copy"": 2}","{""energy_captured"": 21019.2, ""energy_execution"": 111.6, ""energy_input"": 20000.0, ""energy_maintenance"": 12352.0, ""energy_released_on_death"": 19.2, ""energy_reproduction_cost"": 252.0, ""energy_transferred_to_offspring"": 168.0}",230f21002a38935215882746819995b244746f5629c45bd4ea946b4f777eec87
sensitivity,mutation.substitution_rate,0.01,mutation.substitution_rate=0.01,3,0dc1464b063c732c,phase-zero-vm-0.2,phase-one-measurement-0.1,2000,31,20,1,31,1,2,1,1,2,1,2,3462,0,31,31,0,0.0,496,4,-1.02e-08,"{""energy_exhausted_maintenance"": 1}","{""energy_captured"": 21000.0, ""energy_execution"": 173.1, ""energy_input"": 20000.0, ""energy_maintenance"": 12351.8, ""energy_released_on_death"": 0.0, ""energy_reproduction_cost"": 240.0, ""energy_transferred_to_offspring"": 160.0}",5bf01132d9f6f3a1f487fc8339b262a4fab0b84e6fc07ffbb2f15c305cf9e3e2
sensitivity,mutation.substitution_rate,0.01,mutation.substitution_rate=0.01,4,6d37390f4cf389c3,phase-zero-vm-0.2,phase-one-measurement-0.1,2000,31,19,0,31,1,1,1,1,1,0,2,2100,0,31,31,0,0.0,496,4,-1.02e-08,{},"{""energy_captured"": 21000.0, ""energy_execution"": 105.0, ""energy_input"": 20000.0, ""energy_maintenance"": 12352.0, ""energy_released_on_death"": 0.0, ""energy_reproduction_cost"": 228.0, ""energy_transferred_to_offspring"": 152.0}",6641978f65152a7e143ab7bb3f1d624330f0164d9a831f8818ea2645bd0824aa
sensitivity,mutation.substitution_rate,0.01,mutation.substitution_rate=0.01,5,2f24b36eab269c10,phase-zero-vm-0.2,phase-one-measurement-0.1,2000,31,19,0,31,1,1,1,1,1,0,2,2100,0,31,31,0,0.0,496,4,-1.02e-08,{},"{""energy_captured"": 21000.0, ""energy_execution"": 105.0, ""energy_input"": 20000.0, ""energy_maintenance"": 12352.0, ""energy_released_on_death"": 0.0, ""energy_reproduction_cost"": 228.0, ""energy_transferred_to_offspring"": 152.0}",9d2ea2309aa0a7dcf06cdb3d8d8972ff98286ddb51fed5dc6e3974ce73c28af4
sensitivity,mutation.substitution_rate,0.01,mutation.substitution_rate=0.01,6,16a81a341d274537,phase-zero-vm-0.2,phase-one-measurement-0.1,2000,31,20,1,31,1,2,1,1,2,1,2,2149,1,31,31,0,0.0,496,4,-1.02e-08,"{""vm_fault:division_without_complete_copy"": 1}","{""energy_captured"": 21008.45, ""energy_execution"": 107.45, ""energy_input"": 20000.0, ""energy_maintenance"": 12352.0, ""energy_released_on_death"": 8.45, ""energy_reproduction_cost"": 240.0, ""energy_transferred_to_offspring"": 160.0}",b818e075ae67553041d654c3de223ee190a2aa493839f13774c03e44b5c1e710
sensitivity,mutation.substitution_rate,0.01,mutation.substitution_rate=0.01,7,36ad6da380056418,phase-zero-vm-0.2,phase-one-measurement-0.1,2000,31,20,1,31,1,2,1,1,2,1,2,2149,1,31,31,0,0.0,496,4,-1.02e-08,"{""vm_fault:division_without_complete_copy"": 1}","{""energy_captured"": 21008.45, ""energy_execution"": 107.45, ""energy_input"": 20000.0, ""energy_maintenance"": 12348.6, ""energy_released_on_death"": 8.45, ""energy_reproduction_cost"": 240.0, ""energy_transferred_to_offspring"": 160.0}",45e89c41fd1413a8af84b8ee9b19b0e7eec8f11e0966277af193ed93fa6217c3
sensitivity,mutation.substitution_rate,0.01,mutation.substitution_rate=0.01,8,e06f904adf74a3d2,phase-zero-vm-0.2,phase-one-measurement-0.1,2000,31,20,1,31,3,4,2,3,4,3,2,3157,0,30,30,0,0.0,496,4,-1.02e-08,"{""energy_exhausted_execution"": 1}","{""energy_captured"": 21000.0, ""energy_execution"": 157.65, ""energy_input"": 20000.0, ""energy_maintenance"": 12352.0, ""energy_released_on_death"": 0.0, ""energy_reproduction_cost"": 240.0, ""energy_transferred_to_offspring"": 160.0}",a4b791f7c0893a733268929c91eb581ecdd2dfd10a5b37631c9e450aba208a7e
sensitivity,mutation.substitution_rate,0.01,mutation.substitution_rate=0.01,9,1ae1f50134bf085d,phase-zero-vm-0.2,phase-one-measurement-0.1,2000,31,21,2,31,1,3,1,2,3,2,2,3109,1,31,31,0,0.0,496,4,-1.02e-08,"{""energy_exhausted_maintenance"": 1, ""vm_fault:invalid_register:7"": 1}","{""energy_captured"": 21008.55, ""energy_execution"": 155.45, ""energy_input"": 20000.0, ""energy_maintenance"": 12348.4, ""energy_released_on_death"": 8.55, ""energy_reproduction_cost"": 252.0, ""energy_transferred_to_offspring"": 168.0}",332b929fb15610e09b2801596ec7bfa9a3736e53460d3cc4d2a6aecbf74d52c5
sensitivity,mutation.substitution_rate,0.01,mutation.substitution_rate=0.01,10,a791c95105f7560e,phase-zero-vm-0.2,phase-one-measurement-0.1,2000,31,20,1,31,1,2,1,1,2,1,2,2142,1,31,31,0,0.0,496,4,-1.02e-08,"{""vm_fault:invalid_register:8"": 1}","{""energy_captured"": 21008.8, ""energy_execution"": 107.1, ""energy_input"": 20000.0, ""energy_maintenance"": 12352.0, ""energy_released_on_death"": 8.8, ""energy_reproduction_cost"": 240.0, ""energy_transferred_to_offspring"": 160.0}",d8d767ae6ef78e057a50efe8c19e3eaaf9d39a822200da62e85b463ca3d8d97f
sensitivity,mutation.substitution_rate,0.01,mutation.substitution_rate=0.01,11,0198bf9d5210f796,phase-zero-vm-0.2,phase-one-measurement-0.1,2000,31,19,0,31,1,1,1,1,1,0,2,2100,0,31,31,0,0.0,496,4,-1.02e-08,{},"{""energy_captured"": 21000.0, ""energy_execution"": 105.0, ""energy_input"": 20000.0, ""energy_maintenance"": 12352.0, ""energy_released_on_death"": 0.0, ""energy_reproduction_cost"": 228.0, ""energy_transferred_to_offspring"": 152.0}",62bc4ab9cf65adffd87ad89669b12756076a3bda4333b804f54209d073eda58c
sensitivity,mutation.substitution_rate,0.01,mutation.substitution_rate=0.01,12,2e3f6d80a2a8240a,phase-zero-vm-0.2,phase-one-measurement-0.1,2000,31,20,1,31,2,3,1,2,3,2,2,2183,1,31,31,0,0.0,496,4,-1.02e-08,"{""vm_fault:division_without_complete_copy"": 1}","{""energy_captured"": 21010.75, ""energy_execution"": 109.15, ""energy_input"": 20000.0, ""energy_maintenance"": 12349.6, ""energy_released_on_death"": 10.75, ""energy_reproduction_cost"": 240.0, ""energy_transferred_to_offspring"": 160.0}",523d7669427640fdb9ba8d8a2ca36ececc76fe731b9497d66fda54c7b8e58d35
sensitivity,mutation.substitution_rate,0.01,mutation.substitution_rate=0.01,13,1e7a16db551e1de5,phase-zero-vm-0.2,phase-one-measurement-0.1,2000,31,23,4,31,1,5,1,4,5,4,2,2343,4,31,31,0,0.0,496,4,-1.02e-08,"{""vm_fault:division_without_complete_copy"": 2, ""vm_fault:instruction_pointer_out_of_bounds:8"": 1, ""vm_fault:invalid_register:8"": 1}","{""energy_captured"": 21037.85, ""energy_execution"": 117.15, ""energy_input"": 20000.0, ""energy_maintenance"": 12342.4, ""energy_released_on_death"": 37.85, ""energy_reproduction_cost"": 276.0, ""energy_transferred_to_offspring"": 184.0}",4ef4da1efc78acf517e30d70996a73d3c18aabbaf40d935de799c8e13d4eabfe
sensitivity,mutation.substitution_rate,0.01,mutation.substitution_rate=0.01,14,3b9d67cff39b49a5,phase-zero-vm-0.2,phase-one-measurement-0.1,2000,31,21,2,31,1,3,1,2,3,2,2,2226,2,31,31,0,0.0,496,4,-1.02e-08,"{""vm_fault:instruction_pointer_out_of_bounds:8"": 1, ""vm_fault:invalid_memory_address:8"": 1}","{""energy_captured"": 21019.5, ""energy_execution"": 111.3, ""energy_input"": 20000.0, ""energy_maintenance"": 12346.2, ""energy_released_on_death"": 19.5, ""energy_reproduction_cost"": 252.0, ""energy_transferred_to_offspring"": 168.0}",250ef430f7b1772cb03f33ea1975f68fd45f8f4c657965b3a758dbda6992a271
sensitivity,mutation.substitution_rate,0.01,mutation.substitution_rate=0.01,15,3e9b9824608e1ac0,phase-zero-vm-0.2,phase-one-measurement-0.1,2000,31,22,3,31,1,4,1,3,4,3,2,2276,3,31,31,0,0.0,496,4,-1.02e-08,"{""vm_fault:division_without_complete_copy"": 1, ""vm_fault:invalid_program_address:248"": 1, ""vm_fault:invalid_program_address:8"": 1}","{""energy_captured"": 21027.9, ""energy_execution"": 113.8, ""energy_input"": 20000.0, ""energy_maintenance"": 12342.8, ""energy_released_on_death"": 27.9, ""energy_reproduction_cost"": 264.0, ""energy_transferred_to_offspring"": 176.0}",f87379af34c82efed95917bf725ab6672a4381243474bfd1ea984211fc9dd367
sensitivity,mutation.substitution_rate,0.01,mutation.substitution_rate=0.01,16,0b819d44294e1c09,phase-zero-vm-0.2,phase-one-measurement-0.1,2000,31,19,0,31,1,1,1,1,1,0,2,2100,0,31,31,0,0.0,496,4,-1.02e-08,{},"{""energy_captured"": 21000.0, ""energy_execution"": 105.0, ""energy_input"": 20000.0, ""energy_maintenance"": 12352.0, ""energy_released_on_death"": 0.0, ""energy_reproduction_cost"": 228.0, ""energy_transferred_to_offspring"": 152.0}",7b5126d968b3b34c6f16afe91d25f7989bc7b06fdf3f335d81d4906cdb316424
sensitivity,mutation.substitution_rate,0.01,mutation.substitution_rate=0.01,17,b2f5e47fcced7441,phase-zero-vm-0.2,phase-one-measurement-0.1,2000,31,20,1,31,1,2,1,1,2,1,2,3614,0,31,31,0,0.0,496,4,-1.02e-08,"{""energy_exhausted_execution"": 1}","{""energy_captured"": 21000.0, ""energy_execution"": 180.3, ""energy_input"": 20000.0, ""energy_maintenance"": 12352.0, ""energy_released_on_death"": 0.0, ""energy_reproduction_cost"": 240.0, ""energy_transferred_to_offspring"": 160.0}",937d55afa561a517599e5a665e2c6a9ae28462843656172ae9adb8e9e3cf3246
sensitivity,mutation.substitution_rate,0.01,mutation.substitution_rate=0.01,18,00503b7ec207c861,phase-zero-vm-0.2,phase-one-measurement-0.1,2000,31,19,0,31,2,2,1,1,2,1,2,2100,0,30,30,0,0.0,496,4,-1.02e-08,{},"{""energy_captured"": 21000.0, ""energy_execution"": 105.0, ""energy_input"": 20000.0, ""energy_maintenance"": 12352.0, ""energy_released_on_death"": 0.0, ""energy_reproduction_cost"": 228.0, ""energy_transferred_to_offspring"": 152.0}",25cd5755aa3db242986227e2a72f9945856ad43c22dac02d8ca34893644ab883
sensitivity,mutation.substitution_rate,0.01,mutation.substitution_rate=0.01,19,4ad7c4ce55fba492,phase-zero-vm-0.2,phase-one-measurement-0.1,2000,31,21,2,31,1,3,1,2,3,2,2,2268,2,31,31,0,0.0,496,4,-1.02e-08,"{""vm_fault:instruction_pointer_out_of_bounds:8"": 1, ""vm_fault:invalid_program_address:8"": 1}","{""energy_captured"": 21021.4, ""energy_execution"": 113.4, ""energy_input"": 20000.0, ""energy_maintenance"": 12349.6, ""energy_released_on_death"": 21.4, ""energy_reproduction_cost"": 252.0, ""energy_transferred_to_offspring"": 168.0}",dcc31d8086a1f48e17054e62dc201f354df689d5a1478ec6f24afb78bb1e260f
sensitivity,mutation.substitution_rate,0.01,mutation.substitution_rate=0.01,20,7459e1b194d0a7f9,phase-zero-vm-0.2,phase-one-measurement-0.1,2000,31,22,3,31,1,4,1,3,4,3,2,2280,3,31,31,0,0.0,496,4,-1.02e-08,"{""vm_fault:division_without_complete_copy"": 1, ""vm_fault:invalid_program_address:8"": 1, ""vm_fault:invalid_register:7"": 1}","{""energy_captured"": 21027.7, ""energy_execution"": 114.0, ""energy_input"": 20000.0, ""energy_maintenance"": 12346.2, ""energy_released_on_death"": 27.7, ""energy_reproduction_cost"": 264.0, ""energy_transferred_to_offspring"": 176.0}",e411e80f5b788490d5ca6606e1785e3183be917384af019c6806284e1fa721f7
sensitivity,mutation.substitution_rate,0.01,mutation.substitution_rate=0.01,21,6ac916025e145a5d,phase-zero-vm-0.2,phase-one-measurement-0.1,2000,31,20,1,31,1,2,1,1,2,1,2,2149,1,31,31,0,0.0,496,4,-1.02e-08,"{""vm_fault:invalid_program_address:255"": 1}","{""energy_captured"": 21008.45, ""energy_execution"": 107.45, ""energy_input"": 20000.0, ""energy_maintenance"": 12352.0, ""energy_released_on_death"": 8.45, ""energy_reproduction_cost"": 240.0, ""energy_transferred_to_offspring"": 160.0}",96e43f53317c9fa4570f56c4ba013bf722767e6ba32f41850301caf1c85fedd6
sensitivity,mutation.substitution_rate,0.01,mutation.substitution_rate=0.01,22,d502fb069a160b2a,phase-zero-vm-0.2,phase-one-measurement-0.1,2000,31,20,1,31,1,2,1,1,2,1,2,2148,1,31,31,0,0.0,496,4,-1.02e-08,"{""vm_fault:division_without_complete_copy"": 1}","{""energy_captured"": 21008.5, ""energy_execution"": 107.4, ""energy_input"": 20000.0, ""energy_maintenance"": 12348.6, ""energy_released_on_death"": 8.5, ""energy_reproduction_cost"": 240.0, ""energy_transferred_to_offspring"": 160.0}",358bb23363dc3fde4d75ec16eb806c8575e53a264fcbeb1e70a99fe0f19c887c
sensitivity,mutation.substitution_rate,0.01,mutation.substitution_rate=0.01,23,e4b38c015164d2de,phase-zero-vm-0.2,phase-one-measurement-0.1,2000,31,20,1,31,2,3,2,2,3,2,2,2183,1,31,31,0,0.0,496,4,-1.02e-08,"{""vm_fault:division_without_complete_copy"": 1}","{""energy_captured"": 21010.75, ""energy_execution"": 109.15, ""energy_input"": 20000.0, ""energy_maintenance"": 12349.6, ""energy_released_on_death"": 10.75, ""energy_reproduction_cost"": 240.0, ""energy_transferred_to_offspring"": 160.0}",0d359d45c44e0185928b8c6698c8243128d6bbfcf93ad3483554b889578b5c26
sensitivity,mutation.substitution_rate,0.01,mutation.substitution_rate=0.01,24,e00072311fde385a,phase-zero-vm-0.2,phase-one-measurement-0.1,2000,31,21,2,31,1,3,1,2,3,2,2,2233,2,31,31,0,0.0,496,4,-1.02e-08,"{""vm_fault:division_without_complete_copy"": 1, ""vm_fault:invalid_program_address:8"": 1}","{""energy_captured"": 21019.15, ""energy_execution"": 111.65, ""energy_input"": 20000.0, ""energy_maintenance"": 12349.6, ""energy_released_on_death"": 19.15, ""energy_reproduction_cost"": 252.0, ""energy_transferred_to_offspring"": 168.0}",4909f1630b3b2c5f55606b9b3506c220046910cba0043b6717101fbb40e18ff9
sensitivity,mutation.substitution_rate,0.01,mutation.substitution_rate=0.01,25,291f1f48f94d9c1a,phase-zero-vm-0.2,phase-one-measurement-0.1,2000,31,20,1,31,1,2,1,1,2,1,2,2184,1,31,31,0,0.0,496,4,-1.02e-08,"{""vm_fault:instruction_pointer_out_of_bounds:8"": 1}","{""energy_captured"": 21010.7, ""energy_execution"": 109.2, ""energy_input"": 20000.0, ""energy_maintenance"": 12352.0, ""energy_released_on_death"": 10.7, ""energy_reproduction_cost"": 240.0, ""energy_transferred_to_offspring"": 160.0}",1a283152693b78c49b29dc7684f6bc6eeb55beb5331111c4f760d714990c3c93
sensitivity,mutation.substitution_rate,0.01,mutation.substitution_rate=0.01,26,9c8bcc6c9cf24143,phase-zero-vm-0.2,phase-one-measurement-0.1,2000,31,20,1,31,2,3,2,2,3,2,2,3278,0,30,30,0,0.0,496,4,-1.02e-08,"{""energy_exhausted_execution"": 1}","{""energy_captured"": 21000.0, ""energy_execution"": 163.7, ""energy_input"": 20000.0, ""energy_maintenance"": 12351.8, ""energy_released_on_death"": 0.0, ""energy_reproduction_cost"": 240.0, ""energy_transferred_to_offspring"": 160.0}",539d68810ea9cc4966ae9b0b6a7538f0fbb01b7c0e8bd51b4037519810a6f64d
sensitivity,mutation.substitution_rate,0.01,mutation.substitution_rate=0.01,27,08f7a7d4e510f96a,phase-zero-vm-0.2,phase-one-measurement-0.1,2000,31,20,1,31,1,2,1,1,2,1,2,2168,1,31,31,0,0.0,496,4,-1.02e-08,"{""vm_fault:division_without_complete_copy"": 1}","{""energy_captured"": 21009.9, ""energy_execution"": 108.4, ""energy_input"": 20000.0, ""energy_maintenance"": 12349.2, ""energy_released_on_death"": 9.9, ""energy_reproduction_cost"": 240.0, ""energy_transferred_to_offspring"": 160.0}",800e573914a2787cbb0d7c2628c3ff0b9502844febcc074f28776428f0947bcc
sensitivity,mutation.substitution_rate,0.01,mutation.substitution_rate=0.01,28,32f27cd4cf9c699d,phase-zero-vm-0.2,phase-one-measurement-0.1,2000,31,20,1,31,1,2,1,1,2,1,2,2181,1,31,31,0,0.0,496,4,-1.02e-08,"{""vm_fault:invalid_program_address:8"": 1}","{""energy_captured"": 21010.05, ""energy_execution"": 109.05, ""energy_input"": 20000.0, ""energy_maintenance"": 12349.4, ""energy_released_on_death"": 10.05, ""energy_reproduction_cost"": 240.0, ""energy_transferred_to_offspring"": 160.0}",37f69143d05aa9dea5f4c8b0ec503881ac43f079730bf1f22542e7d3fef8a475
sensitivity,mutation.substitution_rate,0.01,mutation.substitution_rate=0.01,29,a7ca645643b0ee72,phase-zero-vm-0.2,phase-one-measurement-0.1,2000,31,21,2,31,1,3,1,2,3,2,2,2196,2,31,31,0,0.0,496,4,-1.02e-08,"{""vm_fault:division_without_complete_copy"": 1, ""vm_fault:invalid_register:7"": 1}","{""energy_captured"": 21017.0, ""energy_execution"": 109.8, ""energy_input"": 20000.0, ""energy_maintenance"": 12345.2, ""energy_released_on_death"": 17.0, ""energy_reproduction_cost"": 252.0, ""energy_transferred_to_offspring"": 168.0}",cc1c2d7d270776cb609bc07093215b72c6168453f1c91434a8dd3aa7ea2797ee
sensitivity,mutation.substitution_rate,0.01,mutation.substitution_rate=0.01,30,c0963953ad59834f,phase-zero-vm-0.2,phase-one-measurement-0.1,2000,31,21,2,31,1,3,1,2,3,2,2,3385,1,31,31,0,0.0,496,4,-1.02e-08,"{""energy_exhausted_maintenance"": 1, ""vm_fault:division_without_complete_copy"": 1}","{""energy_captured"": 21010.75, ""energy_execution"": 169.25, ""energy_input"": 20000.0, ""energy_maintenance"": 12349.4, ""energy_released_on_death"": 10.75, ""energy_reproduction_cost"": 252.0, ""energy_transferred_to_offspring"": 168.0}",8cf8badefee2b3ce61e2a39bc44d59ce93fa7826982c65eb1f92e1bebf374fcd
sensitivity,mutation.substitution_rate,0.05,mutation.substitution_rate=0.05,1,1959cf48bac82317,phase-zero-vm-0.2,phase-one-measurement-0.1,2000,31,31,12,31,2,12,2,13,12,13,2,3903,11,30,30,0,0.0,496,4,-1.02e-08,"{""energy_exhausted_execution"": 1, ""vm_fault:division_without_complete_copy"": 4, ""vm_fault:instruction_pointer_out_of_bounds:8"": 1, ""vm_fault:invalid_program_address:255"": 1, ""vm_fault:invalid_program_address:8"": 5}","{""energy_captured"": 21102.65, ""energy_execution"": 194.95, ""energy_input"": 20000.0, ""energy_maintenance"": 12334.2, ""energy_released_on_death"": 102.65, ""energy_reproduction_cost"": 372.0, ""energy_transferred_to_offspring"": 248.0}",39186d2b3a9279660234ab2415371798f4a4f67bdee2dc1b0de622706dacf913
sensitivity,mutation.substitution_rate,0.05,mutation.substitution_rate=0.05,2,7a1258f77f0b6bb6,phase-zero-vm-0.2,phase-one-measurement-0.1,2000,31,32,13,31,1,13,1,13,13,13,2,6709,10,31,31,0,0.0,496,4,-1.01e-08,"{""energy_exhausted_execution"": 3, ""vm_fault:division_without_complete_copy"": 4, ""vm_fault:invalid_program_address:8"": 4, ""vm_fault:invalid_register:7"": 2}","{""energy_captured"": 21093.85, ""energy_execution"": 334.45, ""energy_input"": 20000.0, ""energy_maintenance"": 12333.2, ""energy_released_on_death"": 93.85, ""energy_reproduction_cost"": 384.0, ""energy_transferred_to_offspring"": 256.0}",3f5fa6f8a48203f326e8e4af59268930b71a3e8497ff1852c8c116703f1f7af0
sensitivity,mutation.substitution_rate,0.05,mutation.substitution_rate=0.05,3,256dda75cb3b9a91,phase-zero-vm-0.2,phase-one-measurement-0.1,2000,31,23,4,31,2,6,2,5,6,5,2,3626,3,30,30,0,0.0,496,4,-1.02e-08,"{""energy_exhausted_maintenance"": 1, ""vm_fault:division_without_complete_copy"": 2, ""vm_fault:invalid_register:7"": 1}","{""energy_captured"": 21026.9, ""energy_execution"": 181.3, ""energy_input"": 20000.0, ""energy_maintenance"": 12345.0, ""energy_released_on_death"": 26.9, ""energy_reproduction_cost"": 276.0, ""energy_transferred_to_offspring"": 184.0}",47508bc6c5134c41cf106d7eeb1c7c38bde96977e8a988fe6a943034a6d06a85
sensitivity,mutation.substitution_rate,0.05,mutation.substitution_rate=0.05,4,70e8ba480979e065,phase-zero-vm-0.2,phase-one-measurement-0.1,2000,31,33,14,31,1,12,1,14,12,14,3,8025,10,31,31,0,0.0,496,4,-1.01e-08,"{""energy_exhausted_execution"": 3, ""energy_exhausted_maintenance"": 1, ""vm_fault:division_without_complete_copy"": 4, ""vm_fault:instruction_pointer_out_of_bounds:8"": 3, ""vm_fault:invalid_program_address:255"": 1, ""vm_fault:invalid_program_address:8"": 1, ""vm_fault:invalid_register:7"": 1}","{""energy_captured"": 21088.15, ""energy_execution"": 400.25, ""energy_input"": 20000.0, ""energy_maintenance"": 12340.2, ""energy_released_on_death"": 88.15, ""energy_reproduction_cost"": 396.0, ""energy_transferred_to_offspring"": 264.0}",1abe0df0c003d15e383f792da2220ce15ef748c2ceaa7380d137572f48a3920a
sensitivity,mutation.substitution_rate,0.05,mutation.substitution_rate=0.05,5,129694e0e8fd9a04,phase-zero-vm-0.2,phase-one-measurement-0.1,2000,31,25,6,31,3,9,2,8,9,8,2,4890,4,29,29,0,0.0,496,4,-1.02e-08,"{""energy_exhausted_execution"": 2, ""vm_fault:division_without_complete_copy"": 1, ""vm_fault:invalid_program_address:248"": 1, ""vm_fault:invalid_program_address:8"": 1, ""vm_fault:invalid_register:7"": 1}","{""energy_captured"": 21035.95, ""energy_execution"": 243.9, ""energy_input"": 20000.0, ""energy_maintenance"": 12345.8, ""energy_released_on_death"": 35.95, ""energy_reproduction_cost"": 300.0, ""energy_transferred_to_offspring"": 200.0}",1512ea7f8c63327a09359f38539c0f6ee9625fc26f05a807f3ad1edccea17265
sensitivity,mutation.substitution_rate,0.05,mutation.substitution_rate=0.05,6,afd67b10cb28dc69,phase-zero-vm-0.2,phase-one-measurement-0.1,2000,31,28,9,31,2,10,2,10,10,10,2,4328,7,30,30,0,0.0,496,4,-1.02e-08,"{""energy_exhausted_execution"": 2, ""vm_fault:division_without_complete_copy"": 4, ""vm_fault:instruction_pointer_out_of_bounds:8"": 1, ""vm_fault:invalid_program_address:255"": 1, ""vm_fault:invalid_program_address:8"": 1}","{""energy_captured"": 21064.4, ""energy_execution"": 215.6, ""energy_input"": 20000.0, ""energy_maintenance"": 12340.4, ""energy_released_on_death"": 64.4, ""energy_reproduction_cost"": 336.0, ""energy_transferred_to_offspring"": 224.0}",ec2972b3f51d7a4392928ef85adbb85b2951b9de993139c090cfa190b720242c
sensitivity,mutation.substitution_rate,0.05,mutation.substitution_rate=0.05,7,8d8cd0cf8dedad99,phase-zero-vm-0.2,phase-one-measurement-0.1,2000,31,24,5,31,1,6,1,5,6,5,2,2377,5,31,31,0,0.0,496,4,-1.02e-08,"{""vm_fault:division_without_complete_copy"": 3, ""vm_fault:instruction_pointer_out_of_bounds:8"": 1, ""vm_fault:invalid_register:7"": 1}","{""energy_captured"": 21044.65, ""energy_execution"": 118.85, ""energy_input"": 20000.0, ""energy_maintenance"": 12348.6, ""energy_released_on_death"": 44.65, ""energy_reproduction_cost"": 288.0, ""energy_transferred_to_offspring"": 192.0}",5bd61af50915262901bf610b0d5db7fdcdf7cc1b82abe60f0023b6d3e0a28e5f
sensitivity,mutation.substitution_rate,0.05,mutation.substitution_rate=0.05,8,ee174d9f6cf1f5ed,phase-zero-vm-0.2,phase-one-measurement-0.1,2000,31,27,8,31,2,10,2,9,10,9,3,4336,7,30,30,0,0.0,496,4,-1.02e-08,"{""energy_exhausted_execution"": 1, ""vm_fault:division_without_complete_copy"": 3, ""vm_fault:instruction_pointer_out_of_bounds:8"": 1, ""vm_fault:invalid_program_address:255"": 1, ""vm_fault:invalid_program_address:8"": 1, ""vm_fault:invalid_register:8"": 1}","{""energy_captured"": 21068.95, ""energy_execution"": 216.4, ""energy_input"": 20000.0, ""energy_maintenance"": 12346.2, ""energy_released_on_death"": 68.95, ""energy_reproduction_cost"": 324.0, ""energy_transferred_to_offspring"": 216.0}",99b5fc9581177aada53797323927f6a8bc206884666806f40108c0d40427da08
sensitivity,mutation.substitution_rate,0.05,mutation.substitution_rate=0.05,9,b74d588b0edbc9db,phase-zero-vm-0.2,phase-one-measurement-0.1,2000,31,29,10,31,1,9,1,10,9,10,2,3793,9,31,31,0,0.0,496,4,-1.02e-08,"{""energy_exhausted_execution"": 1, ""vm_fault:division_without_complete_copy"": 7, ""vm_fault:invalid_memory_address:8"": 1, ""vm_fault:invalid_register:7"": 1}","{""energy_captured"": 21077.15, ""energy_execution"": 189.25, ""energy_input"": 20000.0, ""energy_maintenance"": 12334.8, ""energy_released_on_death"": 77.15, ""energy_reproduction_cost"": 348.0, ""energy_transferred_to_offspring"": 232.0}",36fdf3ffcfd59edff42c073229ddd5c38bebdb3ead0a5b75cbed630d7d055226
sensitivity,mutation.substitution_rate,0.05,mutation.substitution_rate=0.05,10,ee62f56e80011abe,phase-zero-vm-0.2,phase-one-measurement-0.1,2000,31,23,4,31,2,6,1,5,6,5,2,3609,3,31,31,0,0.0,496,4,-1.02e-08,"{""energy_exhausted_execution"": 1, ""vm_fault:division_without_complete_copy"": 1, ""vm_fault:instruction_pointer_out_of_bounds:8"": 1, ""vm_fault:invalid_program_address:8"": 1}","{""energy_captured"": 21032.15, ""energy_execution"": 180.25, ""energy_input"": 20000.0, ""energy_maintenance"": 12349.6, ""energy_released_on_death"": 32.15, ""energy_reproduction_cost"": 276.0, ""energy_transferred_to_offspring"": 184.0}",0e9539e836aeece26ca3e89206b6ac25b6a893defc2095f20eee0ecbc6d0a578
sensitivity,mutation.substitution_rate,0.05,mutation.substitution_rate=0.05,11,e6246d4270661a97,phase-zero-vm-0.2,phase-one-measurement-0.1,2000,31,25,6,31,1,7,1,6,7,6,2,2448,6,31,31,0,0.0,496,4,-1.02e-08,"{""vm_fault:division_without_complete_copy"": 4, ""vm_fault:instruction_pointer_out_of_bounds:8"": 1, ""vm_fault:invalid_register:8"": 1}","{""energy_captured"": 21056.0, ""energy_execution"": 122.4, ""energy_input"": 20000.0, ""energy_maintenance"": 12342.8, ""energy_released_on_death"": 56.0, ""energy_reproduction_cost"": 300.0, ""energy_transferred_to_offspring"": 200.0}",0ea767a86225bd88def082f935d43c01887eb179389bbab3e82d29d66ba0a55e
sensitivity,mutation.substitution_rate,0.05,mutation.substitution_rate=0.05,12,9bdc5ee7566530cd,phase-zero-vm-0.2,phase-one-measurement-0.1,2000,31,25,6,31,2,8,2,7,8,7,2,4552,4,30,30,0,0.0,496,4,-1.02e-08,"{""energy_exhausted_execution"": 1, ""energy_exhausted_maintenance"": 1, ""vm_fault:division_without_complete_copy"": 2, ""vm_fault:invalid_program_address:8"": 2}","{""energy_captured"": 21040.05, ""energy_execution"": 227.2, ""energy_input"": 20000.0, ""energy_maintenance"": 12349.2, ""energy_released_on_death"": 40.05, ""energy_reproduction_cost"": 300.0, ""energy_transferred_to_offspring"": 200.0}",fc3407b25cead17770a3e550b405330f522990690d4dc3f0fc1d2ad25281a355
sensitivity,mutation.substitution_rate,0.05,mutation.substitution_rate=0.05,13,f37350c105642be9,phase-zero-vm-0.2,phase-one-measurement-0.1,2000,31,26,7,31,2,9,2,8,9,8,2,2594,7,31,31,0,0.0,496,4,-1.02e-08,"{""vm_fault:division_without_complete_copy"": 4, ""vm_fault:instruction_pointer_out_of_bounds:8"": 1, ""vm_fault:invalid_program_address:8"": 2}","{""energy_captured"": 21069.2, ""energy_execution"": 129.7, ""energy_input"": 20000.0, ""energy_maintenance"": 12343.2, ""energy_released_on_death"": 69.2, ""energy_reproduction_cost"": 312.0, ""energy_transferred_to_offspring"": 208.0}",70b08f1d84f42982197043e436c80e8d2f645e670e71c0f1255569b45b590077
sensitivity,mutation.substitution_rate,0.05,mutation.substitution_rate=0.05,14,75ea90d4e84381d9,phase-zero-vm-0.2,phase-one-measurement-0.1,2000,31,29,10,31,2,12,2,11,12,11,2,5104,8,31,31,0,0.0,496,4,-1.02e-08,"{""energy_exhausted_execution"": 2, ""vm_fault:division_without_complete_copy"": 2, ""vm_fault:instruction_pointer_out_of_bounds:8"": 1, ""vm_fault:invalid_memory_address:8"": 1, ""vm_fault:invalid_program_address:248"": 1, ""vm_fault:invalid_program_address:8"": 2, ""vm_fault:invalid_register:8"": 1}","{""energy_captured"": 21077.6, ""energy_execution"": 254.6, ""energy_input"": 20000.0, ""energy_maintenance"": 12341.4, ""energy_released_on_death"": 77.6, ""energy_reproduction_cost"": 348.0, ""energy_transferred_to_offspring"": 232.0}",1079d4c9bd97ad81734227254491072f295bcfbc731c70bf81f631b599283de8
sensitivity,mutation.substitution_rate,0.05,mutation.substitution_rate=0.05,15,73c7d5f66a3ba907,phase-zero-vm-0.2,phase-one-measurement-0.1,2000,31,23,4,31,2,6,2,5,6,5,2,2277,4,30,30,0,0.0,496,4,-1.02e-08,"{""vm_fault:division_without_complete_copy"": 1, ""vm_fault:invalid_memory_address:8"": 1, ""vm_fault:invalid_program_address:8"": 1, ""vm_fault:invalid_register:8"": 1}","{""energy_captured"": 21036.75, ""energy_execution"": 113.85, ""energy_input"": 20000.0, ""energy_maintenance"": 12342.8, ""energy_released_on_death"": 36.75, ""energy_reproduction_cost"": 276.0, ""energy_transferred_to_offspring"": 184.0}",5cf3fe8cfe99041522ff2e1835c45aef9b93104e765a8132b9b37f54d398222d
sensitivity,mutation.substitution_rate,0.05,mutation.substitution_rate=0.05,16,6cbf7aecc9c810a8,phase-zero-vm-0.2,phase-one-measurement-0.1,2000,31,32,13,31,1,14,1,13,14,13,2,3788,12,31,31,0,0.0,496,4,-1.02e-08,"{""energy_exhausted_execution"": 1, ""vm_fault:division_without_complete_copy"": 5, ""vm_fault:instruction_pointer_out_of_bounds:8"": 3, ""vm_fault:invalid_memory_address:8"": 1, ""vm_fault:invalid_program_address:8"": 1, ""vm_fault:invalid_register:7"": 2}","{""energy_captured"": 21111.3, ""energy_execution"": 189.2, ""energy_input"": 20000.0, ""energy_maintenance"": 12341.4, ""energy_released_on_death"": 111.3, ""energy_reproduction_cost"": 384.0, ""energy_transferred_to_offspring"": 256.0}",5d21f7cf190d5c311f027f52a33ecbf6f28b064998416762be06cb672f23f7ba
sensitivity,mutation.substitution_rate,0.05,mutation.substitution_rate=0.05,17,27508a8e757e796c,phase-zero-vm-0.2,phase-one-measurement-0.1,2000,31,34,15,31,1,14,1,15,14,15,2,8845,10,31,31,0,0.0,496,4,-1.01e-08,"{""energy_exhausted_execution"": 4, ""energy_exhausted_maintenance"": 1, ""vm_fault:division_without_complete_copy"": 6, ""vm_fault:instruction_pointer_out_of_bounds:8"": 1, ""vm_fault:invalid_program_address:8"": 1, ""vm_fault:invalid_register:7"": 2}","{""energy_captured"": 21088.8, ""energy_execution"": 441.25, ""energy_input"": 20000.0, ""energy_maintenance"": 12335.8, ""energy_released_on_death"": 88.8, ""energy_reproduction_cost"": 408.0, ""energy_transferred_to_offspring"": 272.0}",2be334423973bb21886bf3e721ab6b1bc71026b556755e1ea60838fdb84736ba
sensitivity,mutation.substitution_rate,0.05,mutation.substitution_rate=0.05,18,20549215b991155c,phase-zero-vm-0.2,phase-one-measurement-0.1,2000,31,29,10,31,1,11,1,10,11,10,2,5490,7,31,31,0,0.0,496,4,-1.02e-08,"{""energy_exhausted_execution"": 2, ""energy_exhausted_maintenance"": 1, ""vm_fault:division_without_complete_copy"": 6, ""vm_fault:invalid_program_address:248"": 1}","{""energy_captured"": 21057.1, ""energy_execution"": 274.1, ""energy_input"": 20000.0, ""energy_maintenance"": 12341.6, ""energy_released_on_death"": 57.1, ""energy_reproduction_cost"": 348.0, ""energy_transferred_to_offspring"": 232.0}",ce6a3c60d4522683e19eb8f21f01b54d802aa76228e60962c8a93539a2326ef5
sensitivity,mutation.substitution_rate,0.05,mutation.substitution_rate=0.05,19,c864f75dfc3470e3,phase-zero-vm-0.2,phase-one-measurement-0.1,2000,31,35,16,31,2,17,2,17,17,17,2,4726,14,31,31,0,0.0,496,4,-1.01e-08,"{""energy_exhausted_execution"": 2, ""vm_fault:division_without_complete_copy"": 8, ""vm_fault:instruction_pointer_out_of_bounds:8"": 1, ""vm_fault:invalid_program_address:248"": 1, ""vm_fault:invalid_program_address:8"": 1, ""vm_fault:invalid_register:7"": 2, ""vm_fault:invalid_register:8"": 1}","{""energy_captured"": 21127.7, ""energy_execution"": 235.5, ""energy_input"": 20000.0, ""energy_maintenance"": 12331.8, ""energy_released_on_death"": 127.7, ""energy_reproduction_cost"": 420.0, ""energy_transferred_to_offspring"": 280.0}",28857023f47c08ea43f6bb2cbc4ba61688a541f279e3ce97582b9ad7b55a7664
sensitivity,mutation.substitution_rate,0.05,mutation.substitution_rate=0.05,20,af679947457f8fbb,phase-zero-vm-0.2,phase-one-measurement-0.1,2000,31,34,15,31,5,19,5,19,19,19,3,7502,11,27,27,0,0.0,496,4,-1.02e-08,"{""energy_exhausted_execution"": 2, ""energy_exhausted_maintenance"": 2, ""vm_fault:division_without_complete_copy"": 7, ""vm_fault:invalid_program_address:8"": 2, ""vm_fault:invalid_register:7"": 2}","{""energy_captured"": 21104.9, ""energy_execution"": 374.5, ""energy_input"": 20000.0, ""energy_maintenance"": 12342.2, ""energy_released_on_death"": 104.9, ""energy_reproduction_cost"": 408.0, ""energy_transferred_to_offspring"": 272.0}",93815a4f9a4f7b4dd57cfa550b1df5efbf35c87a973af8cc0d411d0e99793f23
sensitivity,mutation.substitution_rate,0.05,mutation.substitution_rate=0.05,21,cf7d93991cbf2442,phase-zero-vm-0.2,phase-one-measurement-0.1,2000,31,29,10,31,1,10,1,10,10,10,3,3875,9,31,31,0,0.0,496,4,-1.02e-08,"{""energy_exhausted_execution"": 1, ""vm_fault:division_without_complete_copy"": 7, ""vm_fault:invalid_program_address:8"": 2}","{""energy_captured"": 21086.65, ""energy_execution"": 193.55, ""energy_input"": 20000.0, ""energy_maintenance"": 12346.0, ""energy_released_on_death"": 86.65, ""energy_reproduction_cost"": 348.0, ""energy_transferred_to_offspring"": 232.0}",e08fa3b5c61fb02ce07fc8148f12aabbb3da96d02ec98968f1d29f5285823e85
sensitivity,mutation.substitution_rate,0.05,mutation.substitution_rate=0.05,22,f7bfbdc1892065ea,phase-zero-vm-0.2,phase-one-measurement-0.1,2000,31,27,8,31,2,10,2,9,10,9,2,2521,8,31,31,0,0.0,496,4,-1.02e-08,"{""vm_fault:division_without_complete_copy"": 5, ""vm_fault:instruction_pointer_out_of_bounds:8"": 1, ""vm_fault:invalid_program_address:255"": 1, ""vm_fault:invalid_register:7"": 1}","{""energy_captured"": 21071.75, ""energy_execution"": 126.05, ""energy_input"": 20000.0, ""energy_maintenance"": 12335.0, ""energy_released_on_death"": 71.75, ""energy_reproduction_cost"": 324.0, ""energy_transferred_to_offspring"": 216.0}",710c99f8a0db02de4e8bdccf737328e8ff052798f5811064b87a072e81e2ac75
sensitivity,mutation.substitution_rate,0.05,mutation.substitution_rate=0.05,23,fe13a3c3ef95083b,phase-zero-vm-0.2,phase-one-measurement-0.1,2000,31,25,6,31,1,7,1,6,7,6,2,4660,4,31,31,0,0.0,496,4,-1.02e-08,"{""energy_exhausted_execution"": 2, ""vm_fault:division_without_complete_copy"": 2, ""vm_fault:instruction_pointer_out_of_bounds:8"": 1, ""vm_fault:invalid_register:7"": 1}","{""energy_captured"": 21036.2, ""energy_execution"": 232.4, ""energy_input"": 20000.0, ""energy_maintenance"": 12345.2, ""energy_released_on_death"": 36.2, ""energy_reproduction_cost"": 300.0, ""energy_transferred_to_offspring"": 200.0}",db4c79042b3a23198eecd2b2343740d3a299e9952a7ccd40a0687bdf1d82080e
sensitivity,mutation.substitution_rate,0.05,mutation.substitution_rate=0.05,24,3f82950935d55032,phase-zero-vm-0.2,phase-one-measurement-0.1,2000,31,21,2,31,5,7,4,6,7,6,2,3118,1,29,29,0,0.0,496,4,-1.02e-08,"{""energy_exhausted_maintenance"": 1, ""vm_fault:division_without_complete_copy"": 1}","{""energy_captured"": 21008.5, ""energy_execution"": 155.9, ""energy_input"": 20000.0, ""energy_maintenance"": 12348.2, ""energy_released_on_death"": 8.5, ""energy_reproduction_cost"": 252.0, ""energy_transferred_to_offspring"": 168.0}",04a7d9fbbb27c507dc0114c430a6436304b0cac48d797a5ff3efefe3faa50b96
sensitivity,mutation.substitution_rate,0.05,mutation.substitution_rate=0.05,25,1e442ff988da5dc2,phase-zero-vm-0.2,phase-one-measurement-0.1,2000,31,29,10,31,2,12,2,11,12,11,2,4861,8,30,30,0,0.0,496,4,-1.02e-08,"{""energy_exhausted_execution"": 1, ""energy_exhausted_maintenance"": 1, ""vm_fault:division_without_complete_copy"": 2, ""vm_fault:instruction_pointer_out_of_bounds:8"": 2, ""vm_fault:invalid_memory_address:8"": 1, ""vm_fault:invalid_program_address:255"": 1, ""vm_fault:invalid_register:7"": 2}","{""energy_captured"": 21071.7, ""energy_execution"": 242.65, ""energy_input"": 20000.0, ""energy_maintenance"": 12348.2, ""energy_released_on_death"": 71.7, ""energy_reproduction_cost"": 348.0, ""energy_transferred_to_offspring"": 232.0}",4f18ca1809ab7687a82b64ee5444b4bf569e73b90eb2e08a76826e249a0bb49c
sensitivity,mutation.substitution_rate,0.05,mutation.substitution_rate=0.05,26,3395e85ffe8f7b68,phase-zero-vm-0.2,phase-one-measurement-0.1,2000,31,25,6,31,2,8,2,7,8,7,2,3684,5,31,31,0,0.0,496,4,-1.02e-08,"{""energy_exhausted_maintenance"": 1, ""vm_fault:division_without_complete_copy"": 1, ""vm_fault:instruction_pointer_out_of_bounds:8"": 1, ""vm_fault:invalid_memory_address:8"": 1, ""vm_fault:invalid_program_address:255"": 1, ""vm_fault:invalid_program_address:8"": 1}","{""energy_captured"": 21047.4, ""energy_execution"": 184.2, ""energy_input"": 20000.0, ""energy_maintenance"": 12339.2, ""energy_released_on_death"": 47.4, ""energy_reproduction_cost"": 300.0, ""energy_transferred_to_offspring"": 200.0}",c73e1b7d924589a1c645756d83439203aae6ea32dbd60f2bdaf5b891e0e1916a
sensitivity,mutation.substitution_rate,0.05,mutation.substitution_rate=0.05,27,4a15b62e1e561896,phase-zero-vm-0.2,phase-one-measurement-0.1,2000,31,29,10,31,2,11,2,11,11,11,2,5171,8,30,30,0,0.0,496,4,-1.02e-08,"{""energy_exhausted_execution"": 2, ""vm_fault:division_without_complete_copy"": 5, ""vm_fault:instruction_pointer_out_of_bounds:8"": 2, ""vm_fault:invalid_register:8"": 1}","{""energy_captured"": 21077.5, ""energy_execution"": 258.15, ""energy_input"": 20000.0, ""energy_maintenance"": 12341.4, ""energy_released_on_death"": 77.5, ""energy_reproduction_cost"": 348.0, ""energy_transferred_to_offspring"": 232.0}",9fb1a3efa353b2c5d9cb806a376d756a17998e2486c3ab742f01e70ffa56c23a
sensitivity,mutation.substitution_rate,0.05,mutation.substitution_rate=0.05,28,a8c1924bba510afe,phase-zero-vm-0.2,phase-one-measurement-0.1,2000,31,27,8,31,2,9,2,9,9,9,2,3896,8,30,30,0,0.0,496,4,-1.02e-08,"{""vm_fault:division_without_complete_copy"": 6, ""vm_fault:invalid_program_address:8"": 2}","{""energy_captured"": 21078.35, ""energy_execution"": 194.8, ""energy_input"": 20000.0, ""energy_maintenance"": 12341.2, ""energy_released_on_death"": 78.35, ""energy_reproduction_cost"": 324.0, ""energy_transferred_to_offspring"": 216.0}",59ab22e940cf99ce66df621d9e3f3cfc36eaf870e4102ebfff5a49d0e4378996
sensitivity,mutation.substitution_rate,0.05,mutation.substitution_rate=0.05,29,aa992c1456d9cdbc,phase-zero-vm-0.2,phase-one-measurement-0.1,2000,31,29,10,31,3,12,3,12,12,12,2,3606,9,30,30,0,0.0,496,4,-1.02e-08,"{""energy_exhausted_execution"": 1, ""vm_fault:division_without_complete_copy"": 1, ""vm_fault:invalid_program_address:8"": 2, ""vm_fault:invalid_register:7"": 5, ""vm_fault:invalid_register:8"": 1}","{""energy_captured"": 21080.25, ""energy_execution"": 180.1, ""energy_input"": 20000.0, ""energy_maintenance"": 12341.6, ""energy_released_on_death"": 80.25, ""energy_reproduction_cost"": 348.0, ""energy_transferred_to_offspring"": 232.0}",f355cf763067a52d86c2414a133378f068dc836400c68927d89eb8c8c61d278a
sensitivity,mutation.substitution_rate,0.05,mutation.substitution_rate=0.05,30,54d1b2f0b2204edc,phase-zero-vm-0.2,phase-one-measurement-0.1,2000,31,29,10,31,2,12,2,11,12,11,2,2721,10,31,31,0,0.0,496,4,-1.02e-08,"{""vm_fault:division_without_complete_copy"": 5, ""vm_fault:instruction_pointer_out_of_bounds:8"": 1, ""vm_fault:invalid_program_address:8"": 1, ""vm_fault:invalid_register:7"": 3}","{""energy_captured"": 21093.95, ""energy_execution"": 136.05, ""energy_input"": 20000.0, ""energy_maintenance"": 12336.6, ""energy_released_on_death"": 93.95, ""energy_reproduction_cost"": 348.0, ""energy_transferred_to_offspring"": 232.0}",3f0193585f484ff073f1ec88d7cbf507356e5fd3bcabce56141bd80b6b582562
